baseYmd,areaCd,areaNm,signguCd,signguNm,tAtsNm,cnctrRate
20250313,11,서울특별시,11110,종로구,가회민화박물관,92.99
20250314,11,서울특별시,11110,종로구,가회민화박물관,93.01
20250315,11,서울특별시,11110,종로구,가회민화박물관,99.99
20250316,11,서울특별시,11110,종로구,가회민화박물관,99.97
20250317,11,서울특별시,11110,종로구,가회민화박물관,91.18
20250318,11,서울특별시,11110,종로구,가회민화박물관,93.01
20250319,11,서울특별시,11110,종로구,가회민화박물관,92.99
20250320,11,서울특별시,11110,종로구,가회민화박물관,96.48
20250321,11,서울특별시,11110,종로구,가회민화박물관,96.48
20250322,11,서울특별시,11110,종로구,가회민화박물관,99.99
20250323,11,서울특별시,11110,종로구,가회민화박물관,99.98
20250324,11,서울특별시,11110,종로구,가회민화박물관,91.18
20250325,11,서울특별시,11110,종로구,가회민화박물관,93.01
20250326,11,서울특별시,11110,종로구,가회민화박물관,92.99
20250327,11,서울특별시,11110,종로구,가회민화박물관,96.48
20250328,11,서울특별시,11110,종로구,가회민화박물관,98.99
20250329,11,서울특별시,11110,종로구,가회민화박물관,99.99
20250330,11,서울특별시,11110,종로구,가회민화박물관,99.97
20250331,11,서울특별시,11110,종로구,가회민화박물관,91.19
20250401,11,서울특별시,11110,종로구,가회민화박물관,93.01
20250402,11,서울특별시,11110,종로구,가회민화박물관,92.99
20250403,11,서울특별시,11110,종로구,가회민화박물관,92.99
20250404,11,서울특별시,11110,종로구,가회민화박물관,99.14
20250405,11,서울특별시,11110,종로구,가회민화박물관,99.99
20250406,11,서울특별시,11110,종로구,가회민화박물관,99.98
20250407,11,서울특별시,11110,종로구,가회민화박물관,93.01
20250408,11,서울특별시,11110,종로구,가회민화박물관,92.99
20250409,11,서울특별시,11110,종로구,가회민화박물관,98.99
20250410,11,서울특별시,11110,종로구,가회민화박물관,98.99
20250411,11,서울특별시,11110,종로구,가회민화박물관,99.14
20250313,11,서울특별시,11110,종로구,감로암(서울),74.01
20250314,11,서울특별시,11110,종로구,감로암(서울),74.07
20250315,11,서울특별시,11110,종로구,감로암(서울),81.89
20250316,11,서울특별시,11110,종로구,감로암(서울),71.39
20250317,11,서울특별시,11110,종로구,감로암(서울),74.2
20250318,11,서울특별시,11110,종로구,감로암(서울),75.62
20250319,11,서울특별시,11110,종로구,감로암(서울),74.07
20250320,11,서울특별시,11110,종로구,감로암(서울),74.53
20250321,11,서울특별시,11110,종로구,감로암(서울),74.01
20250322,11,서울특별시,11110,종로구,감로암(서울),81.96
20250323,11,서울특별시,11110,종로구,감로암(서울),71.24
20250324,11,서울특별시,11110,종로구,감로암(서울),74.2
20250325,11,서울특별시,11110,종로구,감로암(서울),75.62
20250326,11,서울특별시,11110,종로구,감로암(서울),74.01
20250327,11,서울특별시,11110,종로구,감로암(서울),74.53
20250328,11,서울특별시,11110,종로구,감로암(서울),74.58
20250329,11,서울특별시,11110,종로구,감로암(서울),81.97
20250330,11,서울특별시,11110,종로구,감로암(서울),71.39
20250331,11,서울특별시,11110,종로구,감로암(서울),74.36
20250401,11,서울특별시,11110,종로구,감로암(서울),75.62
20250402,11,서울특별시,11110,종로구,감로암(서울),74.01
20250403,11,서울특별시,11110,종로구,감로암(서울),74.01
20250404,11,서울특별시,11110,종로구,감로암(서울),71.72
20250405,11,서울특별시,11110,종로구,감로암(서울),81.97
20250406,11,서울특별시,11110,종로구,감로암(서울),71.24
20250407,11,서울특별시,11110,종로구,감로암(서울),75.62
20250408,11,서울특별시,11110,종로구,감로암(서울),74.07
20250409,11,서울특별시,11110,종로구,감로암(서울),74.58
20250410,11,서울특별시,11110,종로구,감로암(서울),74.58
20250411,11,서울특별시,11110,종로구,감로암(서울),71.72
20250313,11,서울특별시,11110,종로구,경복궁,99.92
20250314,11,서울특별시,11110,종로구,경복궁,99.92
20250315,11,서울특별시,11110,종로구,경복궁,100
20250316,11,서울특별시,11110,종로구,경복궁,99.99
20250317,11,서울특별시,11110,종로구,경복궁,99.54
20250318,11,서울특별시,11110,종로구,경복궁,99.92
20250319,11,서울특별시,11110,종로구,경복궁,99.92
20250320,11,서울특별시,11110,종로구,경복궁,99.92
20250321,11,서울특별시,11110,종로구,경복궁,99.92
20250322,11,서울특별시,11110,종로구,경복궁,100
20250323,11,서울특별시,11110,종로구,경복궁,99.99
20250324,11,서울특별시,11110,종로구,경복궁,99.57
20250325,11,서울특별시,11110,종로구,경복궁,99.92
20250326,11,서울특별시,11110,종로구,경복궁,99.92
20250327,11,서울특별시,11110,종로구,경복궁,99.92
20250328,11,서울특별시,11110,종로구,경복궁,99.92
20250329,11,서울특별시,11110,종로구,경복궁,100
20250330,11,서울특별시,11110,종로구,경복궁,99.99
20250331,11,서울특별시,11110,종로구,경복궁,99.9
20250401,11,서울특별시,11110,종로구,경복궁,99.92
20250402,11,서울특별시,11110,종로구,경복궁,99.92
20250403,11,서울특별시,11110,종로구,경복궁,99.92
20250404,11,서울특별시,11110,종로구,경복궁,99.94
20250405,11,서울특별시,11110,종로구,경복궁,100
20250406,11,서울특별시,11110,종로구,경복궁,99.99
20250407,11,서울특별시,11110,종로구,경복궁,99.92
20250408,11,서울특별시,11110,종로구,경복궁,99.92
20250409,11,서울특별시,11110,종로구,경복궁,99.92
20250410,11,서울특별시,11110,종로구,경복궁,99.92
20250411,11,서울특별시,11110,종로구,경복궁,99.94
20250313,11,서울특별시,11110,종로구,경운동민병옥가옥,93.83
20250314,11,서울특별시,11110,종로구,경운동민병옥가옥,93.85
20250315,11,서울특별시,11110,종로구,경운동민병옥가옥,99.05
20250316,11,서울특별시,11110,종로구,경운동민병옥가옥,97.23
20250317,11,서울특별시,11110,종로구,경운동민병옥가옥,94.84
20250318,11,서울특별시,11110,종로구,경운동민병옥가옥,93.85
20250319,11,서울특별시,11110,종로구,경운동민병옥가옥,93.83
20250320,11,서울특별시,11110,종로구,경운동민병옥가옥,93.63
20250321,11,서울특별시,11110,종로구,경운동민병옥가옥,93.83
20250322,11,서울특별시,11110,종로구,경운동민병옥가옥,99.1
20250323,11,서울특별시,11110,종로구,경운동민병옥가옥,98.18
20250324,11,서울특별시,11110,종로구,경운동민병옥가옥,94.82
20250325,11,서울특별시,11110,종로구,경운동민병옥가옥,93.85
20250326,11,서울특별시,11110,종로구,경운동민병옥가옥,93.83
20250327,11,서울특별시,11110,종로구,경운동민병옥가옥,93.63
20250328,11,서울특별시,11110,종로구,경운동민병옥가옥,93.63
20250329,11,서울특별시,11110,종로구,경운동민병옥가옥,99.11
20250330,11,서울특별시,11110,종로구,경운동민병옥가옥,98.18
20250331,11,서울특별시,11110,종로구,경운동민병옥가옥,94.82
20250401,11,서울특별시,11110,종로구,경운동민병옥가옥,93.85
20250402,11,서울특별시,11110,종로구,경운동민병옥가옥,93.83
20250403,11,서울특별시,11110,종로구,경운동민병옥가옥,93.83
20250404,11,서울특별시,11110,종로구,경운동민병옥가옥,95.42
20250405,11,서울특별시,11110,종로구,경운동민병옥가옥,99.09
20250406,11,서울특별시,11110,종로구,경운동민병옥가옥,98.18
20250407,11,서울특별시,11110,종로구,경운동민병옥가옥,95.75
20250408,11,서울특별시,11110,종로구,경운동민병옥가옥,93.83
20250409,11,서울특별시,11110,종로구,경운동민병옥가옥,93.63
20250410,11,서울특별시,11110,종로구,경운동민병옥가옥,93.63
20250411,11,서울특별시,11110,종로구,경운동민병옥가옥,95.42
20250313,11,서울특별시,11110,종로구,경찰박물관,57.18
20250314,11,서울특별시,11110,종로구,경찰박물관,57.18
20250315,11,서울특별시,11110,종로구,경찰박물관,61.88
20250316,11,서울특별시,11110,종로구,경찰박물관,57.17
20250317,11,서울특별시,11110,종로구,경찰박물관,78.46
20250318,11,서울특별시,11110,종로구,경찰박물관,57.38
20250319,11,서울특별시,11110,종로구,경찰박물관,57.18
20250320,11,서울특별시,11110,종로구,경찰박물관,57.01
20250321,11,서울특별시,11110,종로구,경찰박물관,57.01
20250322,11,서울특별시,11110,종로구,경찰박물관,63.96
20250323,11,서울특별시,11110,종로구,경찰박물관,57.5
20250324,11,서울특별시,11110,종로구,경찰박물관,78.32
20250325,11,서울특별시,11110,종로구,경찰박물관,57.38
20250326,11,서울특별시,11110,종로구,경찰박물관,57.18
20250327,11,서울특별시,11110,종로구,경찰박물관,57.01
20250328,11,서울특별시,11110,종로구,경찰박물관,55.95
20250329,11,서울특별시,11110,종로구,경찰박물관,63.41
20250330,11,서울특별시,11110,종로구,경찰박물관,57.17
20250331,11,서울특별시,11110,종로구,경찰박물관,78.43
20250401,11,서울특별시,11110,종로구,경찰박물관,57.38
20250402,11,서울특별시,11110,종로구,경찰박물관,57.18
20250403,11,서울특별시,11110,종로구,경찰박물관,57.18
20250404,11,서울특별시,11110,종로구,경찰박물관,38.38
20250405,11,서울특별시,11110,종로구,경찰박물관,63.41
20250406,11,서울특별시,11110,종로구,경찰박물관,57.5
20250407,11,서울특별시,11110,종로구,경찰박물관,57.38
20250408,11,서울특별시,11110,종로구,경찰박물관,57.18
20250409,11,서울특별시,11110,종로구,경찰박물관,55.95
20250410,11,서울특별시,11110,종로구,경찰박물관,55.95
20250411,11,서울특별시,11110,종로구,경찰박물관,38.38
20250313,11,서울특별시,11110,종로구,경희궁,59.46
20250314,11,서울특별시,11110,종로구,경희궁,78.29
20250315,11,서울특별시,11110,종로구,경희궁,52.29
20250316,11,서울특별시,11110,종로구,경희궁,53.85
20250317,11,서울특별시,11110,종로구,경희궁,75.64
20250318,11,서울특별시,11110,종로구,경희궁,79.62
20250319,11,서울특별시,11110,종로구,경희궁,78.29
20250320,11,서울특별시,11110,종로구,경희궁,52.72
20250321,11,서울특별시,11110,종로구,경희궁,59.46
20250322,11,서울특별시,11110,종로구,경희궁,49.38
20250323,11,서울특별시,11110,종로구,경희궁,53.05
20250324,11,서울특별시,11110,종로구,경희궁,75.64
20250325,11,서울특별시,11110,종로구,경희궁,79.62
20250326,11,서울특별시,11110,종로구,경희궁,59.46
20250327,11,서울특별시,11110,종로구,경희궁,52.72
20250328,11,서울특별시,11110,종로구,경희궁,59.09
20250329,11,서울특별시,11110,종로구,경희궁,51.5
20250330,11,서울특별시,11110,종로구,경희궁,53.85
20250331,11,서울특별시,11110,종로구,경희궁,75.18
20250401,11,서울특별시,11110,종로구,경희궁,79.62
20250402,11,서울특별시,11110,종로구,경희궁,59.46
20250403,11,서울특별시,11110,종로구,경희궁,59.46
20250404,11,서울특별시,11110,종로구,경희궁,51.34
20250405,11,서울특별시,11110,종로구,경희궁,51.5
20250406,11,서울특별시,11110,종로구,경희궁,53.05
20250407,11,서울특별시,11110,종로구,경희궁,79.62
20250408,11,서울특별시,11110,종로구,경희궁,78.29
20250409,11,서울특별시,11110,종로구,경희궁,59.09
20250410,11,서울특별시,11110,종로구,경희궁,59.09
20250411,11,서울특별시,11110,종로구,경희궁,51.34
20250313,11,서울특별시,11110,종로구,광장시장,84.55
20250314,11,서울특별시,11110,종로구,광장시장,84.77
20250315,11,서울특별시,11110,종로구,광장시장,99.88
20250316,11,서울특별시,11110,종로구,광장시장,97.46
20250317,11,서울특별시,11110,종로구,광장시장,84.54
20250318,11,서울특별시,11110,종로구,광장시장,84.35
20250319,11,서울특별시,11110,종로구,광장시장,84.55
20250320,11,서울특별시,11110,종로구,광장시장,84.51
20250321,11,서울특별시,11110,종로구,광장시장,84.51
20250322,11,서울특별시,11110,종로구,광장시장,99.89
20250323,11,서울특별시,11110,종로구,광장시장,97.12
20250324,11,서울특별시,11110,종로구,광장시장,84.54
20250325,11,서울특별시,11110,종로구,광장시장,84.35
20250326,11,서울특별시,11110,종로구,광장시장,84.55
20250327,11,서울특별시,11110,종로구,광장시장,84.51
20250328,11,서울특별시,11110,종로구,광장시장,84.93
20250329,11,서울특별시,11110,종로구,광장시장,99.88
20250330,11,서울특별시,11110,종로구,광장시장,97.46
20250331,11,서울특별시,11110,종로구,광장시장,85.1
20250401,11,서울특별시,11110,종로구,광장시장,84.42
20250402,11,서울특별시,11110,종로구,광장시장,84.55
20250403,11,서울특별시,11110,종로구,광장시장,84.55
20250404,11,서울특별시,11110,종로구,광장시장,90.3
20250405,11,서울특별시,11110,종로구,광장시장,99.88
20250406,11,서울특별시,11110,종로구,광장시장,97.12
20250407,11,서울특별시,11110,종로구,광장시장,84.35
20250408,11,서울특별시,11110,종로구,광장시장,84.55
20250409,11,서울특별시,11110,종로구,광장시장,84.93
20250410,11,서울특별시,11110,종로구,광장시장,84.93
20250411,11,서울특별시,11110,종로구,광장시장,90.3
20250313,11,서울특별시,11110,종로구,광화문,99.16
20250314,11,서울특별시,11110,종로구,광화문,99.16
20250315,11,서울특별시,11110,종로구,광화문,100
20250316,11,서울특별시,11110,종로구,광화문,99.99
20250317,11,서울특별시,11110,종로구,광화문,99.44
20250318,11,서울특별시,11110,종로구,광화문,99.19
20250319,11,서울특별시,11110,종로구,광화문,99.15
20250320,11,서울특별시,11110,종로구,광화문,99.83
20250321,11,서울특별시,11110,종로구,광화문,99.16
20250322,11,서울특별시,11110,종로구,광화문,100
20250323,11,서울특별시,11110,종로구,광화문,99.99
20250324,11,서울특별시,11110,종로구,광화문,99.33
20250325,11,서울특별시,11110,종로구,광화문,99.19
20250326,11,서울특별시,11110,종로구,광화문,99.16
20250327,11,서울특별시,11110,종로구,광화문,99.83
20250328,11,서울특별시,11110,종로구,광화문,99.83
20250329,11,서울특별시,11110,종로구,광화문,100
20250330,11,서울특별시,11110,종로구,광화문,99.99
20250331,11,서울특별시,11110,종로구,광화문,99.33
20250401,11,서울특별시,11110,종로구,광화문,99.19
20250402,11,서울특별시,11110,종로구,광화문,99.15
20250403,11,서울특별시,11110,종로구,광화문,99.16
20250404,11,서울특별시,11110,종로구,광화문,99.61
20250405,11,서울특별시,11110,종로구,광화문,100
20250406,11,서울특별시,11110,종로구,광화문,99.99
20250407,11,서울특별시,11110,종로구,광화문,99.19
20250408,11,서울특별시,11110,종로구,광화문,99.15
20250409,11,서울특별시,11110,종로구,광화문,99.83
20250410,11,서울특별시,11110,종로구,광화문,99.83
20250411,11,서울특별시,11110,종로구,광화문,99.61
20250313,11,서울특별시,11110,종로구,광화문광장,95.75
20250314,11,서울특별시,11110,종로구,광화문광장,95.71
20250315,11,서울특별시,11110,종로구,광화문광장,98.2
20250316,11,서울특별시,11110,종로구,광화문광장,97.26
20250317,11,서울특별시,11110,종로구,광화문광장,84.44
20250318,11,서울특별시,11110,종로구,광화문광장,95.32
20250319,11,서울특별시,11110,종로구,광화문광장,95.75
20250320,11,서울특별시,11110,종로구,광화문광장,95.32
20250321,11,서울특별시,11110,종로구,광화문광장,95.75
20250322,11,서울특별시,11110,종로구,광화문광장,98.2
20250323,11,서울특별시,11110,종로구,광화문광장,95.95
20250324,11,서울특별시,11110,종로구,광화문광장,88.98
20250325,11,서울특별시,11110,종로구,광화문광장,95.32
20250326,11,서울특별시,11110,종로구,광화문광장,95.75
20250327,11,서울특별시,11110,종로구,광화문광장,95.32
20250328,11,서울특별시,11110,종로구,광화문광장,95.32
20250329,11,서울특별시,11110,종로구,광화문광장,98.2
20250330,11,서울특별시,11110,종로구,광화문광장,95.95
20250331,11,서울특별시,11110,종로구,광화문광장,90.34
20250401,11,서울특별시,11110,종로구,광화문광장,95.32
20250402,11,서울특별시,11110,종로구,광화문광장,95.75
20250403,11,서울특별시,11110,종로구,광화문광장,95.75
20250404,11,서울특별시,11110,종로구,광화문광장,95.32
20250405,11,서울특별시,11110,종로구,광화문광장,98.2
20250406,11,서울특별시,11110,종로구,광화문광장,95.95
20250407,11,서울특별시,11110,종로구,광화문광장,95.32
20250408,11,서울특별시,11110,종로구,광화문광장,95.75
20250409,11,서울특별시,11110,종로구,광화문광장,95.32
20250410,11,서울특별시,11110,종로구,광화문광장,95.32
20250411,11,서울특별시,11110,종로구,광화문광장,94.36
20250313,11,서울특별시,11110,종로구,구공업전습소본관,79.29
20250314,11,서울특별시,11110,종로구,구공업전습소본관,79.07
20250315,11,서울특별시,11110,종로구,구공업전습소본관,85.83
20250316,11,서울특별시,11110,종로구,구공업전습소본관,78.63
20250317,11,서울특별시,11110,종로구,구공업전습소본관,83.86
20250318,11,서울특별시,11110,종로구,구공업전습소본관,79.02
20250319,11,서울특별시,11110,종로구,구공업전습소본관,79.28
20250320,11,서울특별시,11110,종로구,구공업전습소본관,79.38
20250321,11,서울특별시,11110,종로구,구공업전습소본관,79.29
20250322,11,서울특별시,11110,종로구,구공업전습소본관,81.79
20250323,11,서울특별시,11110,종로구,구공업전습소본관,78.39
20250324,11,서울특별시,11110,종로구,구공업전습소본관,81.62
20250325,11,서울특별시,11110,종로구,구공업전습소본관,79.02
20250326,11,서울특별시,11110,종로구,구공업전습소본관,79.29
20250327,11,서울특별시,11110,종로구,구공업전습소본관,79.38
20250328,11,서울특별시,11110,종로구,구공업전습소본관,79.38
20250329,11,서울특별시,11110,종로구,구공업전습소본관,85.74
20250330,11,서울특별시,11110,종로구,구공업전습소본관,78.39
20250331,11,서울특별시,11110,종로구,구공업전습소본관,81.62
20250401,11,서울특별시,11110,종로구,구공업전습소본관,79.02
20250402,11,서울특별시,11110,종로구,구공업전습소본관,79.28
20250403,11,서울특별시,11110,종로구,구공업전습소본관,79.29
20250404,11,서울특별시,11110,종로구,구공업전습소본관,79.38
20250405,11,서울특별시,11110,종로구,구공업전습소본관,85.75
20250406,11,서울특별시,11110,종로구,구공업전습소본관,78.39
20250407,11,서울특별시,11110,종로구,구공업전습소본관,79.78
20250408,11,서울특별시,11110,종로구,구공업전습소본관,79.28
20250409,11,서울특별시,11110,종로구,구공업전습소본관,79.38
20250410,11,서울특별시,11110,종로구,구공업전습소본관,79.38
20250411,11,서울특별시,11110,종로구,구공업전습소본관,79.38
20250313,11,서울특별시,11110,종로구,국립고궁박물관,71.21
20250314,11,서울특별시,11110,종로구,국립고궁박물관,71.35
20250315,11,서울특별시,11110,종로구,국립고궁박물관,75.1
20250316,11,서울특별시,11110,종로구,국립고궁박물관,71.67
20250317,11,서울특별시,11110,종로구,국립고궁박물관,93.1
20250318,11,서울특별시,11110,종로구,국립고궁박물관,72.94
20250319,11,서울특별시,11110,종로구,국립고궁박물관,71.35
20250320,11,서울특별시,11110,종로구,국립고궁박물관,77.81
20250321,11,서울특별시,11110,종로구,국립고궁박물관,71.21
20250322,11,서울특별시,11110,종로구,국립고궁박물관,90.18
20250323,11,서울특별시,11110,종로구,국립고궁박물관,71.67
20250324,11,서울특별시,11110,종로구,국립고궁박물관,70.49
20250325,11,서울특별시,11110,종로구,국립고궁박물관,72.94
20250326,11,서울특별시,11110,종로구,국립고궁박물관,71.21
20250327,11,서울특별시,11110,종로구,국립고궁박물관,77.81
20250328,11,서울특별시,11110,종로구,국립고궁박물관,79.08
20250329,11,서울특별시,11110,종로구,국립고궁박물관,75.41
20250330,11,서울특별시,11110,종로구,국립고궁박물관,71.67
20250331,11,서울특별시,11110,종로구,국립고궁박물관,71.69
20250401,11,서울특별시,11110,종로구,국립고궁박물관,72.94
20250402,11,서울특별시,11110,종로구,국립고궁박물관,71.21
20250403,11,서울특별시,11110,종로구,국립고궁박물관,71.21
20250404,11,서울특별시,11110,종로구,국립고궁박물관,80.53
20250405,11,서울특별시,11110,종로구,국립고궁박물관,75.41
20250406,11,서울특별시,11110,종로구,국립고궁박물관,71.67
20250407,11,서울특별시,11110,종로구,국립고궁박물관,72.94
20250408,11,서울특별시,11110,종로구,국립고궁박물관,71.35
20250409,11,서울특별시,11110,종로구,국립고궁박물관,79.08
20250410,11,서울특별시,11110,종로구,국립고궁박물관,79.08
20250411,11,서울특별시,11110,종로구,국립고궁박물관,80.53
20250313,11,서울특별시,11110,종로구,국립어린이과학관,95.69
20250314,11,서울특별시,11110,종로구,국립어린이과학관,95.69
20250315,11,서울특별시,11110,종로구,국립어린이과학관,97.96
20250316,11,서울특별시,11110,종로구,국립어린이과학관,97.96
20250317,11,서울특별시,11110,종로구,국립어린이과학관,95.69
20250318,11,서울특별시,11110,종로구,국립어린이과학관,95.69
20250319,11,서울특별시,11110,종로구,국립어린이과학관,95.69
20250320,11,서울특별시,11110,종로구,국립어린이과학관,96.2
20250321,11,서울특별시,11110,종로구,국립어린이과학관,95.69
20250322,11,서울특별시,11110,종로구,국립어린이과학관,97.96
20250323,11,서울특별시,11110,종로구,국립어린이과학관,97.96
20250324,11,서울특별시,11110,종로구,국립어린이과학관,95.69
20250325,11,서울특별시,11110,종로구,국립어린이과학관,95.69
20250326,11,서울특별시,11110,종로구,국립어린이과학관,95.69
20250327,11,서울특별시,11110,종로구,국립어린이과학관,96.2
20250328,11,서울특별시,11110,종로구,국립어린이과학관,96.2
20250329,11,서울특별시,11110,종로구,국립어린이과학관,97.96
20250330,11,서울특별시,11110,종로구,국립어린이과학관,97.96
20250331,11,서울특별시,11110,종로구,국립어린이과학관,95.69
20250401,11,서울특별시,11110,종로구,국립어린이과학관,95.69
20250402,11,서울특별시,11110,종로구,국립어린이과학관,95.69
20250403,11,서울특별시,11110,종로구,국립어린이과학관,95.69
20250404,11,서울특별시,11110,종로구,국립어린이과학관,95.85
20250405,11,서울특별시,11110,종로구,국립어린이과학관,97.96
20250406,11,서울특별시,11110,종로구,국립어린이과학관,97.96
20250407,11,서울특별시,11110,종로구,국립어린이과학관,95.69
20250408,11,서울특별시,11110,종로구,국립어린이과학관,95.69
20250409,11,서울특별시,11110,종로구,국립어린이과학관,96.2
20250410,11,서울특별시,11110,종로구,국립어린이과학관,96.2
20250411,11,서울특별시,11110,종로구,국립어린이과학관,95.85
20250313,11,서울특별시,11110,종로구,국립현대미술관 서울,100
20250314,11,서울특별시,11110,종로구,국립현대미술관 서울,100
20250315,11,서울특별시,11110,종로구,국립현대미술관 서울,100
20250316,11,서울특별시,11110,종로구,국립현대미술관 서울,100
20250317,11,서울특별시,11110,종로구,국립현대미술관 서울,99.87
20250318,11,서울특별시,11110,종로구,국립현대미술관 서울,100
20250319,11,서울특별시,11110,종로구,국립현대미술관 서울,100
20250320,11,서울특별시,11110,종로구,국립현대미술관 서울,100
20250321,11,서울특별시,11110,종로구,국립현대미술관 서울,100
20250322,11,서울특별시,11110,종로구,국립현대미술관 서울,100
20250323,11,서울특별시,11110,종로구,국립현대미술관 서울,100
20250324,11,서울특별시,11110,종로구,국립현대미술관 서울,99.87
20250325,11,서울특별시,11110,종로구,국립현대미술관 서울,100
20250326,11,서울특별시,11110,종로구,국립현대미술관 서울,100
20250327,11,서울특별시,11110,종로구,국립현대미술관 서울,100
20250328,11,서울특별시,11110,종로구,국립현대미술관 서울,100
20250329,11,서울특별시,11110,종로구,국립현대미술관 서울,100
20250330,11,서울특별시,11110,종로구,국립현대미술관 서울,100
20250331,11,서울특별시,11110,종로구,국립현대미술관 서울,99.94
20250401,11,서울특별시,11110,종로구,국립현대미술관 서울,100
20250402,11,서울특별시,11110,종로구,국립현대미술관 서울,100
20250403,11,서울특별시,11110,종로구,국립현대미술관 서울,100
20250404,11,서울특별시,11110,종로구,국립현대미술관 서울,100
20250405,11,서울특별시,11110,종로구,국립현대미술관 서울,100
20250406,11,서울특별시,11110,종로구,국립현대미술관 서울,100
20250407,11,서울특별시,11110,종로구,국립현대미술관 서울,100
20250408,11,서울특별시,11110,종로구,국립현대미술관 서울,100
20250409,11,서울특별시,11110,종로구,국립현대미술관 서울,100
20250410,11,서울특별시,11110,종로구,국립현대미술관 서울,100
20250411,11,서울특별시,11110,종로구,국립현대미술관 서울,100
20250313,11,서울특별시,11110,종로구,그라운드시소 서촌,77.4
20250314,11,서울특별시,11110,종로구,그라운드시소 서촌,77.72
20250315,11,서울특별시,11110,종로구,그라운드시소 서촌,94.83
20250316,11,서울특별시,11110,종로구,그라운드시소 서촌,92.57
20250317,11,서울특별시,11110,종로구,그라운드시소 서촌,78.24
20250318,11,서울특별시,11110,종로구,그라운드시소 서촌,80.85
20250319,11,서울특별시,11110,종로구,그라운드시소 서촌,77.4
20250320,11,서울특별시,11110,종로구,그라운드시소 서촌,85.57
20250321,11,서울특별시,11110,종로구,그라운드시소 서촌,85.57
20250322,11,서울특별시,11110,종로구,그라운드시소 서촌,96.83
20250313,11,서울특별시,11140,중구,간송미술관(서울 보화각),93.09
20250314,11,서울특별시,11140,중구,간송미술관(서울 보화각),93.02
20250315,11,서울특별시,11140,중구,간송미술관(서울 보화각),98.89
20250316,11,서울특별시,11140,중구,간송미술관(서울 보화각),97.9
20250317,11,서울특별시,11140,중구,간송미술관(서울 보화각),94.28
20250318,11,서울특별시,11140,중구,간송미술관(서울 보화각),94.53
20250319,11,서울특별시,11140,중구,간송미술관(서울 보화각),93.9
20250320,11,서울특별시,11140,중구,간송미술관(서울 보화각),93.02
20250321,11,서울특별시,11140,중구,간송미술관(서울 보화각),93.02
20250322,11,서울특별시,11140,중구,간송미술관(서울 보화각),98.53
20250323,11,서울특별시,11140,중구,간송미술관(서울 보화각),96.32
20250324,11,서울특별시,11140,중구,간송미술관(서울 보화각),94.53
20250325,11,서울특별시,11140,중구,간송미술관(서울 보화각),94.53
20250326,11,서울특별시,11140,중구,간송미술관(서울 보화각),93.9
20250327,11,서울특별시,11140,중구,간송미술관(서울 보화각),93.02
20250328,11,서울특별시,11140,중구,간송미술관(서울 보화각),93.87
20250329,11,서울특별시,11140,중구,간송미술관(서울 보화각),98.54
20250330,11,서울특별시,11140,중구,간송미술관(서울 보화각),96.32
20250331,11,서울특별시,11140,중구,간송미술관(서울 보화각),94.28
20250401,11,서울특별시,11140,중구,간송미술관(서울 보화각),94.52
20250402,11,서울특별시,11140,중구,간송미술관(서울 보화각),93.9
20250403,11,서울특별시,11140,중구,간송미술관(서울 보화각),93.02
20250404,11,서울특별시,11140,중구,간송미술관(서울 보화각),93.87
20250405,11,서울특별시,11140,중구,간송미술관(서울 보화각),98.54
20250406,11,서울특별시,11140,중구,간송미술관(서울 보화각),97.85
20250407,11,서울특별시,11140,중구,간송미술관(서울 보화각),94.53
20250408,11,서울특별시,11140,중구,간송미술관(서울 보화각),94.04
20250409,11,서울특별시,11140,중구,간송미술관(서울 보화각),93.9
20250410,11,서울특별시,11140,중구,간송미술관(서울 보화각),93.43
20250411,11,서울특별시,11140,중구,간송미술관(서울 보화각),93.87
20250313,11,서울특별시,11140,중구,광희문,81.42
20250314,11,서울특별시,11140,중구,광희문,80.15
20250315,11,서울특별시,11140,중구,광희문,77.39
20250316,11,서울특별시,11140,중구,광희문,84.52
20250317,11,서울특별시,11140,중구,광희문,80.02
20250318,11,서울특별시,11140,중구,광희문,80.72
20250319,11,서울특별시,11140,중구,광희문,79.94
20250320,11,서울특별시,11140,중구,광희문,80.15
20250321,11,서울특별시,11140,중구,광희문,80.15
20250322,11,서울특별시,11140,중구,광희문,85.28
20250323,11,서울특별시,11140,중구,광희문,85.92
20250324,11,서울특별시,11140,중구,광희문,80.72
20250325,11,서울특별시,11140,중구,광희문,80.72
20250326,11,서울특별시,11140,중구,광희문,79.94
20250327,11,서울특별시,11140,중구,광희문,80.15
20250328,11,서울특별시,11140,중구,광희문,78.97
20250329,11,서울특별시,11140,중구,광희문,85.28
20250330,11,서울특별시,11140,중구,광희문,85.92
20250331,11,서울특별시,11140,중구,광희문,80.02
20250401,11,서울특별시,11140,중구,광희문,80.51
20250402,11,서울특별시,11140,중구,광희문,79.94
20250403,11,서울특별시,11140,중구,광희문,81.45
20250404,11,서울특별시,11140,중구,광희문,79.94
20250405,11,서울특별시,11140,중구,광희문,77.39
20250406,11,서울특별시,11140,중구,광희문,85.92
20250407,11,서울특별시,11140,중구,광희문,80.72
20250408,11,서울특별시,11140,중구,광희문,79.25
20250409,11,서울특별시,11140,중구,광희문,79.62
20250410,11,서울특별시,11140,중구,광희문,78.51
20250411,11,서울특별시,11140,중구,광희문,79.94
20250313,11,서울특별시,11140,중구,국립 정동극장,93.42
20250314,11,서울특별시,11140,중구,국립 정동극장,89.8
20250315,11,서울특별시,11140,중구,국립 정동극장,91.76
20250316,11,서울특별시,11140,중구,국립 정동극장,89.63
20250317,11,서울특별시,11140,중구,국립 정동극장,91.49
20250318,11,서울특별시,11140,중구,국립 정동극장,92.13
20250319,11,서울특별시,11140,중구,국립 정동극장,89.78
20250320,11,서울특별시,11140,중구,국립 정동극장,89.8
20250321,11,서울특별시,11140,중구,국립 정동극장,89.8
20250322,11,서울특별시,11140,중구,국립 정동극장,91.82
20250323,11,서울특별시,11140,중구,국립 정동극장,89.63
20250324,11,서울특별시,11140,중구,국립 정동극장,91.49
20250325,11,서울특별시,11140,중구,국립 정동극장,91.49
20250326,11,서울특별시,11140,중구,국립 정동극장,89.8
20250327,11,서울특별시,11140,중구,국립 정동극장,89.8
20250328,11,서울특별시,11140,중구,국립 정동극장,89.8
20250329,11,서울특별시,11140,중구,국립 정동극장,91.85
20250330,11,서울특별시,11140,중구,국립 정동극장,89.61
20250331,11,서울특별시,11140,중구,국립 정동극장,91.59
20250401,11,서울특별시,11140,중구,국립 정동극장,92.13
20250402,11,서울특별시,11140,중구,국립 정동극장,89.78
20250403,11,서울특별시,11140,중구,국립 정동극장,89.8
20250404,11,서울특별시,11140,중구,국립 정동극장,89.8
20250405,11,서울특별시,11140,중구,국립 정동극장,91.76
20250406,11,서울특별시,11140,중구,국립 정동극장,89.63
20250407,11,서울특별시,11140,중구,국립 정동극장,92.13
20250408,11,서울특별시,11140,중구,국립 정동극장,92.12
20250409,11,서울특별시,11140,중구,국립 정동극장,88.94
20250410,11,서울특별시,11140,중구,국립 정동극장,89.8
20250411,11,서울특별시,11140,중구,국립 정동극장,89.8
20250313,11,서울특별시,11140,중구,국토발전전시관,91.46
20250314,11,서울특별시,11140,중구,국토발전전시관,92.04
20250315,11,서울특별시,11140,중구,국토발전전시관,59.83
20250316,11,서울특별시,11140,중구,국토발전전시관,85.08
20250317,11,서울특별시,11140,중구,국토발전전시관,94.3
20250318,11,서울특별시,11140,중구,국토발전전시관,89.86
20250319,11,서울특별시,11140,중구,국토발전전시관,88.28
20250320,11,서울특별시,11140,중구,국토발전전시관,92.04
20250321,11,서울특별시,11140,중구,국토발전전시관,92.04
20250322,11,서울특별시,11140,중구,국토발전전시관,33.68
20250323,11,서울특별시,11140,중구,국토발전전시관,88.6
20250324,11,서울특별시,11140,중구,국토발전전시관,94.3
20250325,11,서울특별시,11140,중구,국토발전전시관,94.3
20250326,11,서울특별시,11140,중구,국토발전전시관,88.28
20250327,11,서울특별시,11140,중구,국토발전전시관,92.04
20250328,11,서울특별시,11140,중구,국토발전전시관,89.06
20250329,11,서울특별시,11140,중구,국토발전전시관,37.23
20250330,11,서울특별시,11140,중구,국토발전전시관,88.6
20250331,11,서울특별시,11140,중구,국토발전전시관,93.13
20250401,11,서울특별시,11140,중구,국토발전전시관,89.86
20250402,11,서울특별시,11140,중구,국토발전전시관,88.28
20250403,11,서울특별시,11140,중구,국토발전전시관,92.08
20250404,11,서울특별시,11140,중구,국토발전전시관,88.28
20250405,11,서울특별시,11140,중구,국토발전전시관,64.63
20250406,11,서울특별시,11140,중구,국토발전전시관,89.48
20250407,11,서울특별시,11140,중구,국토발전전시관,89.86
20250408,11,서울특별시,11140,중구,국토발전전시관,91.71
20250409,11,서울특별시,11140,중구,국토발전전시관,87.28
20250410,11,서울특별시,11140,중구,국토발전전시관,89.06
20250411,11,서울특별시,11140,중구,국토발전전시관,88.28
20250313,11,서울특별시,11140,중구,기억의 터(일본군 위안부),99.98
20250314,11,서울특별시,11140,중구,기억의 터(일본군 위안부),99.98
20250315,11,서울특별시,11140,중구,기억의 터(일본군 위안부),99.99
20250316,11,서울특별시,11140,중구,기억의 터(일본군 위안부),99.99
20250317,11,서울특별시,11140,중구,기억의 터(일본군 위안부),99.98
20250318,11,서울특별시,11140,중구,기억의 터(일본군 위안부),99.98
20250319,11,서울특별시,11140,중구,기억의 터(일본군 위안부),99.98
20250320,11,서울특별시,11140,중구,기억의 터(일본군 위안부),99.98
20250321,11,서울특별시,11140,중구,기억의 터(일본군 위안부),99.98
20250322,11,서울특별시,11140,중구,기억의 터(일본군 위안부),99.99
20250323,11,서울특별시,11140,중구,기억의 터(일본군 위안부),99.99
20250324,11,서울특별시,11140,중구,기억의 터(일본군 위안부),99.98
20250325,11,서울특별시,11140,중구,기억의 터(일본군 위안부),99.98
20250326,11,서울특별시,11140,중구,기억의 터(일본군 위안부),99.98
20250327,11,서울특별시,11140,중구,기억의 터(일본군 위안부),99.98
20250328,11,서울특별시,11140,중구,기억의 터(일본군 위안부),99.98
20250329,11,서울특별시,11140,중구,기억의 터(일본군 위안부),99.99
20250330,11,서울특별시,11140,중구,기억의 터(일본군 위안부),99.99
20250331,11,서울특별시,11140,중구,기억의 터(일본군 위안부),99.98
20250401,11,서울특별시,11140,중구,기억의 터(일본군 위안부),99.98
20250402,11,서울특별시,11140,중구,기억의 터(일본군 위안부),99.98
20250403,11,서울특별시,11140,중구,기억의 터(일본군 위안부),99.98
20250404,11,서울특별시,11140,중구,기억의 터(일본군 위안부),99.98
20250405,11,서울특별시,11140,중구,기억의 터(일본군 위안부),99.99
20250406,11,서울특별시,11140,중구,기억의 터(일본군 위안부),99.99
20250407,11,서울특별시,11140,중구,기억의 터(일본군 위안부),99.98
20250408,11,서울특별시,11140,중구,기억의 터(일본군 위안부),99.98
20250409,11,서울특별시,11140,중구,기억의 터(일본군 위안부),99.98
20250410,11,서울특별시,11140,중구,기억의 터(일본군 위안부),99.98
20250411,11,서울특별시,11140,중구,기억의 터(일본군 위안부),99.98
20250313,11,서울특별시,11140,중구,남대문시장,95.18
20250314,11,서울특별시,11140,중구,남대문시장,91.24
20250315,11,서울특별시,11140,중구,남대문시장,96.48
20250316,11,서울특별시,11140,중구,남대문시장,95.47
20250317,11,서울특별시,11140,중구,남대문시장,95.14
20250318,11,서울특별시,11140,중구,남대문시장,95.14
20250319,11,서울특별시,11140,중구,남대문시장,93.96
20250320,11,서울특별시,11140,중구,남대문시장,91.24
20250321,11,서울특별시,11140,중구,남대문시장,94.68
20250322,11,서울특별시,11140,중구,남대문시장,97.28
20250323,11,서울특별시,11140,중구,남대문시장,95.36
20250324,11,서울특별시,11140,중구,남대문시장,95.14
20250325,11,서울특별시,11140,중구,남대문시장,95.14
20250326,11,서울특별시,11140,중구,남대문시장,94.74
20250327,11,서울특별시,11140,중구,남대문시장,91.24
20250328,11,서울특별시,11140,중구,남대문시장,94.68
20250329,11,서울특별시,11140,중구,남대문시장,97.28
20250330,11,서울특별시,11140,중구,남대문시장,95.31
20250331,11,서울특별시,11140,중구,남대문시장,95.16
20250401,11,서울특별시,11140,중구,남대문시장,95.14
20250402,11,서울특별시,11140,중구,남대문시장,93.96
20250403,11,서울특별시,11140,중구,남대문시장,91.24
20250404,11,서울특별시,11140,중구,남대문시장,94.74
20250405,11,서울특별시,11140,중구,남대문시장,96.48
20250406,11,서울특별시,11140,중구,남대문시장,95.36
20250407,11,서울특별시,11140,중구,남대문시장,95.14
20250408,11,서울특별시,11140,중구,남대문시장,95.16
20250409,11,서울특별시,11140,중구,남대문시장,95.07
20250410,11,서울특별시,11140,중구,남대문시장,94.68
20250411,11,서울특별시,11140,중구,남대문시장,94.74
20250313,11,서울특별시,11140,중구,남산 케이블카,75.44
20250314,11,서울특별시,11140,중구,남산 케이블카,71.59
20250315,11,서울특별시,11140,중구,남산 케이블카,76.11
20250316,11,서울특별시,11140,중구,남산 케이블카,69.65
20250317,11,서울특별시,11140,중구,남산 케이블카,73.02
20250318,11,서울특별시,11140,중구,남산 케이블카,73.08
20250319,11,서울특별시,11140,중구,남산 케이블카,72.36
20250320,11,서울특별시,11140,중구,남산 케이블카,71.59
20250321,11,서울특별시,11140,중구,남산 케이블카,71.59
20250322,11,서울특별시,11140,중구,남산 케이블카,71
20250323,11,서울특별시,11140,중구,남산 케이블카,71.13
20250324,11,서울특별시,11140,중구,남산 케이블카,73.08
20250325,11,서울특별시,11140,중구,남산 케이블카,73.08
20250326,11,서울특별시,11140,중구,남산 케이블카,72.36
20250327,11,서울특별시,11140,중구,남산 케이블카,71.59
20250328,11,서울특별시,11140,중구,남산 케이블카,71.58
20250329,11,서울특별시,11140,중구,남산 케이블카,78.72
20250330,11,서울특별시,11140,중구,남산 케이블카,71.13
20250331,11,서울특별시,11140,중구,남산 케이블카,73.02
20250401,11,서울특별시,11140,중구,남산 케이블카,73.14
20250402,11,서울특별시,11140,중구,남산 케이블카,72.36
20250403,11,서울특별시,11140,중구,남산 케이블카,71.59
20250404,11,서울특별시,11140,중구,남산 케이블카,72.36
20250405,11,서울특별시,11140,중구,남산 케이블카,76.11
20250406,11,서울특별시,11140,중구,남산 케이블카,71.13
20250407,11,서울특별시,11140,중구,남산 케이블카,73.08
20250408,11,서울특별시,11140,중구,남산 케이블카,73.1
20250409,11,서울특별시,11140,중구,남산 케이블카,70.71
20250410,11,서울특별시,11140,중구,남산 케이블카,71.59
20250411,11,서울특별시,11140,중구,남산 케이블카,72.36
20250313,11,서울특별시,11140,중구,남산골한옥마을,88.9
20250314,11,서울특별시,11140,중구,남산골한옥마을,86.99
20250315,11,서울특별시,11140,중구,남산골한옥마을,78.15
20250316,11,서울특별시,11140,중구,남산골한옥마을,82.28
20250317,11,서울특별시,11140,중구,남산골한옥마을,73.33
20250318,11,서울특별시,11140,중구,남산골한옥마을,73.31
20250319,11,서울특별시,11140,중구,남산골한옥마을,88.5
20250320,11,서울특별시,11140,중구,남산골한옥마을,86.99
20250321,11,서울특별시,11140,중구,남산골한옥마을,95.89
20250322,11,서울특별시,11140,중구,남산골한옥마을,91.8
20250323,11,서울특별시,11140,중구,남산골한옥마을,84.17
20250324,11,서울특별시,11140,중구,남산골한옥마을,73.33
20250325,11,서울특별시,11140,중구,남산골한옥마을,73.33
20250326,11,서울특별시,11140,중구,남산골한옥마을,89.32
20250327,11,서울특별시,11140,중구,남산골한옥마을,86.99
20250328,11,서울특별시,11140,중구,남산골한옥마을,95.89
20250329,11,서울특별시,11140,중구,남산골한옥마을,91.45
20250330,11,서울특별시,11140,중구,남산골한옥마을,84.29
20250331,11,서울특별시,11140,중구,남산골한옥마을,73.26
20250401,11,서울특별시,11140,중구,남산골한옥마을,73.31
20250402,11,서울특별시,11140,중구,남산골한옥마을,88.5
20250403,11,서울특별시,11140,중구,남산골한옥마을,86.99
20250404,11,서울특별시,11140,중구,남산골한옥마을,89.32
20250405,11,서울특별시,11140,중구,남산골한옥마을,78.15
20250406,11,서울특별시,11140,중구,남산골한옥마을,84.17
20250407,11,서울특별시,11140,중구,남산골한옥마을,73.31
20250408,11,서울특별시,11140,중구,남산골한옥마을,79.78
20250409,11,서울특별시,11140,중구,남산골한옥마을,85.9
20250410,11,서울특별시,11140,중구,남산골한옥마을,95.89
20250411,11,서울특별시,11140,중구,남산골한옥마을,89.32
20250313,11,서울특별시,11140,중구,남산공원(서울),86.28
20250314,11,서울특별시,11140,중구,남산공원(서울),87.13
20250315,11,서울특별시,11140,중구,남산공원(서울),73.76
20250316,11,서울특별시,11140,중구,남산공원(서울),85.68
20250317,11,서울특별시,11140,중구,남산공원(서울),88.19
20250318,11,서울특별시,11140,중구,남산공원(서울),87.69
20250319,11,서울특별시,11140,중구,남산공원(서울),84.81
20250320,11,서울특별시,11140,중구,남산공원(서울),87.13
20250321,11,서울특별시,11140,중구,남산공원(서울),87.13
20250322,11,서울특별시,11140,중구,남산공원(서울),73.35
20250323,11,서울특별시,11140,중구,남산공원(서울),84
20250324,11,서울특별시,11140,중구,남산공원(서울),87.69
20250325,11,서울특별시,11140,중구,남산공원(서울),87.69
20250326,11,서울특별시,11140,중구,남산공원(서울),84.81
20250327,11,서울특별시,11140,중구,남산공원(서울),87.13
20250328,11,서울특별시,11140,중구,남산공원(서울),86.95
20250329,11,서울특별시,11140,중구,남산공원(서울),73.35
20250330,11,서울특별시,11140,중구,남산공원(서울),84
20250331,11,서울특별시,11140,중구,남산공원(서울),88.19
20250401,11,서울특별시,11140,중구,남산공원(서울),87.7
20250402,11,서울특별시,11140,중구,남산공원(서울),84.81
20250403,11,서울특별시,11140,중구,남산공원(서울),87.13
20250404,11,서울특별시,11140,중구,남산공원(서울),86.95
20250405,11,서울특별시,11140,중구,남산공원(서울),73.35
20250406,11,서울특별시,11140,중구,남산공원(서울),84
20250407,11,서울특별시,11140,중구,남산공원(서울),87.69
20250408,11,서울특별시,11140,중구,남산공원(서울),89.08
20250409,11,서울특별시,11140,중구,남산공원(서울),84.81
20250410,11,서울특별시,11140,중구,남산공원(서울),86.82
20250411,11,서울특별시,11140,중구,남산공원(서울),86.95
20250313,11,서울특별시,11140,중구,남산예술센터,93.47
20250314,11,서울특별시,11140,중구,남산예술센터,93.48
20250315,11,서울특별시,11140,중구,남산예술센터,97.15
20250316,11,서울특별시,11140,중구,남산예술센터,96.97
20250317,11,서울특별시,11140,중구,남산예술센터,93.38
20250318,11,서울특별시,11140,중구,남산예술센터,93.38
20250319,11,서울특별시,11140,중구,남산예술센터,96.43
20250320,11,서울특별시,11140,중구,남산예술센터,93.48
20250321,11,서울특별시,11140,중구,남산예술센터,93.48
20250322,11,서울특별시,11140,중구,남산예술센터,97.13
20250323,11,서울특별시,11140,중구,남산예술센터,96.96
20250324,11,서울특별시,11140,중구,남산예술센터,93.38
20250325,11,서울특별시,11140,중구,남산예술센터,93.38
20250326,11,서울특별시,11140,중구,남산예술센터,96.43
20250327,11,서울특별시,11140,중구,남산예술센터,93.48
20250328,11,서울특별시,11140,중구,남산예술센터,94.21
20250329,11,서울특별시,11140,중구,남산예술센터,97.08
20250330,11,서울특별시,11140,중구,남산예술센터,96.96
20250331,11,서울특별시,11140,중구,남산예술센터,93.38
20250401,11,서울특별시,11140,중구,남산예술센터,93.38
20250402,11,서울특별시,11140,중구,남산예술센터,96.43
20250403,11,서울특별시,11140,중구,남산예술센터,93.48
20250404,11,서울특별시,11140,중구,남산예술센터,94.09
20250405,11,서울특별시,11140,중구,남산예술센터,97.13
20250406,11,서울특별시,11140,중구,남산예술센터,96.96
20250407,11,서울특별시,11140,중구,남산예술센터,93.38
20250408,11,서울특별시,11140,중구,남산예술센터,93.38
20250409,11,서울특별시,11140,중구,남산예술센터,96.41
20250410,11,서울특별시,11140,중구,남산예술센터,94.21
20250411,11,서울특별시,11140,중구,남산예술센터,94.09
20250313,11,서울특별시,11140,중구,농업박물관,95.72
20250314,11,서울특별시,11140,중구,농업박물관,95.98
20250315,11,서울특별시,11140,중구,농업박물관,47
20250316,11,서울특별시,11140,중구,농업박물관,43.38
20250317,11,서울특별시,11140,중구,농업박물관,91.17
20250318,11,서울특별시,11140,중구,농업박물관,90.32
20250319,11,서울특별시,11140,중구,농업박물관,62.09
20250320,11,서울특별시,11140,중구,농업박물관,95.98
20250321,11,서울특별시,11140,중구,농업박물관,95.98
20250322,11,서울특별시,11140,중구,농업박물관,46.93
20250323,11,서울특별시,11140,중구,농업박물관,47.63
20250324,11,서울특별시,11140,중구,농업박물관,90.32
20250325,11,서울특별시,11140,중구,농업박물관,90.32
20250326,11,서울특별시,11140,중구,농업박물관,62.09
20250327,11,서울특별시,11140,중구,농업박물관,95.98
20250328,11,서울특별시,11140,중구,농업박물관,86.19
20250329,11,서울특별시,11140,중구,농업박물관,41.34
20250330,11,서울특별시,11140,중구,농업박물관,47.63
20250331,11,서울특별시,11140,중구,농업박물관,91.17
20250401,11,서울특별시,11140,중구,농업박물관,90.32
20250402,11,서울특별시,11140,중구,농업박물관,62.09
20250403,11,서울특별시,11140,중구,농업박물관,95.98
20250404,11,서울특별시,11140,중구,농업박물관,62.09
20250405,11,서울특별시,11140,중구,농업박물관,47.01
20250406,11,서울특별시,11140,중구,농업박물관,47.63
20250407,11,서울특별시,11140,중구,농업박물관,90.32
20250408,11,서울특별시,11140,중구,농업박물관,94.21
20250409,11,서울특별시,11140,중구,농업박물관,80.39
20250410,11,서울특별시,11140,중구,농업박물관,86.19
20250411,11,서울특별시,11140,중구,농업박물관,62.09
20250313,11,서울특별시,11140,중구,덕수궁,91.4
20250314,11,서울특별시,11140,중구,덕수궁,91.4
20250315,11,서울특별시,11140,중구,덕수궁,94.05
20250316,11,서울특별시,11140,중구,덕수궁,93.52
20250317,11,서울특별시,11140,중구,덕수궁,93.07
20250318,11,서울특별시,11140,중구,덕수궁,93.03
20250319,11,서울특별시,11140,중구,덕수궁,91.35
20250320,11,서울특별시,11140,중구,덕수궁,91.4
20250321,11,서울특별시,11140,중구,덕수궁,91.4
20250322,11,서울특별시,11140,중구,덕수궁,91.2
20250323,11,서울특별시,11140,중구,덕수궁,93.41
20250324,11,서울특별시,11140,중구,덕수궁,93.03
20250325,11,서울특별시,11140,중구,덕수궁,93.03
20250326,11,서울특별시,11140,중구,덕수궁,91.35
20250327,11,서울특별시,11140,중구,덕수궁,91.4
20250328,11,서울특별시,11140,중구,덕수궁,91.36
20250329,11,서울특별시,11140,중구,덕수궁,91.27
20250330,11,서울특별시,11140,중구,덕수궁,93.41
20250331,11,서울특별시,11140,중구,덕수궁,93.07
20250401,11,서울특별시,11140,중구,덕수궁,93.36
20250402,11,서울특별시,11140,중구,덕수궁,91.35
20250403,11,서울특별시,11140,중구,덕수궁,91.4
20250404,11,서울특별시,11140,중구,덕수궁,91.36
20250405,11,서울특별시,11140,중구,덕수궁,93.89
20250406,11,서울특별시,11140,중구,덕수궁,93.31
20250407,11,서울특별시,11140,중구,덕수궁,93.03
20250408,11,서울특별시,11140,중구,덕수궁,93.33
20250409,11,서울특별시,11140,중구,덕수궁,88.79
20250410,11,서울특별시,11140,중구,덕수궁,91.36
20250411,11,서울특별시,11140,중구,덕수궁,91.36
20250313,11,서울특별시,11140,중구,동대문역사문화공원,85.59
20250314,11,서울특별시,11140,중구,동대문역사문화공원,85.59
20250315,11,서울특별시,11140,중구,동대문역사문화공원,93.4
20250316,11,서울특별시,11140,중구,동대문역사문화공원,87.87
20250317,11,서울특별시,11140,중구,동대문역사문화공원,86.15
20250318,11,서울특별시,11140,중구,동대문역사문화공원,86.15
20250319,11,서울특별시,11140,중구,동대문역사문화공원,87.98
20250320,11,서울특별시,11140,중구,동대문역사문화공원,85.59
20250321,11,서울특별시,11140,중구,동대문역사문화공원,88.13
20250322,11,서울특별시,11140,중구,동대문역사문화공원,93.4
20250323,11,서울특별시,11140,중구,동대문역사문화공원,87.85
20250324,11,서울특별시,11140,중구,동대문역사문화공원,86.15
20250325,11,서울특별시,11140,중구,동대문역사문화공원,86.15
20250326,11,서울특별시,11140,중구,동대문역사문화공원,87.98
20250327,11,서울특별시,11140,중구,동대문역사문화공원,85.59
20250328,11,서울특별시,11140,중구,동대문역사문화공원,88.16
20250329,11,서울특별시,11140,중구,동대문역사문화공원,93.41
20250330,11,서울특별시,11140,중구,동대문역사문화공원,87.88
20250331,11,서울특별시,11140,중구,동대문역사문화공원,86.15
20250401,11,서울특별시,11140,중구,동대문역사문화공원,86.18
20250402,11,서울특별시,11140,중구,동대문역사문화공원,87.98
20250403,11,서울특별시,11140,중구,동대문역사문화공원,85.59
20250404,11,서울특별시,11140,중구,동대문역사문화공원,87.98
20250405,11,서울특별시,11140,중구,동대문역사문화공원,93.4
20250406,11,서울특별시,11140,중구,동대문역사문화공원,87.85
20250407,11,서울특별시,11140,중구,동대문역사문화공원,86.15
20250408,11,서울특별시,11140,중구,동대문역사문화공원,87.18
20250409,11,서울특별시,11140,중구,동대문역사문화공원,86.55
20250410,11,서울특별시,11140,중구,동대문역사문화공원,88.13
20250411,11,서울특별시,11140,중구,동대문역사문화공원,87.98
20250313,11,서울특별시,11140,중구,명동,96.44
20250314,11,서울특별시,11140,중구,명동,95.9
20250315,11,서울특별시,11140,중구,명동,98.77
20250316,11,서울특별시,11140,중구,명동,98.49
20250317,11,서울특별시,11140,중구,명동,96.27
20250318,11,서울특별시,11140,중구,명동,96.67
20250319,11,서울특별시,11140,중구,명동,94.61
20250320,11,서울특별시,11140,중구,명동,95.9
20250321,11,서울특별시,11140,중구,명동,95.9
20250322,11,서울특별시,11140,중구,명동,98.67
20250313,11,서울특별시,11170,용산구,국립중앙박물관,83.35
20250314,11,서울특별시,11170,용산구,국립중앙박물관,66.42
20250315,11,서울특별시,11170,용산구,국립중앙박물관,88.63
20250316,11,서울특별시,11170,용산구,국립중앙박물관,87.85
20250317,11,서울특별시,11170,용산구,국립중앙박물관,66.86
20250318,11,서울특별시,11170,용산구,국립중앙박물관,66.86
20250319,11,서울특별시,11170,용산구,국립중앙박물관,83.35
20250320,11,서울특별시,11170,용산구,국립중앙박물관,80.81
20250321,11,서울특별시,11170,용산구,국립중앙박물관,66.42
20250322,11,서울특별시,11170,용산구,국립중앙박물관,90.07
20250323,11,서울특별시,11170,용산구,국립중앙박물관,87.37
20250324,11,서울특별시,11170,용산구,국립중앙박물관,66.86
20250325,11,서울특별시,11170,용산구,국립중앙박물관,66.86
20250326,11,서울특별시,11170,용산구,국립중앙박물관,66.42
20250327,11,서울특별시,11170,용산구,국립중앙박물관,83.35
20250328,11,서울특별시,11170,용산구,국립중앙박물관,76.62
20250329,11,서울특별시,11170,용산구,국립중앙박물관,88.59
20250330,11,서울특별시,11170,용산구,국립중앙박물관,87.37
20250331,11,서울특별시,11170,용산구,국립중앙박물관,66.86
20250401,11,서울특별시,11170,용산구,국립중앙박물관,66.88
20250402,11,서울특별시,11170,용산구,국립중앙박물관,74.06
20250403,11,서울특별시,11170,용산구,국립중앙박물관,83.35
20250404,11,서울특별시,11170,용산구,국립중앙박물관,83.35
20250405,11,서울특별시,11170,용산구,국립중앙박물관,90
20250406,11,서울특별시,11170,용산구,국립중앙박물관,87.37
20250407,11,서울특별시,11170,용산구,국립중앙박물관,66.86
20250408,11,서울특별시,11170,용산구,국립중앙박물관,66.86
20250409,11,서울특별시,11170,용산구,국립중앙박물관,80.81
20250410,11,서울특별시,11170,용산구,국립중앙박물관,80.81
20250411,11,서울특별시,11170,용산구,국립중앙박물관,83.35
20250313,11,서울특별시,11170,용산구,국립한글박물관,71.51
20250314,11,서울특별시,11170,용산구,국립한글박물관,71.6
20250315,11,서울특별시,11170,용산구,국립한글박물관,89.36
20250316,11,서울특별시,11170,용산구,국립한글박물관,87.56
20250317,11,서울특별시,11170,용산구,국립한글박물관,74.37
20250318,11,서울특별시,11170,용산구,국립한글박물관,74.37
20250319,11,서울특별시,11170,용산구,국립한글박물관,71.51
20250320,11,서울특별시,11170,용산구,국립한글박물관,71.48
20250321,11,서울특별시,11170,용산구,국립한글박물관,71.6
20250322,11,서울특별시,11170,용산구,국립한글박물관,89.36
20250323,11,서울특별시,11170,용산구,국립한글박물관,87.25
20250324,11,서울특별시,11170,용산구,국립한글박물관,74.37
20250325,11,서울특별시,11170,용산구,국립한글박물관,74.37
20250326,11,서울특별시,11170,용산구,국립한글박물관,71.6
20250327,11,서울특별시,11170,용산구,국립한글박물관,71.51
20250328,11,서울특별시,11170,용산구,국립한글박물관,71.72
20250329,11,서울특별시,11170,용산구,국립한글박물관,89.37
20250330,11,서울특별시,11170,용산구,국립한글박물관,87.25
20250331,11,서울특별시,11170,용산구,국립한글박물관,74.37
20250401,11,서울특별시,11170,용산구,국립한글박물관,74.37
20250402,11,서울특별시,11170,용산구,국립한글박물관,71.65
20250403,11,서울특별시,11170,용산구,국립한글박물관,71.51
20250404,11,서울특별시,11170,용산구,국립한글박물관,71.51
20250405,11,서울특별시,11170,용산구,국립한글박물관,89.36
20250406,11,서울특별시,11170,용산구,국립한글박물관,87.25
20250407,11,서울특별시,11170,용산구,국립한글박물관,74.37
20250408,11,서울특별시,11170,용산구,국립한글박물관,74.37
20250409,11,서울특별시,11170,용산구,국립한글박물관,71.48
20250410,11,서울특별시,11170,용산구,국립한글박물관,71.48
20250411,11,서울특별시,11170,용산구,국립한글박물관,71.51
20250313,11,서울특별시,11170,용산구,남산 야외식물원,79.62
20250314,11,서울특별시,11170,용산구,남산 야외식물원,77.7
20250315,11,서울특별시,11170,용산구,남산 야외식물원,97.91
20250316,11,서울특별시,11170,용산구,남산 야외식물원,97.55
20250317,11,서울특별시,11170,용산구,남산 야외식물원,68.63
20250318,11,서울특별시,11170,용산구,남산 야외식물원,68.85
20250319,11,서울특별시,11170,용산구,남산 야외식물원,79.62
20250320,11,서울특별시,11170,용산구,남산 야외식물원,70.19
20250321,11,서울특별시,11170,용산구,남산 야외식물원,77.7
20250322,11,서울특별시,11170,용산구,남산 야외식물원,97.81
20250323,11,서울특별시,11170,용산구,남산 야외식물원,97.48
20250324,11,서울특별시,11170,용산구,남산 야외식물원,68.63
20250325,11,서울특별시,11170,용산구,남산 야외식물원,68.63
20250326,11,서울특별시,11170,용산구,남산 야외식물원,77.7
20250327,11,서울특별시,11170,용산구,남산 야외식물원,79.62
20250328,11,서울특별시,11170,용산구,남산 야외식물원,79.62
20250329,11,서울특별시,11170,용산구,남산 야외식물원,97.09
20250330,11,서울특별시,11170,용산구,남산 야외식물원,97.48
20250331,11,서울특별시,11170,용산구,남산 야외식물원,68.63
20250401,11,서울특별시,11170,용산구,남산 야외식물원,67.22
20250402,11,서울특별시,11170,용산구,남산 야외식물원,80.07
20250403,11,서울특별시,11170,용산구,남산 야외식물원,79.62
20250404,11,서울특별시,11170,용산구,남산 야외식물원,79.62
20250405,11,서울특별시,11170,용산구,남산 야외식물원,97.19
20250406,11,서울특별시,11170,용산구,남산 야외식물원,97.48
20250407,11,서울특별시,11170,용산구,남산 야외식물원,68.85
20250408,11,서울특별시,11170,용산구,남산 야외식물원,68.85
20250409,11,서울특별시,11170,용산구,남산 야외식물원,70.19
20250410,11,서울특별시,11170,용산구,남산 야외식물원,70.19
20250411,11,서울특별시,11170,용산구,남산 야외식물원,73.12
20250313,11,서울특별시,11170,용산구,남산서울타워,99.79
20250314,11,서울특별시,11170,용산구,남산서울타워,99.81
20250315,11,서울특별시,11170,용산구,남산서울타워,99.84
20250316,11,서울특별시,11170,용산구,남산서울타워,99.91
20250317,11,서울특별시,11170,용산구,남산서울타워,99.91
20250318,11,서울특별시,11170,용산구,남산서울타워,99.91
20250319,11,서울특별시,11170,용산구,남산서울타워,99.79
20250320,11,서울특별시,11170,용산구,남산서울타워,99.85
20250321,11,서울특별시,11170,용산구,남산서울타워,99.81
20250322,11,서울특별시,11170,용산구,남산서울타워,99.85
20250323,11,서울특별시,11170,용산구,남산서울타워,99.92
20250324,11,서울특별시,11170,용산구,남산서울타워,99.91
20250325,11,서울특별시,11170,용산구,남산서울타워,99.91
20250326,11,서울특별시,11170,용산구,남산서울타워,99.81
20250327,11,서울특별시,11170,용산구,남산서울타워,99.79
20250328,11,서울특별시,11170,용산구,남산서울타워,99.79
20250329,11,서울특별시,11170,용산구,남산서울타워,99.8
20250330,11,서울특별시,11170,용산구,남산서울타워,99.92
20250331,11,서울특별시,11170,용산구,남산서울타워,99.91
20250401,11,서울특별시,11170,용산구,남산서울타워,99.91
20250402,11,서울특별시,11170,용산구,남산서울타워,99.78
20250403,11,서울특별시,11170,용산구,남산서울타워,99.79
20250404,11,서울특별시,11170,용산구,남산서울타워,99.79
20250405,11,서울특별시,11170,용산구,남산서울타워,99.85
20250406,11,서울특별시,11170,용산구,남산서울타워,99.92
20250407,11,서울특별시,11170,용산구,남산서울타워,99.91
20250408,11,서울특별시,11170,용산구,남산서울타워,99.91
20250409,11,서울특별시,11170,용산구,남산서울타워,99.85
20250410,11,서울특별시,11170,용산구,남산서울타워,99.85
20250411,11,서울특별시,11170,용산구,남산서울타워,99.79
20250313,11,서울특별시,11170,용산구,노들섬,65.56
20250314,11,서울특별시,11170,용산구,노들섬,65.49
20250315,11,서울특별시,11170,용산구,노들섬,79.71
20250316,11,서울특별시,11170,용산구,노들섬,86.16
20250317,11,서울특별시,11170,용산구,노들섬,66.53
20250318,11,서울특별시,11170,용산구,노들섬,66.34
20250319,11,서울특별시,11170,용산구,노들섬,65.56
20250320,11,서울특별시,11170,용산구,노들섬,65.56
20250321,11,서울특별시,11170,용산구,노들섬,65.49
20250322,11,서울특별시,11170,용산구,노들섬,93.91
20250323,11,서울특별시,11170,용산구,노들섬,86.14
20250324,11,서울특별시,11170,용산구,노들섬,66.53
20250325,11,서울특별시,11170,용산구,노들섬,66.53
20250326,11,서울특별시,11170,용산구,노들섬,65.49
20250327,11,서울특별시,11170,용산구,노들섬,65.56
20250328,11,서울특별시,11170,용산구,노들섬,65.56
20250329,11,서울특별시,11170,용산구,노들섬,73.07
20250330,11,서울특별시,11170,용산구,노들섬,86.14
20250331,11,서울특별시,11170,용산구,노들섬,66.53
20250401,11,서울특별시,11170,용산구,노들섬,66.51
20250402,11,서울특별시,11170,용산구,노들섬,65.57
20250403,11,서울특별시,11170,용산구,노들섬,65.56
20250404,11,서울특별시,11170,용산구,노들섬,65.56
20250405,11,서울특별시,11170,용산구,노들섬,87.82
20250406,11,서울특별시,11170,용산구,노들섬,86.14
20250407,11,서울특별시,11170,용산구,노들섬,66.34
20250408,11,서울특별시,11170,용산구,노들섬,66.34
20250409,11,서울특별시,11170,용산구,노들섬,65.56
20250410,11,서울특별시,11170,용산구,노들섬,65.56
20250411,11,서울특별시,11170,용산구,노들섬,65.56
20250313,11,서울특별시,11170,용산구,당고개순교성지,67.16
20250314,11,서울특별시,11170,용산구,당고개순교성지,68.84
20250315,11,서울특별시,11170,용산구,당고개순교성지,42.58
20250316,11,서울특별시,11170,용산구,당고개순교성지,50.16
20250317,11,서울특별시,11170,용산구,당고개순교성지,69.2
20250318,11,서울특별시,11170,용산구,당고개순교성지,69.09
20250319,11,서울특별시,11170,용산구,당고개순교성지,67.78
20250320,11,서울특별시,11170,용산구,당고개순교성지,69.46
20250321,11,서울특별시,11170,용산구,당고개순교성지,68.84
20250322,11,서울특별시,11170,용산구,당고개순교성지,36.6
20250323,11,서울특별시,11170,용산구,당고개순교성지,41.93
20250324,11,서울특별시,11170,용산구,당고개순교성지,69.2
20250325,11,서울특별시,11170,용산구,당고개순교성지,69.2
20250326,11,서울특별시,11170,용산구,당고개순교성지,68.84
20250327,11,서울특별시,11170,용산구,당고개순교성지,67.78
20250328,11,서울특별시,11170,용산구,당고개순교성지,67.78
20250329,11,서울특별시,11170,용산구,당고개순교성지,41.96
20250330,11,서울특별시,11170,용산구,당고개순교성지,41.93
20250331,11,서울특별시,11170,용산구,당고개순교성지,69.2
20250401,11,서울특별시,11170,용산구,당고개순교성지,70.96
20250402,11,서울특별시,11170,용산구,당고개순교성지,67.78
20250403,11,서울특별시,11170,용산구,당고개순교성지,67.16
20250404,11,서울특별시,11170,용산구,당고개순교성지,67.16
20250405,11,서울특별시,11170,용산구,당고개순교성지,42.21
20250406,11,서울특별시,11170,용산구,당고개순교성지,41.93
20250407,11,서울특별시,11170,용산구,당고개순교성지,69.09
20250408,11,서울특별시,11170,용산구,당고개순교성지,69.09
20250409,11,서울특별시,11170,용산구,당고개순교성지,69.3
20250410,11,서울특별시,11170,용산구,당고개순교성지,69.46
20250411,11,서울특별시,11170,용산구,당고개순교성지,67.16
20250313,11,서울특별시,11170,용산구,디뮤지엄,63.63
20250314,11,서울특별시,11170,용산구,디뮤지엄,64.59
20250315,11,서울특별시,11170,용산구,디뮤지엄,56.9
20250316,11,서울특별시,11170,용산구,디뮤지엄,50.54
20250317,11,서울특별시,11170,용산구,디뮤지엄,64.95
20250318,11,서울특별시,11170,용산구,디뮤지엄,64.59
20250319,11,서울특별시,11170,용산구,디뮤지엄,64.54
20250320,11,서울특별시,11170,용산구,디뮤지엄,63.17
20250321,11,서울특별시,11170,용산구,디뮤지엄,64.59
20250322,11,서울특별시,11170,용산구,디뮤지엄,56.9
20250323,11,서울특별시,11170,용산구,디뮤지엄,50.85
20250324,11,서울특별시,11170,용산구,디뮤지엄,64.95
20250325,11,서울특별시,11170,용산구,디뮤지엄,64.95
20250326,11,서울특별시,11170,용산구,디뮤지엄,64.59
20250327,11,서울특별시,11170,용산구,디뮤지엄,64.54
20250328,11,서울특별시,11170,용산구,디뮤지엄,64.54
20250329,11,서울특별시,11170,용산구,디뮤지엄,55.93
20250330,11,서울특별시,11170,용산구,디뮤지엄,50.85
20250331,11,서울특별시,11170,용산구,디뮤지엄,64.95
20250401,11,서울특별시,11170,용산구,디뮤지엄,65.26
20250402,11,서울특별시,11170,용산구,디뮤지엄,65.12
20250403,11,서울특별시,11170,용산구,디뮤지엄,63.63
20250404,11,서울특별시,11170,용산구,디뮤지엄,63.63
20250405,11,서울특별시,11170,용산구,디뮤지엄,57.08
20250406,11,서울특별시,11170,용산구,디뮤지엄,50.85
20250407,11,서울특별시,11170,용산구,디뮤지엄,64.59
20250408,11,서울특별시,11170,용산구,디뮤지엄,64.59
20250409,11,서울특별시,11170,용산구,디뮤지엄,63.17
20250410,11,서울특별시,11170,용산구,디뮤지엄,63.17
20250411,11,서울특별시,11170,용산구,디뮤지엄,63.63
20250313,11,서울특별시,11170,용산구,리움 미술관,96.75
20250314,11,서울특별시,11170,용산구,리움 미술관,92.3
20250315,11,서울특별시,11170,용산구,리움 미술관,99.28
20250316,11,서울특별시,11170,용산구,리움 미술관,98.81
20250317,11,서울특별시,11170,용산구,리움 미술관,91.87
20250318,11,서울특별시,11170,용산구,리움 미술관,91.87
20250319,11,서울특별시,11170,용산구,리움 미술관,96.75
20250320,11,서울특별시,11170,용산구,리움 미술관,94.31
20250321,11,서울특별시,11170,용산구,리움 미술관,92.3
20250322,11,서울특별시,11170,용산구,리움 미술관,99.28
20250323,11,서울특별시,11170,용산구,리움 미술관,98.95
20250324,11,서울특별시,11170,용산구,리움 미술관,91.87
20250325,11,서울특별시,11170,용산구,리움 미술관,91.87
20250326,11,서울특별시,11170,용산구,리움 미술관,92.3
20250327,11,서울특별시,11170,용산구,리움 미술관,96.75
20250328,11,서울특별시,11170,용산구,리움 미술관,97.55
20250329,11,서울특별시,11170,용산구,리움 미술관,98.38
20250330,11,서울특별시,11170,용산구,리움 미술관,98.95
20250331,11,서울특별시,11170,용산구,리움 미술관,91.87
20250401,11,서울특별시,11170,용산구,리움 미술관,93.33
20250402,11,서울특별시,11170,용산구,리움 미술관,97.18
20250403,11,서울특별시,11170,용산구,리움 미술관,96.75
20250404,11,서울특별시,11170,용산구,리움 미술관,96.75
20250405,11,서울특별시,11170,용산구,리움 미술관,98.38
20250406,11,서울특별시,11170,용산구,리움 미술관,98.95
20250407,11,서울특별시,11170,용산구,리움 미술관,91.87
20250408,11,서울특별시,11170,용산구,리움 미술관,91.87
20250409,11,서울특별시,11170,용산구,리움 미술관,94.31
20250410,11,서울특별시,11170,용산구,리움 미술관,94.31
20250411,11,서울특별시,11170,용산구,리움 미술관,96.75
20250313,11,서울특별시,11170,용산구,만리시장,95.94
20250314,11,서울특별시,11170,용산구,만리시장,96.05
20250315,11,서울특별시,11170,용산구,만리시장,97.84
20250316,11,서울특별시,11170,용산구,만리시장,97.95
20250317,11,서울특별시,11170,용산구,만리시장,96.05
20250318,11,서울특별시,11170,용산구,만리시장,96.02
20250319,11,서울특별시,11170,용산구,만리시장,95.94
20250320,11,서울특별시,11170,용산구,만리시장,95.94
20250321,11,서울특별시,11170,용산구,만리시장,96.04
20250322,11,서울특별시,11170,용산구,만리시장,98.15
20250323,11,서울특별시,11170,용산구,만리시장,97.89
20250324,11,서울특별시,11170,용산구,만리시장,96.02
20250325,11,서울특별시,11170,용산구,만리시장,96.05
20250326,11,서울특별시,11170,용산구,만리시장,96.05
20250327,11,서울특별시,11170,용산구,만리시장,95.94
20250328,11,서울특별시,11170,용산구,만리시장,95.94
20250329,11,서울특별시,11170,용산구,만리시장,97.95
20250330,11,서울특별시,11170,용산구,만리시장,97.95
20250331,11,서울특별시,11170,용산구,만리시장,96.02
20250401,11,서울특별시,11170,용산구,만리시장,96.05
20250402,11,서울특별시,11170,용산구,만리시장,95.95
20250403,11,서울특별시,11170,용산구,만리시장,95.94
20250404,11,서울특별시,11170,용산구,만리시장,95.94
20250405,11,서울특별시,11170,용산구,만리시장,97.73
20250406,11,서울특별시,11170,용산구,만리시장,97.89
20250407,11,서울특별시,11170,용산구,만리시장,96.02
20250408,11,서울특별시,11170,용산구,만리시장,96.02
20250409,11,서울특별시,11170,용산구,만리시장,95.82
20250410,11,서울특별시,11170,용산구,만리시장,95.94
20250411,11,서울특별시,11170,용산구,만리시장,95.94
20250313,11,서울특별시,11170,용산구,민주인권기념관,99.84
20250314,11,서울특별시,11170,용산구,민주인권기념관,99.93
20250315,11,서울특별시,11170,용산구,민주인권기념관,99.97
20250316,11,서울특별시,11170,용산구,민주인권기념관,97.16
20250317,11,서울특별시,11170,용산구,민주인권기념관,99.98
20250318,11,서울특별시,11170,용산구,민주인권기념관,99.98
20250319,11,서울특별시,11170,용산구,민주인권기념관,99.84
20250320,11,서울특별시,11170,용산구,민주인권기념관,99.92
20250321,11,서울특별시,11170,용산구,민주인권기념관,99.99
20250322,11,서울특별시,11170,용산구,민주인권기념관,100
20250323,11,서울특별시,11170,용산구,민주인권기념관,97.88
20250324,11,서울특별시,11170,용산구,민주인권기념관,99.98
20250325,11,서울특별시,11170,용산구,민주인권기념관,99.98
20250326,11,서울특별시,11170,용산구,민주인권기념관,99.93
20250327,11,서울특별시,11170,용산구,민주인권기념관,99.84
20250328,11,서울특별시,11170,용산구,민주인권기념관,99.97
20250329,11,서울특별시,11170,용산구,민주인권기념관,99.97
20250330,11,서울특별시,11170,용산구,민주인권기념관,98.08
20250331,11,서울특별시,11170,용산구,민주인권기념관,99.98
20250401,11,서울특별시,11170,용산구,민주인권기념관,99.97
20250402,11,서울특별시,11170,용산구,민주인권기념관,99.72
20250403,11,서울특별시,11170,용산구,민주인권기념관,99.84
20250404,11,서울특별시,11170,용산구,민주인권기념관,99.84
20250405,11,서울특별시,11170,용산구,민주인권기념관,96.34
20250406,11,서울특별시,11170,용산구,민주인권기념관,97.88
20250407,11,서울특별시,11170,용산구,민주인권기념관,99.98
20250408,11,서울특별시,11170,용산구,민주인권기념관,99.98
20250409,11,서울특별시,11170,용산구,민주인권기념관,100
20250410,11,서울특별시,11170,용산구,민주인권기념관,99.92
20250411,11,서울특별시,11170,용산구,민주인권기념관,99.84
20250313,11,서울특별시,11170,용산구,백범김구기념관,79.39
20250314,11,서울특별시,11170,용산구,백범김구기념관,86.66
20250315,11,서울특별시,11170,용산구,백범김구기념관,99.35
20250316,11,서울특별시,11170,용산구,백범김구기념관,99.59
20250317,11,서울특별시,11170,용산구,백범김구기념관,87.85
20250318,11,서울특별시,11170,용산구,백범김구기념관,87.5
20250319,11,서울특별시,11170,용산구,백범김구기념관,79.39
20250320,11,서울특별시,11170,용산구,백범김구기념관,81.99
20250321,11,서울특별시,11170,용산구,백범김구기념관,86.66
20250322,11,서울특별시,11170,용산구,백범김구기념관,99.29
20250323,11,서울특별시,11170,용산구,백범김구기념관,99.56
20250324,11,서울특별시,11170,용산구,백범김구기념관,87.85
20250325,11,서울특별시,11170,용산구,백범김구기념관,87.85
20250326,11,서울특별시,11170,용산구,백범김구기념관,86.66
20250327,11,서울특별시,11170,용산구,백범김구기념관,79.39
20250328,11,서울특별시,11170,용산구,백범김구기념관,79.39
20250329,11,서울특별시,11170,용산구,백범김구기념관,99.09
20250330,11,서울특별시,11170,용산구,백범김구기념관,99.56
20250331,11,서울특별시,11170,용산구,백범김구기념관,87.85
20250401,11,서울특별시,11170,용산구,백범김구기념관,82.5
20250402,11,서울특별시,11170,용산구,백범김구기념관,79.24
20250403,11,서울특별시,11170,용산구,백범김구기념관,79.39
20250404,11,서울특별시,11170,용산구,백범김구기념관,79.39
20250405,11,서울특별시,11170,용산구,백범김구기념관,99.03
20250406,11,서울특별시,11170,용산구,백범김구기념관,99.56
20250407,11,서울특별시,11170,용산구,백범김구기념관,87.5
20250408,11,서울특별시,11170,용산구,백범김구기념관,87.5
20250409,11,서울특별시,11170,용산구,백범김구기념관,81.99
20250410,11,서울특별시,11170,용산구,백범김구기념관,81.99
20250411,11,서울특별시,11170,용산구,백범김구기념관,79.39
20250313,11,서울특별시,11170,용산구,보광사(서울),60.57
20250314,11,서울특별시,11170,용산구,보광사(서울),61.19
20250315,11,서울특별시,11170,용산구,보광사(서울),65.86
20250316,11,서울특별시,11170,용산구,보광사(서울),66.97
20250317,11,서울특별시,11170,용산구,보광사(서울),60.89
20250318,11,서울특별시,11170,용산구,보광사(서울),61.24
20250319,11,서울특별시,11170,용산구,보광사(서울),61.3
20250320,11,서울특별시,11170,용산구,보광사(서울),60.57
20250321,11,서울특별시,11170,용산구,보광사(서울),61.19
20250322,11,서울특별시,11170,용산구,보광사(서울),69.38
20250323,11,서울특별시,11170,용산구,보광사(서울),71.12
20250324,11,서울특별시,11170,용산구,보광사(서울),60.89
20250325,11,서울특별시,11170,용산구,보광사(서울),60.89
20250326,11,서울특별시,11170,용산구,보광사(서울),61.19
20250327,11,서울특별시,11170,용산구,보광사(서울),61.3
20250328,11,서울특별시,11170,용산구,보광사(서울),61.3
20250329,11,서울특별시,11170,용산구,보광사(서울),68.08
20250330,11,서울특별시,11170,용산구,보광사(서울),71.12
20250331,11,서울특별시,11170,용산구,보광사(서울),60.89
20250401,11,서울특별시,11170,용산구,보광사(서울),60.82
20250402,11,서울특별시,11170,용산구,보광사(서울),61.3
20250403,11,서울특별시,11170,용산구,보광사(서울),60.57
20250404,11,서울특별시,11170,용산구,보광사(서울),60.57
20250405,11,서울특별시,11170,용산구,보광사(서울),67.74
20250406,11,서울특별시,11170,용산구,보광사(서울),71.12
20250407,11,서울특별시,11170,용산구,보광사(서울),61.24
20250408,11,서울특별시,11170,용산구,보광사(서울),61.24
20250409,11,서울특별시,11170,용산구,보광사(서울),60.82
20250410,11,서울특별시,11170,용산구,보광사(서울),60.57
20250411,11,서울특별시,11170,용산구,보광사(서울),60.57
20250313,11,서울특별시,11170,용산구,새남터기념성당,57.86
20250314,11,서울특별시,11170,용산구,새남터기념성당,57.86
20250315,11,서울특별시,11170,용산구,새남터기념성당,57.74
20250316,11,서울특별시,11170,용산구,새남터기념성당,57.86
20250317,11,서울특별시,11170,용산구,새남터기념성당,57.86
20250318,11,서울특별시,11170,용산구,새남터기념성당,57.86
20250319,11,서울특별시,11170,용산구,새남터기념성당,57.86
20250320,11,서울특별시,11170,용산구,새남터기념성당,57.86
20250321,11,서울특별시,11170,용산구,새남터기념성당,57.86
20250322,11,서울특별시,11170,용산구,새남터기념성당,57.74
20250323,11,서울특별시,11170,용산구,새남터기념성당,57.81
20250324,11,서울특별시,11170,용산구,새남터기념성당,57.86
20250325,11,서울특별시,11170,용산구,새남터기념성당,57.86
20250326,11,서울특별시,11170,용산구,새남터기념성당,57.86
20250327,11,서울특별시,11170,용산구,새남터기념성당,57.86
20250328,11,서울특별시,11170,용산구,새남터기념성당,57.86
20250329,11,서울특별시,11170,용산구,새남터기념성당,57.74
20250330,11,서울특별시,11170,용산구,새남터기념성당,57.81
20250331,11,서울특별시,11170,용산구,새남터기념성당,57.86
20250401,11,서울특별시,11170,용산구,새남터기념성당,57.86
20250402,11,서울특별시,11170,용산구,새남터기념성당,57.86
20250403,11,서울특별시,11170,용산구,새남터기념성당,57.86
20250404,11,서울특별시,11170,용산구,새남터기념성당,57.86
20250405,11,서울특별시,11170,용산구,새남터기념성당,57.74
20250406,11,서울특별시,11170,용산구,새남터기념성당,57.81
20250407,11,서울특별시,11170,용산구,새남터기념성당,57.86
20250408,11,서울특별시,11170,용산구,새남터기념성당,57.86
20250409,11,서울특별시,11170,용산구,새남터기념성당,57.86
20250410,11,서울특별시,11170,용산구,새남터기념성당,57.86
20250411,11,서울특별시,11170,용산구,새남터기념성당,57.86
20250313,11,서울특별시,11170,용산구,서빙고동 부군당,40.22
20250314,11,서울특별시,11170,용산구,서빙고동 부군당,38.63
20250315,11,서울특별시,11170,용산구,서빙고동 부군당,41.79
20250316,11,서울특별시,11170,용산구,서빙고동 부군당,40.02
20250317,11,서울특별시,11170,용산구,서빙고동 부군당,38.66
20250318,11,서울특별시,11170,용산구,서빙고동 부군당,38.7
20250319,11,서울특별시,11170,용산구,서빙고동 부군당,40.22
20250320,11,서울특별시,11170,용산구,서빙고동 부군당,40.2
20250321,11,서울특별시,11170,용산구,서빙고동 부군당,38.63
20250322,11,서울특별시,11170,용산구,서빙고동 부군당,40.98
20250313,11,서울특별시,11200,성동구,공간 와디즈,82.36
20250314,11,서울특별시,11200,성동구,공간 와디즈,83.25
20250315,11,서울특별시,11200,성동구,공간 와디즈,92.38
20250316,11,서울특별시,11200,성동구,공간 와디즈,84.94
20250317,11,서울특별시,11200,성동구,공간 와디즈,82.36
20250318,11,서울특별시,11200,성동구,공간 와디즈,80.38
20250319,11,서울특별시,11200,성동구,공간 와디즈,82.36
20250320,11,서울특별시,11200,성동구,공간 와디즈,83.83
20250321,11,서울특별시,11200,성동구,공간 와디즈,83.25
20250322,11,서울특별시,11200,성동구,공간 와디즈,92.38
20250323,11,서울특별시,11200,성동구,공간 와디즈,94.02
20250324,11,서울특별시,11200,성동구,공간 와디즈,84.47
20250325,11,서울특별시,11200,성동구,공간 와디즈,84.47
20250326,11,서울특별시,11200,성동구,공간 와디즈,84.47
20250327,11,서울특별시,11200,성동구,공간 와디즈,80.27
20250328,11,서울특별시,11200,성동구,공간 와디즈,93.77
20250329,11,서울특별시,11200,성동구,공간 와디즈,90.46
20250330,11,서울특별시,11200,성동구,공간 와디즈,92.38
20250331,11,서울특별시,11200,성동구,공간 와디즈,80.38
20250401,11,서울특별시,11200,성동구,공간 와디즈,83.83
20250402,11,서울특별시,11200,성동구,공간 와디즈,84.47
20250403,11,서울특별시,11200,성동구,공간 와디즈,83.21
20250404,11,서울특별시,11200,성동구,공간 와디즈,93.77
20250405,11,서울특별시,11200,성동구,공간 와디즈,90.46
20250406,11,서울특별시,11200,성동구,공간 와디즈,95.04
20250407,11,서울특별시,11200,성동구,공간 와디즈,83.83
20250408,11,서울특별시,11200,성동구,공간 와디즈,80.38
20250409,11,서울특별시,11200,성동구,공간 와디즈,84.47
20250410,11,서울특별시,11200,성동구,공간 와디즈,80.38
20250411,11,서울특별시,11200,성동구,공간 와디즈,83.57
20250313,11,서울특별시,11200,성동구,금남시장,84.22
20250314,11,서울특별시,11200,성동구,금남시장,84.22
20250315,11,서울특별시,11200,성동구,금남시장,84.3
20250316,11,서울특별시,11200,성동구,금남시장,84.3
20250317,11,서울특별시,11200,성동구,금남시장,84.22
20250318,11,서울특별시,11200,성동구,금남시장,84.22
20250319,11,서울특별시,11200,성동구,금남시장,84.22
20250320,11,서울특별시,11200,성동구,금남시장,84.22
20250321,11,서울특별시,11200,성동구,금남시장,84.22
20250322,11,서울특별시,11200,성동구,금남시장,84.3
20250323,11,서울특별시,11200,성동구,금남시장,84.3
20250324,11,서울특별시,11200,성동구,금남시장,84.22
20250325,11,서울특별시,11200,성동구,금남시장,84.22
20250326,11,서울특별시,11200,성동구,금남시장,84.22
20250327,11,서울특별시,11200,성동구,금남시장,84.22
20250328,11,서울특별시,11200,성동구,금남시장,84.22
20250329,11,서울특별시,11200,성동구,금남시장,82.12
20250330,11,서울특별시,11200,성동구,금남시장,84.3
20250331,11,서울특별시,11200,성동구,금남시장,84.22
20250401,11,서울특별시,11200,성동구,금남시장,84.22
20250402,11,서울특별시,11200,성동구,금남시장,84.22
20250403,11,서울특별시,11200,성동구,금남시장,84.22
20250404,11,서울특별시,11200,성동구,금남시장,84.22
20250405,11,서울특별시,11200,성동구,금남시장,82.12
20250406,11,서울특별시,11200,성동구,금남시장,84.3
20250407,11,서울특별시,11200,성동구,금남시장,84.22
20250408,11,서울특별시,11200,성동구,금남시장,84.22
20250409,11,서울특별시,11200,성동구,금남시장,84.22
20250410,11,서울특별시,11200,성동구,금남시장,84.22
20250411,11,서울특별시,11200,성동구,금남시장,84.22
20250313,11,서울특별시,11200,성동구,달맞이봉공원,59.66
20250314,11,서울특별시,11200,성동구,달맞이봉공원,59.81
20250315,11,서울특별시,11200,성동구,달맞이봉공원,64.82
20250316,11,서울특별시,11200,성동구,달맞이봉공원,67.41
20250317,11,서울특별시,11200,성동구,달맞이봉공원,59.42
20250318,11,서울특별시,11200,성동구,달맞이봉공원,59.53
20250319,11,서울특별시,11200,성동구,달맞이봉공원,59.42
20250320,11,서울특별시,11200,성동구,달맞이봉공원,59.53
20250321,11,서울특별시,11200,성동구,달맞이봉공원,59.58
20250322,11,서울특별시,11200,성동구,달맞이봉공원,64.82
20250323,11,서울특별시,11200,성동구,달맞이봉공원,61.54
20250324,11,서울특별시,11200,성동구,달맞이봉공원,59.68
20250325,11,서울특별시,11200,성동구,달맞이봉공원,59.42
20250326,11,서울특별시,11200,성동구,달맞이봉공원,59.42
20250327,11,서울특별시,11200,성동구,달맞이봉공원,59.81
20250328,11,서울특별시,11200,성동구,달맞이봉공원,58.31
20250329,11,서울특별시,11200,성동구,달맞이봉공원,62.78
20250330,11,서울특별시,11200,성동구,달맞이봉공원,64.82
20250331,11,서울특별시,11200,성동구,달맞이봉공원,59.53
20250401,11,서울특별시,11200,성동구,달맞이봉공원,59.53
20250402,11,서울특별시,11200,성동구,달맞이봉공원,59.42
20250403,11,서울특별시,11200,성동구,달맞이봉공원,60.09
20250404,11,서울특별시,11200,성동구,달맞이봉공원,56.99
20250405,11,서울특별시,11200,성동구,달맞이봉공원,64.78
20250406,11,서울특별시,11200,성동구,달맞이봉공원,68.64
20250407,11,서울특별시,11200,성동구,달맞이봉공원,59.53
20250408,11,서울특별시,11200,성동구,달맞이봉공원,59.53
20250409,11,서울특별시,11200,성동구,달맞이봉공원,59.42
20250410,11,서울특별시,11200,성동구,달맞이봉공원,59.53
20250411,11,서울특별시,11200,성동구,달맞이봉공원,56.99
20250313,11,서울특별시,11200,성동구,더서울라이티움,95.28
20250314,11,서울특별시,11200,성동구,더서울라이티움,95.82
20250315,11,서울특별시,11200,성동구,더서울라이티움,99.72
20250316,11,서울특별시,11200,성동구,더서울라이티움,99.72
20250317,11,서울특별시,11200,성동구,더서울라이티움,95.28
20250318,11,서울특별시,11200,성동구,더서울라이티움,95.13
20250319,11,서울특별시,11200,성동구,더서울라이티움,95.28
20250320,11,서울특별시,11200,성동구,더서울라이티움,95.28
20250321,11,서울특별시,11200,성동구,더서울라이티움,95.82
20250322,11,서울특별시,11200,성동구,더서울라이티움,99.72
20250323,11,서울특별시,11200,성동구,더서울라이티움,99.72
20250324,11,서울특별시,11200,성동구,더서울라이티움,95.3
20250325,11,서울특별시,11200,성동구,더서울라이티움,95.3
20250326,11,서울특별시,11200,성동구,더서울라이티움,95.3
20250327,11,서울특별시,11200,성동구,더서울라이티움,96.5
20250328,11,서울특별시,11200,성동구,더서울라이티움,99.82
20250329,11,서울특별시,11200,성동구,더서울라이티움,90.53
20250330,11,서울특별시,11200,성동구,더서울라이티움,99.72
20250331,11,서울특별시,11200,성동구,더서울라이티움,95.13
20250401,11,서울특별시,11200,성동구,더서울라이티움,95.28
20250402,11,서울특별시,11200,성동구,더서울라이티움,95.3
20250403,11,서울특별시,11200,성동구,더서울라이티움,95.89
20250404,11,서울특별시,11200,성동구,더서울라이티움,99.82
20250405,11,서울특별시,11200,성동구,더서울라이티움,90.53
20250406,11,서울특별시,11200,성동구,더서울라이티움,99.74
20250407,11,서울특별시,11200,성동구,더서울라이티움,95.28
20250408,11,서울특별시,11200,성동구,더서울라이티움,95.13
20250409,11,서울특별시,11200,성동구,더서울라이티움,95.3
20250410,11,서울특별시,11200,성동구,더서울라이티움,95.13
20250411,11,서울특별시,11200,성동구,더서울라이티움,99.83
20250313,11,서울특별시,11200,성동구,뚝도시장,85.11
20250314,11,서울특별시,11200,성동구,뚝도시장,85.97
20250315,11,서울특별시,11200,성동구,뚝도시장,93.15
20250316,11,서울특별시,11200,성동구,뚝도시장,92.33
20250317,11,서울특별시,11200,성동구,뚝도시장,85.31
20250318,11,서울특별시,11200,성동구,뚝도시장,86.19
20250319,11,서울특별시,11200,성동구,뚝도시장,85.31
20250320,11,서울특별시,11200,성동구,뚝도시장,86.19
20250321,11,서울특별시,11200,성동구,뚝도시장,85.27
20250322,11,서울특별시,11200,성동구,뚝도시장,93.15
20250323,11,서울특별시,11200,성동구,뚝도시장,91.37
20250324,11,서울특별시,11200,성동구,뚝도시장,85.36
20250325,11,서울특별시,11200,성동구,뚝도시장,85.31
20250326,11,서울특별시,11200,성동구,뚝도시장,85.31
20250327,11,서울특별시,11200,성동구,뚝도시장,87.47
20250328,11,서울특별시,11200,성동구,뚝도시장,88.35
20250329,11,서울특별시,11200,성동구,뚝도시장,94.4
20250330,11,서울특별시,11200,성동구,뚝도시장,93.15
20250331,11,서울특별시,11200,성동구,뚝도시장,85.58
20250401,11,서울특별시,11200,성동구,뚝도시장,86.19
20250402,11,서울특별시,11200,성동구,뚝도시장,85.31
20250403,11,서울특별시,11200,성동구,뚝도시장,86.76
20250404,11,서울특별시,11200,성동구,뚝도시장,85.06
20250405,11,서울특별시,11200,성동구,뚝도시장,95.83
20250406,11,서울특별시,11200,성동구,뚝도시장,92.47
20250407,11,서울특별시,11200,성동구,뚝도시장,86.19
20250408,11,서울특별시,11200,성동구,뚝도시장,86.19
20250409,11,서울특별시,11200,성동구,뚝도시장,85.31
20250410,11,서울특별시,11200,성동구,뚝도시장,85.58
20250411,11,서울특별시,11200,성동구,뚝도시장,85.06
20250313,11,서울특별시,11200,성동구,마장 축산물시장,97.15
20250314,11,서울특별시,11200,성동구,마장 축산물시장,96.64
20250315,11,서울특별시,11200,성동구,마장 축산물시장,93.56
20250316,11,서울특별시,11200,성동구,마장 축산물시장,95.03
20250317,11,서울특별시,11200,성동구,마장 축산물시장,97.15
20250318,11,서울특별시,11200,성동구,마장 축산물시장,97.07
20250319,11,서울특별시,11200,성동구,마장 축산물시장,97.15
20250320,11,서울특별시,11200,성동구,마장 축산물시장,97.07
20250321,11,서울특별시,11200,성동구,마장 축산물시장,96.64
20250322,11,서울특별시,11200,성동구,마장 축산물시장,93.56
20250323,11,서울특별시,11200,성동구,마장 축산물시장,95.01
20250324,11,서울특별시,11200,성동구,마장 축산물시장,97.16
20250325,11,서울특별시,11200,성동구,마장 축산물시장,97.16
20250326,11,서울특별시,11200,성동구,마장 축산물시장,97.16
20250327,11,서울특별시,11200,성동구,마장 축산물시장,96.24
20250328,11,서울특별시,11200,성동구,마장 축산물시장,93.41
20250329,11,서울특별시,11200,성동구,마장 축산물시장,96.12
20250330,11,서울특별시,11200,성동구,마장 축산물시장,93.56
20250331,11,서울특별시,11200,성동구,마장 축산물시장,97.07
20250401,11,서울특별시,11200,성동구,마장 축산물시장,97.07
20250402,11,서울특별시,11200,성동구,마장 축산물시장,97.16
20250403,11,서울특별시,11200,성동구,마장 축산물시장,96.27
20250404,11,서울특별시,11200,성동구,마장 축산물시장,93.43
20250405,11,서울특별시,11200,성동구,마장 축산물시장,96.1
20250406,11,서울특별시,11200,성동구,마장 축산물시장,95.18
20250407,11,서울특별시,11200,성동구,마장 축산물시장,97.01
20250408,11,서울특별시,11200,성동구,마장 축산물시장,97.07
20250409,11,서울특별시,11200,성동구,마장 축산물시장,97.16
20250410,11,서울특별시,11200,성동구,마장 축산물시장,96.24
20250411,11,서울특별시,11200,성동구,마장 축산물시장,93.43
20250313,11,서울특별시,11200,성동구,미타사(성동),84.77
20250314,11,서울특별시,11200,성동구,미타사(성동),84.86
20250315,11,서울특별시,11200,성동구,미타사(성동),84.84
20250316,11,서울특별시,11200,성동구,미타사(성동),84.73
20250317,11,서울특별시,11200,성동구,미타사(성동),84.76
20250318,11,서울특별시,11200,성동구,미타사(성동),84.79
20250319,11,서울특별시,11200,성동구,미타사(성동),84.76
20250320,11,서울특별시,11200,성동구,미타사(성동),84.79
20250321,11,서울특별시,11200,성동구,미타사(성동),84.74
20250322,11,서울특별시,11200,성동구,미타사(성동),84.84
20250323,11,서울특별시,11200,성동구,미타사(성동),84.73
20250324,11,서울특별시,11200,성동구,미타사(성동),84.73
20250325,11,서울특별시,11200,성동구,미타사(성동),84.76
20250326,11,서울특별시,11200,성동구,미타사(성동),84.76
20250327,11,서울특별시,11200,성동구,미타사(성동),84.85
20250328,11,서울특별시,11200,성동구,미타사(성동),84.87
20250329,11,서울특별시,11200,성동구,미타사(성동),84.88
20250330,11,서울특별시,11200,성동구,미타사(성동),84.84
20250331,11,서울특별시,11200,성동구,미타사(성동),84.79
20250401,11,서울특별시,11200,성동구,미타사(성동),84.79
20250402,11,서울특별시,11200,성동구,미타사(성동),84.76
20250403,11,서울특별시,11200,성동구,미타사(성동),84.85
20250404,11,서울특별시,11200,성동구,미타사(성동),84.87
20250405,11,서울특별시,11200,성동구,미타사(성동),84.88
20250406,11,서울특별시,11200,성동구,미타사(성동),84.7
20250407,11,서울특별시,11200,성동구,미타사(성동),84.79
20250408,11,서울특별시,11200,성동구,미타사(성동),84.79
20250409,11,서울특별시,11200,성동구,미타사(성동),84.76
20250410,11,서울특별시,11200,성동구,미타사(성동),84.79
20250411,11,서울특별시,11200,성동구,미타사(성동),84.87
20250313,11,서울특별시,11200,성동구,살곶이체육공원,45.57
20250314,11,서울특별시,11200,성동구,살곶이체육공원,46.01
20250315,11,서울특별시,11200,성동구,살곶이체육공원,37.16
20250316,11,서울특별시,11200,성동구,살곶이체육공원,49.06
20250317,11,서울특별시,11200,성동구,살곶이체육공원,44.88
20250318,11,서울특별시,11200,성동구,살곶이체육공원,45.57
20250319,11,서울특별시,11200,성동구,살곶이체육공원,44.88
20250320,11,서울특별시,11200,성동구,살곶이체육공원,45.57
20250321,11,서울특별시,11200,성동구,살곶이체육공원,46.01
20250322,11,서울특별시,11200,성동구,살곶이체육공원,37.14
20250323,11,서울특별시,11200,성동구,살곶이체육공원,48.71
20250324,11,서울특별시,11200,성동구,살곶이체육공원,44.88
20250325,11,서울특별시,11200,성동구,살곶이체육공원,44.88
20250326,11,서울특별시,11200,성동구,살곶이체육공원,44.88
20250327,11,서울특별시,11200,성동구,살곶이체육공원,47.85
20250328,11,서울특별시,11200,성동구,살곶이체육공원,49.24
20250329,11,서울특별시,11200,성동구,살곶이체육공원,51.62
20250330,11,서울특별시,11200,성동구,살곶이체육공원,37.16
20250331,11,서울특별시,11200,성동구,살곶이체육공원,47.84
20250401,11,서울특별시,11200,성동구,살곶이체육공원,45.57
20250402,11,서울특별시,11200,성동구,살곶이체육공원,44.88
20250403,11,서울특별시,11200,성동구,살곶이체육공원,46.82
20250404,11,서울특별시,11200,성동구,살곶이체육공원,49.24
20250405,11,서울특별시,11200,성동구,살곶이체육공원,51.02
20250406,11,서울특별시,11200,성동구,살곶이체육공원,37.15
20250407,11,서울특별시,11200,성동구,살곶이체육공원,45.57
20250408,11,서울특별시,11200,성동구,살곶이체육공원,45.57
20250409,11,서울특별시,11200,성동구,살곶이체육공원,44.88
20250410,11,서울특별시,11200,성동구,살곶이체육공원,47.84
20250411,11,서울특별시,11200,성동구,살곶이체육공원,52.16
20250313,11,서울특별시,11200,성동구,서울숲,99.11
20250314,11,서울특별시,11200,성동구,서울숲,99.73
20250315,11,서울특별시,11200,성동구,서울숲,90.89
20250316,11,서울특별시,11200,성동구,서울숲,83.64
20250317,11,서울특별시,11200,성동구,서울숲,99.11
20250318,11,서울특별시,11200,성동구,서울숲,99.1
20250319,11,서울특별시,11200,성동구,서울숲,99.11
20250320,11,서울특별시,11200,성동구,서울숲,99.1
20250321,11,서울특별시,11200,성동구,서울숲,99.73
20250322,11,서울특별시,11200,성동구,서울숲,90.89
20250323,11,서울특별시,11200,성동구,서울숲,83.71
20250324,11,서울특별시,11200,성동구,서울숲,99.11
20250325,11,서울특별시,11200,성동구,서울숲,99.11
20250326,11,서울특별시,11200,성동구,서울숲,99.11
20250327,11,서울특별시,11200,성동구,서울숲,98.84
20250328,11,서울특별시,11200,성동구,서울숲,99.73
20250329,11,서울특별시,11200,성동구,서울숲,90.98
20250330,11,서울특별시,11200,성동구,서울숲,90.89
20250331,11,서울특별시,11200,성동구,서울숲,99.05
20250401,11,서울특별시,11200,성동구,서울숲,99.1
20250402,11,서울특별시,11200,성동구,서울숲,99.11
20250403,11,서울특별시,11200,성동구,서울숲,99.73
20250404,11,서울특별시,11200,성동구,서울숲,99.73
20250405,11,서울특별시,11200,성동구,서울숲,90.7
20250406,11,서울특별시,11200,성동구,서울숲,91.2
20250407,11,서울특별시,11200,성동구,서울숲,99.1
20250408,11,서울특별시,11200,성동구,서울숲,99.1
20250409,11,서울특별시,11200,성동구,서울숲,99.11
20250410,11,서울특별시,11200,성동구,서울숲,99.05
20250411,11,서울특별시,11200,성동구,서울숲,99.73
20250313,11,서울특별시,11200,성동구,성동4차산업혁명체험센터,66.97
20250314,11,서울특별시,11200,성동구,성동4차산업혁명체험센터,60.43
20250315,11,서울특별시,11200,성동구,성동4차산업혁명체험센터,61.47
20250316,11,서울특별시,11200,성동구,성동4차산업혁명체험센터,61.63
20250317,11,서울특별시,11200,성동구,성동4차산업혁명체험센터,67.36
20250318,11,서울특별시,11200,성동구,성동4차산업혁명체험센터,67.21
20250319,11,서울특별시,11200,성동구,성동4차산업혁명체험센터,67.36
20250320,11,서울특별시,11200,성동구,성동4차산업혁명체험센터,67.21
20250321,11,서울특별시,11200,성동구,성동4차산업혁명체험센터,60.43
20250322,11,서울특별시,11200,성동구,성동4차산업혁명체험센터,61.47
20250323,11,서울특별시,11200,성동구,성동4차산업혁명체험센터,61.63
20250324,11,서울특별시,11200,성동구,성동4차산업혁명체험센터,67.36
20250325,11,서울특별시,11200,성동구,성동4차산업혁명체험센터,67.36
20250326,11,서울특별시,11200,성동구,성동4차산업혁명체험센터,67.36
20250327,11,서울특별시,11200,성동구,성동4차산업혁명체험센터,67.21
20250328,11,서울특별시,11200,성동구,성동4차산업혁명체험센터,60.43
20250329,11,서울특별시,11200,성동구,성동4차산업혁명체험센터,64.01
20250330,11,서울특별시,11200,성동구,성동4차산업혁명체험센터,61.47
20250331,11,서울특별시,11200,성동구,성동4차산업혁명체험센터,67.21
20250401,11,서울특별시,11200,성동구,성동4차산업혁명체험센터,67.21
20250402,11,서울특별시,11200,성동구,성동4차산업혁명체험센터,67.36
20250403,11,서울특별시,11200,성동구,성동4차산업혁명체험센터,67.21
20250404,11,서울특별시,11200,성동구,성동4차산업혁명체험센터,60.43
20250405,11,서울특별시,11200,성동구,성동4차산업혁명체험센터,64.01
20250406,11,서울특별시,11200,성동구,성동4차산업혁명체험센터,61.5
20250407,11,서울특별시,11200,성동구,성동4차산업혁명체험센터,67.21
20250408,11,서울특별시,11200,성동구,성동4차산업혁명체험센터,67.21
20250409,11,서울특별시,11200,성동구,성동4차산업혁명체험센터,67.36
20250410,11,서울특별시,11200,성동구,성동4차산업혁명체험센터,67.21
20250411,11,서울특별시,11200,성동구,성동4차산업혁명체험센터,60.43
20250313,11,서울특별시,11200,성동구,성수동 수제화거리,83.06
20250314,11,서울특별시,11200,성동구,성수동 수제화거리,83.61
20250315,11,서울특별시,11200,성동구,성수동 수제화거리,87.68
20250316,11,서울특별시,11200,성동구,성수동 수제화거리,85.76
20250317,11,서울특별시,11200,성동구,성수동 수제화거리,83.06
20250318,11,서울특별시,11200,성동구,성수동 수제화거리,82.83
20250319,11,서울특별시,11200,성동구,성수동 수제화거리,83.06
20250320,11,서울특별시,11200,성동구,성수동 수제화거리,82.77
20250321,11,서울특별시,11200,성동구,성수동 수제화거리,83.65
20250322,11,서울특별시,11200,성동구,성수동 수제화거리,87.68
20250323,11,서울특별시,11200,성동구,성수동 수제화거리,86.92
20250324,11,서울특별시,11200,성동구,성수동 수제화거리,83.09
20250325,11,서울특별시,11200,성동구,성수동 수제화거리,83.09
20250326,11,서울특별시,11200,성동구,성수동 수제화거리,83.09
20250327,11,서울특별시,11200,성동구,성수동 수제화거리,82.97
20250328,11,서울특별시,11200,성동구,성수동 수제화거리,84.78
20250329,11,서울특별시,11200,성동구,성수동 수제화거리,91.89
20250330,11,서울특별시,11200,성동구,성수동 수제화거리,87.68
20250331,11,서울특별시,11200,성동구,성수동 수제화거리,82.83
20250401,11,서울특별시,11200,성동구,성수동 수제화거리,82.77
20250402,11,서울특별시,11200,성동구,성수동 수제화거리,83.09
20250403,11,서울특별시,11200,성동구,성수동 수제화거리,84.11
20250404,11,서울특별시,11200,성동구,성수동 수제화거리,84.78
20250405,11,서울특별시,11200,성동구,성수동 수제화거리,91.87
20250406,11,서울특별시,11200,성동구,성수동 수제화거리,87.65
20250407,11,서울특별시,11200,성동구,성수동 수제화거리,82.77
20250408,11,서울특별시,11200,성동구,성수동 수제화거리,82.83
20250409,11,서울특별시,11200,성동구,성수동 수제화거리,83.09
20250410,11,서울특별시,11200,성동구,성수동 수제화거리,82.83
20250411,11,서울특별시,11200,성동구,성수동 수제화거리,84.84
20250313,11,서울특별시,11200,성동구,에스팩토리,69.31
20250314,11,서울특별시,11200,성동구,에스팩토리,72.12
20250315,11,서울특별시,11200,성동구,에스팩토리,91.56
20250316,11,서울특별시,11200,성동구,에스팩토리,69.94
20250317,11,서울특별시,11200,성동구,에스팩토리,69.44
20250318,11,서울특별시,11200,성동구,에스팩토리,69.31
20250319,11,서울특별시,11200,성동구,에스팩토리,69.44
20250320,11,서울특별시,11200,성동구,에스팩토리,69.31
20250321,11,서울특별시,11200,성동구,에스팩토리,72.12
20250322,11,서울특별시,11200,성동구,에스팩토리,91.56
20250323,11,서울특별시,11200,성동구,에스팩토리,69.94
20250324,11,서울특별시,11200,성동구,에스팩토리,69.47
20250325,11,서울특별시,11200,성동구,에스팩토리,69.44
20250326,11,서울특별시,11200,성동구,에스팩토리,69.44
20250327,11,서울특별시,11200,성동구,에스팩토리,74.27
20250328,11,서울특별시,11200,성동구,에스팩토리,62.68
20250329,11,서울특별시,11200,성동구,에스팩토리,89.97
20250330,11,서울특별시,11200,성동구,에스팩토리,91.56
20250331,11,서울특별시,11200,성동구,에스팩토리,65.16
20250401,11,서울특별시,11200,성동구,에스팩토리,69.31
20250402,11,서울특별시,11200,성동구,에스팩토리,69.44
20250403,11,서울특별시,11200,성동구,에스팩토리,68.15
20250404,11,서울특별시,11200,성동구,에스팩토리,67.14
20250405,11,서울특별시,11200,성동구,에스팩토리,89.98
20250406,11,서울특별시,11200,성동구,에스팩토리,91.56
20250407,11,서울특별시,11200,성동구,에스팩토리,69.31
20250408,11,서울특별시,11200,성동구,에스팩토리,69.31
20250409,11,서울특별시,11200,성동구,에스팩토리,69.44
20250410,11,서울특별시,11200,성동구,에스팩토리,65.16
20250411,11,서울특별시,11200,성동구,에스팩토리,67.14
20250313,11,서울특별시,11200,성동구,응봉산(서울),75.27
20250314,11,서울특별시,11200,성동구,응봉산(서울),81.92
20250315,11,서울특별시,11200,성동구,응봉산(서울),77.16
20250316,11,서울특별시,11200,성동구,응봉산(서울),77.01
20250317,11,서울특별시,11200,성동구,응봉산(서울),75.25
20250318,11,서울특별시,11200,성동구,응봉산(서울),75.27
20250319,11,서울특별시,11200,성동구,응봉산(서울),75.25
20250320,11,서울특별시,11200,성동구,응봉산(서울),75.27
20250321,11,서울특별시,11200,성동구,응봉산(서울),81.92
20250322,11,서울특별시,11200,성동구,응봉산(서울),77.16
20250323,11,서울특별시,11200,성동구,응봉산(서울),77.2
20250324,11,서울특별시,11200,성동구,응봉산(서울),75.03
20250325,11,서울특별시,11200,성동구,응봉산(서울),75.25
20250326,11,서울특별시,11200,성동구,응봉산(서울),75.25
20250327,11,서울특별시,11200,성동구,응봉산(서울),75.27
20250328,11,서울특별시,11200,성동구,응봉산(서울),81.91
20250329,11,서울특별시,11200,성동구,응봉산(서울),90.79
20250330,11,서울특별시,11200,성동구,응봉산(서울),77.16
20250331,11,서울특별시,11200,성동구,응봉산(서울),75.27
20250401,11,서울특별시,11200,성동구,응봉산(서울),75.27
20250402,11,서울특별시,11200,성동구,응봉산(서울),75.25
20250403,11,서울특별시,11200,성동구,응봉산(서울),83.77
20250404,11,서울특별시,11200,성동구,응봉산(서울),81.91
20250405,11,서울특별시,11200,성동구,응봉산(서울),91
20250406,11,서울특별시,11200,성동구,응봉산(서울),77.16
20250407,11,서울특별시,11200,성동구,응봉산(서울),75.27
20250408,11,서울특별시,11200,성동구,응봉산(서울),75.27
20250409,11,서울특별시,11200,성동구,응봉산(서울),75.25
20250410,11,서울특별시,11200,성동구,응봉산(서울),75.27
20250411,11,서울특별시,11200,성동구,응봉산(서울),81.92
20250313,11,서울특별시,11200,성동구,응봉체육공원,99.15
20250314,11,서울특별시,11200,성동구,응봉체육공원,70.42
20250315,11,서울특별시,11200,성동구,응봉체육공원,91.61
20250316,11,서울특별시,11200,성동구,응봉체육공원,90.78
20250317,11,서울특별시,11200,성동구,응봉체육공원,99.07
20250318,11,서울특별시,11200,성동구,응봉체육공원,98.99
20250319,11,서울특별시,11200,성동구,응봉체육공원,99.07
20250320,11,서울특별시,11200,성동구,응봉체육공원,99.15
20250321,11,서울특별시,11200,성동구,응봉체육공원,83.19
20250322,11,서울특별시,11200,성동구,응봉체육공원,91.61
20250313,11,서울특별시,11215,광진구,광나루안전체험관,95.15
20250314,11,서울특별시,11215,광진구,광나루안전체험관,93.47
20250315,11,서울특별시,11215,광진구,광나루안전체험관,93.25
20250316,11,서울특별시,11215,광진구,광나루안전체험관,93.49
20250317,11,서울특별시,11215,광진구,광나루안전체험관,98.07
20250318,11,서울특별시,11215,광진구,광나루안전체험관,94.93
20250319,11,서울특별시,11215,광진구,광나루안전체험관,95.15
20250320,11,서울특별시,11215,광진구,광나루안전체험관,95.54
20250321,11,서울특별시,11215,광진구,광나루안전체험관,93.47
20250322,11,서울특별시,11215,광진구,광나루안전체험관,93.28
20250323,11,서울특별시,11215,광진구,광나루안전체험관,93.49
20250324,11,서울특별시,11215,광진구,광나루안전체험관,94.64
20250325,11,서울특별시,11215,광진구,광나루안전체험관,98.07
20250326,11,서울특별시,11215,광진구,광나루안전체험관,94.63
20250327,11,서울특별시,11215,광진구,광나루안전체험관,93.8
20250328,11,서울특별시,11215,광진구,광나루안전체험관,95.54
20250329,11,서울특별시,11215,광진구,광나루안전체험관,92.21
20250330,11,서울특별시,11215,광진구,광나루안전체험관,94.34
20250331,11,서울특별시,11215,광진구,광나루안전체험관,91.53
20250401,11,서울특별시,11215,광진구,광나루안전체험관,91.45
20250402,11,서울특별시,11215,광진구,광나루안전체험관,91.54
20250403,11,서울특별시,11215,광진구,광나루안전체험관,91.53
20250404,11,서울특별시,11215,광진구,광나루안전체험관,94.64
20250405,11,서울특별시,11215,광진구,광나루안전체험관,94.31
20250406,11,서울특별시,11215,광진구,광나루안전체험관,93.23
20250407,11,서울특별시,11215,광진구,광나루안전체험관,91.96
20250408,11,서울특별시,11215,광진구,광나루안전체험관,91.54
20250409,11,서울특별시,11215,광진구,광나루안전체험관,91.62
20250410,11,서울특별시,11215,광진구,광나루안전체험관,91.96
20250411,11,서울특별시,11215,광진구,광나루안전체험관,91.53
20250313,11,서울특별시,11215,광진구,긴고랑 공원,90.21
20250314,11,서울특별시,11215,광진구,긴고랑 공원,89.96
20250315,11,서울특별시,11215,광진구,긴고랑 공원,99.23
20250316,11,서울특별시,11215,광진구,긴고랑 공원,90.87
20250317,11,서울특별시,11215,광진구,긴고랑 공원,89.29
20250318,11,서울특별시,11215,광진구,긴고랑 공원,89.38
20250319,11,서울특별시,11215,광진구,긴고랑 공원,89.35
20250320,11,서울특별시,11215,광진구,긴고랑 공원,90.21
20250321,11,서울특별시,11215,광진구,긴고랑 공원,89.96
20250322,11,서울특별시,11215,광진구,긴고랑 공원,98.46
20250323,11,서울특별시,11215,광진구,긴고랑 공원,90.87
20250324,11,서울특별시,11215,광진구,긴고랑 공원,89.04
20250325,11,서울특별시,11215,광진구,긴고랑 공원,89.29
20250326,11,서울특별시,11215,광진구,긴고랑 공원,89.04
20250327,11,서울특별시,11215,광진구,긴고랑 공원,90.27
20250328,11,서울특별시,11215,광진구,긴고랑 공원,90.21
20250329,11,서울특별시,11215,광진구,긴고랑 공원,96.13
20250330,11,서울특별시,11215,광진구,긴고랑 공원,89.65
20250331,11,서울특별시,11215,광진구,긴고랑 공원,91.08
20250401,11,서울특별시,11215,광진구,긴고랑 공원,88.55
20250402,11,서울특별시,11215,광진구,긴고랑 공원,90.75
20250403,11,서울특별시,11215,광진구,긴고랑 공원,91.08
20250404,11,서울특별시,11215,광진구,긴고랑 공원,89.04
20250405,11,서울특별시,11215,광진구,긴고랑 공원,87.74
20250406,11,서울특별시,11215,광진구,긴고랑 공원,90.33
20250407,11,서울특별시,11215,광진구,긴고랑 공원,88.33
20250408,11,서울특별시,11215,광진구,긴고랑 공원,90.75
20250409,11,서울특별시,11215,광진구,긴고랑 공원,89.48
20250410,11,서울특별시,11215,광진구,긴고랑 공원,89.48
20250411,11,서울특별시,11215,광진구,긴고랑 공원,91.08
20250313,11,서울특별시,11215,광진구,노룬산골목시장,99.71
20250314,11,서울특별시,11215,광진구,노룬산골목시장,99.7
20250315,11,서울특별시,11215,광진구,노룬산골목시장,99.76
20250316,11,서울특별시,11215,광진구,노룬산골목시장,99.78
20250317,11,서울특별시,11215,광진구,노룬산골목시장,99.69
20250318,11,서울특별시,11215,광진구,노룬산골목시장,99.7
20250319,11,서울특별시,11215,광진구,노룬산골목시장,99.7
20250320,11,서울특별시,11215,광진구,노룬산골목시장,99.71
20250321,11,서울특별시,11215,광진구,노룬산골목시장,99.7
20250322,11,서울특별시,11215,광진구,노룬산골목시장,99.78
20250323,11,서울특별시,11215,광진구,노룬산골목시장,99.78
20250324,11,서울특별시,11215,광진구,노룬산골목시장,99.71
20250325,11,서울특별시,11215,광진구,노룬산골목시장,99.69
20250326,11,서울특별시,11215,광진구,노룬산골목시장,99.71
20250327,11,서울특별시,11215,광진구,노룬산골목시장,99.71
20250328,11,서울특별시,11215,광진구,노룬산골목시장,99.71
20250329,11,서울특별시,11215,광진구,노룬산골목시장,99.76
20250330,11,서울특별시,11215,광진구,노룬산골목시장,99.76
20250331,11,서울특별시,11215,광진구,노룬산골목시장,99.72
20250401,11,서울특별시,11215,광진구,노룬산골목시장,99.72
20250402,11,서울특별시,11215,광진구,노룬산골목시장,99.74
20250403,11,서울특별시,11215,광진구,노룬산골목시장,99.72
20250404,11,서울특별시,11215,광진구,노룬산골목시장,99.71
20250405,11,서울특별시,11215,광진구,노룬산골목시장,99.76
20250406,11,서울특별시,11215,광진구,노룬산골목시장,99.68
20250407,11,서울특별시,11215,광진구,노룬산골목시장,99.72
20250408,11,서울특별시,11215,광진구,노룬산골목시장,99.74
20250409,11,서울특별시,11215,광진구,노룬산골목시장,99.72
20250410,11,서울특별시,11215,광진구,노룬산골목시장,99.72
20250411,11,서울특별시,11215,광진구,노룬산골목시장,99.72
20250313,11,서울특별시,11215,광진구,뚝섬 전망 문화 콤플렉스,59.23
20250314,11,서울특별시,11215,광진구,뚝섬 전망 문화 콤플렉스,58.87
20250315,11,서울특별시,11215,광진구,뚝섬 전망 문화 콤플렉스,58.69
20250316,11,서울특별시,11215,광진구,뚝섬 전망 문화 콤플렉스,59.45
20250317,11,서울특별시,11215,광진구,뚝섬 전망 문화 콤플렉스,59.23
20250318,11,서울특별시,11215,광진구,뚝섬 전망 문화 콤플렉스,58.87
20250319,11,서울특별시,11215,광진구,뚝섬 전망 문화 콤플렉스,59.23
20250320,11,서울특별시,11215,광진구,뚝섬 전망 문화 콤플렉스,59.23
20250321,11,서울특별시,11215,광진구,뚝섬 전망 문화 콤플렉스,58.87
20250322,11,서울특별시,11215,광진구,뚝섬 전망 문화 콤플렉스,58.69
20250323,11,서울특별시,11215,광진구,뚝섬 전망 문화 콤플렉스,59.45
20250324,11,서울특별시,11215,광진구,뚝섬 전망 문화 콤플렉스,58.69
20250325,11,서울특별시,11215,광진구,뚝섬 전망 문화 콤플렉스,59.23
20250326,11,서울특별시,11215,광진구,뚝섬 전망 문화 콤플렉스,58.69
20250327,11,서울특별시,11215,광진구,뚝섬 전망 문화 콤플렉스,59.42
20250328,11,서울특별시,11215,광진구,뚝섬 전망 문화 콤플렉스,59.23
20250329,11,서울특별시,11215,광진구,뚝섬 전망 문화 콤플렉스,58.81
20250330,11,서울특별시,11215,광진구,뚝섬 전망 문화 콤플렉스,56.59
20250331,11,서울특별시,11215,광진구,뚝섬 전망 문화 콤플렉스,59.94
20250401,11,서울특별시,11215,광진구,뚝섬 전망 문화 콤플렉스,59.42
20250402,11,서울특별시,11215,광진구,뚝섬 전망 문화 콤플렉스,57.82
20250403,11,서울특별시,11215,광진구,뚝섬 전망 문화 콤플렉스,59.94
20250404,11,서울특별시,11215,광진구,뚝섬 전망 문화 콤플렉스,58.69
20250405,11,서울특별시,11215,광진구,뚝섬 전망 문화 콤플렉스,58.76
20250406,11,서울특별시,11215,광진구,뚝섬 전망 문화 콤플렉스,58.87
20250407,11,서울특별시,11215,광진구,뚝섬 전망 문화 콤플렉스,56.53
20250408,11,서울특별시,11215,광진구,뚝섬 전망 문화 콤플렉스,57.82
20250409,11,서울특별시,11215,광진구,뚝섬 전망 문화 콤플렉스,57.66
20250410,11,서울특별시,11215,광진구,뚝섬 전망 문화 콤플렉스,57.66
20250411,11,서울특별시,11215,광진구,뚝섬 전망 문화 콤플렉스,59.94
20250313,11,서울특별시,11215,광진구,뚝섬한강공원,73.54
20250314,11,서울특별시,11215,광진구,뚝섬한강공원,64.16
20250315,11,서울특별시,11215,광진구,뚝섬한강공원,78.21
20250316,11,서울특별시,11215,광진구,뚝섬한강공원,76.52
20250317,11,서울특별시,11215,광진구,뚝섬한강공원,74.55
20250318,11,서울특별시,11215,광진구,뚝섬한강공원,71.59
20250319,11,서울특별시,11215,광진구,뚝섬한강공원,72.8
20250320,11,서울특별시,11215,광진구,뚝섬한강공원,73.54
20250321,11,서울특별시,11215,광진구,뚝섬한강공원,64.16
20250322,11,서울특별시,11215,광진구,뚝섬한강공원,78.7
20250323,11,서울특별시,11215,광진구,뚝섬한강공원,76.52
20250324,11,서울특별시,11215,광진구,뚝섬한강공원,80.49
20250325,11,서울특별시,11215,광진구,뚝섬한강공원,74.55
20250326,11,서울특별시,11215,광진구,뚝섬한강공원,80.49
20250327,11,서울특별시,11215,광진구,뚝섬한강공원,82.29
20250328,11,서울특별시,11215,광진구,뚝섬한강공원,73.54
20250329,11,서울특별시,11215,광진구,뚝섬한강공원,74.47
20250330,11,서울특별시,11215,광진구,뚝섬한강공원,56.06
20250331,11,서울특별시,11215,광진구,뚝섬한강공원,81.24
20250401,11,서울특별시,11215,광진구,뚝섬한강공원,82.85
20250402,11,서울특별시,11215,광진구,뚝섬한강공원,81.24
20250403,11,서울특별시,11215,광진구,뚝섬한강공원,81.96
20250404,11,서울특별시,11215,광진구,뚝섬한강공원,80.49
20250405,11,서울특별시,11215,광진구,뚝섬한강공원,51.69
20250406,11,서울특별시,11215,광진구,뚝섬한강공원,53.72
20250407,11,서울특별시,11215,광진구,뚝섬한강공원,78.25
20250408,11,서울특별시,11215,광진구,뚝섬한강공원,78.25
20250409,11,서울특별시,11215,광진구,뚝섬한강공원,78.24
20250410,11,서울특별시,11215,광진구,뚝섬한강공원,78.24
20250411,11,서울특별시,11215,광진구,뚝섬한강공원,81.24
20250313,11,서울특별시,11215,광진구,면곡시장,69.32
20250314,11,서울특별시,11215,광진구,면곡시장,65.74
20250315,11,서울특별시,11215,광진구,면곡시장,86.92
20250316,11,서울특별시,11215,광진구,면곡시장,47.02
20250317,11,서울특별시,11215,광진구,면곡시장,67.99
20250318,11,서울특별시,11215,광진구,면곡시장,65.58
20250319,11,서울특별시,11215,광진구,면곡시장,69.32
20250320,11,서울특별시,11215,광진구,면곡시장,69.12
20250321,11,서울특별시,11215,광진구,면곡시장,65.74
20250322,11,서울특별시,11215,광진구,면곡시장,86.65
20250323,11,서울특별시,11215,광진구,면곡시장,47.02
20250324,11,서울특별시,11215,광진구,면곡시장,46.98
20250325,11,서울특별시,11215,광진구,면곡시장,67.99
20250326,11,서울특별시,11215,광진구,면곡시장,46.93
20250327,11,서울특별시,11215,광진구,면곡시장,46.98
20250328,11,서울특별시,11215,광진구,면곡시장,69.12
20250329,11,서울특별시,11215,광진구,면곡시장,87.52
20250330,11,서울특별시,11215,광진구,면곡시장,48.42
20250331,11,서울특별시,11215,광진구,면곡시장,41.42
20250401,11,서울특별시,11215,광진구,면곡시장,45.52
20250402,11,서울특별시,11215,광진구,면곡시장,41.4
20250403,11,서울특별시,11215,광진구,면곡시장,41.42
20250404,11,서울특별시,11215,광진구,면곡시장,46.98
20250405,11,서울특별시,11215,광진구,면곡시장,47.66
20250406,11,서울특별시,11215,광진구,면곡시장,66.07
20250407,11,서울특별시,11215,광진구,면곡시장,41.4
20250408,11,서울특별시,11215,광진구,면곡시장,41.4
20250409,11,서울특별시,11215,광진구,면곡시장,39.89
20250410,11,서울특별시,11215,광진구,면곡시장,39.89
20250411,11,서울특별시,11215,광진구,면곡시장,41.42
20250313,11,서울특별시,11215,광진구,비스타 워커힐 웰니스 클럽,74.39
20250314,11,서울특별시,11215,광진구,비스타 워커힐 웰니스 클럽,72.69
20250315,11,서울특별시,11215,광진구,비스타 워커힐 웰니스 클럽,95.61
20250316,11,서울특별시,11215,광진구,비스타 워커힐 웰니스 클럽,93.48
20250317,11,서울특별시,11215,광진구,비스타 워커힐 웰니스 클럽,74.39
20250318,11,서울특별시,11215,광진구,비스타 워커힐 웰니스 클럽,71.91
20250319,11,서울특별시,11215,광진구,비스타 워커힐 웰니스 클럽,74.55
20250320,11,서울특별시,11215,광진구,비스타 워커힐 웰니스 클럽,74.39
20250321,11,서울특별시,11215,광진구,비스타 워커힐 웰니스 클럽,72.69
20250322,11,서울특별시,11215,광진구,비스타 워커힐 웰니스 클럽,95.33
20250323,11,서울특별시,11215,광진구,비스타 워커힐 웰니스 클럽,93.48
20250324,11,서울특별시,11215,광진구,비스타 워커힐 웰니스 클럽,75.35
20250325,11,서울특별시,11215,광진구,비스타 워커힐 웰니스 클럽,74.39
20250326,11,서울특별시,11215,광진구,비스타 워커힐 웰니스 클럽,75.35
20250327,11,서울특별시,11215,광진구,비스타 워커힐 웰니스 클럽,75.86
20250328,11,서울특별시,11215,광진구,비스타 워커힐 웰니스 클럽,74.39
20250329,11,서울특별시,11215,광진구,비스타 워커힐 웰니스 클럽,92.17
20250330,11,서울특별시,11215,광진구,비스타 워커힐 웰니스 클럽,93.21
20250331,11,서울특별시,11215,광진구,비스타 워커힐 웰니스 클럽,76.37
20250401,11,서울특별시,11215,광진구,비스타 워커힐 웰니스 클럽,75.86
20250402,11,서울특별시,11215,광진구,비스타 워커힐 웰니스 클럽,75.47
20250403,11,서울특별시,11215,광진구,비스타 워커힐 웰니스 클럽,76.37
20250404,11,서울특별시,11215,광진구,비스타 워커힐 웰니스 클럽,75.35
20250405,11,서울특별시,11215,광진구,비스타 워커힐 웰니스 클럽,93.43
20250406,11,서울특별시,11215,광진구,비스타 워커힐 웰니스 클럽,72.62
20250407,11,서울특별시,11215,광진구,비스타 워커힐 웰니스 클럽,71.33
20250408,11,서울특별시,11215,광진구,비스타 워커힐 웰니스 클럽,75.47
20250409,11,서울특별시,11215,광진구,비스타 워커힐 웰니스 클럽,73.11
20250410,11,서울특별시,11215,광진구,비스타 워커힐 웰니스 클럽,73.11
20250411,11,서울특별시,11215,광진구,비스타 워커힐 웰니스 클럽,76.37
20250313,11,서울특별시,11215,광진구,서울상상나라,93.31
20250314,11,서울특별시,11215,광진구,서울상상나라,92.99
20250315,11,서울특별시,11215,광진구,서울상상나라,95.99
20250316,11,서울특별시,11215,광진구,서울상상나라,95.05
20250317,11,서울특별시,11215,광진구,서울상상나라,93.63
20250318,11,서울특별시,11215,광진구,서울상상나라,93.34
20250319,11,서울특별시,11215,광진구,서울상상나라,93.31
20250320,11,서울특별시,11215,광진구,서울상상나라,93.3
20250321,11,서울특별시,11215,광진구,서울상상나라,92.99
20250322,11,서울특별시,11215,광진구,서울상상나라,95.91
20250323,11,서울특별시,11215,광진구,서울상상나라,95.05
20250324,11,서울특별시,11215,광진구,서울상상나라,92.36
20250325,11,서울특별시,11215,광진구,서울상상나라,93.63
20250326,11,서울특별시,11215,광진구,서울상상나라,92.72
20250327,11,서울특별시,11215,광진구,서울상상나라,92.36
20250328,11,서울특별시,11215,광진구,서울상상나라,93.3
20250329,11,서울특별시,11215,광진구,서울상상나라,95.7
20250330,11,서울특별시,11215,광진구,서울상상나라,93.45
20250331,11,서울특별시,11215,광진구,서울상상나라,91.86
20250401,11,서울특별시,11215,광진구,서울상상나라,91.73
20250402,11,서울특별시,11215,광진구,서울상상나라,93.47
20250403,11,서울특별시,11215,광진구,서울상상나라,91.86
20250404,11,서울특별시,11215,광진구,서울상상나라,92.36
20250405,11,서울특별시,11215,광진구,서울상상나라,93.42
20250406,11,서울특별시,11215,광진구,서울상상나라,93
20250407,11,서울특별시,11215,광진구,서울상상나라,93.47
20250408,11,서울특별시,11215,광진구,서울상상나라,93.47
20250409,11,서울특별시,11215,광진구,서울상상나라,93.47
20250410,11,서울특별시,11215,광진구,서울상상나라,93.47
20250411,11,서울특별시,11215,광진구,서울상상나라,91.86
20250313,11,서울특별시,11215,광진구,서울어린이대공원,96.94
20250314,11,서울특별시,11215,광진구,서울어린이대공원,96.23
20250315,11,서울특별시,11215,광진구,서울어린이대공원,96.61
20250316,11,서울특별시,11215,광진구,서울어린이대공원,96.42
20250317,11,서울특별시,11215,광진구,서울어린이대공원,92.98
20250318,11,서울특별시,11215,광진구,서울어린이대공원,96.42
20250319,11,서울특별시,11215,광진구,서울어린이대공원,96.96
20250320,11,서울특별시,11215,광진구,서울어린이대공원,96.94
20250321,11,서울특별시,11215,광진구,서울어린이대공원,96.23
20250322,11,서울특별시,11215,광진구,서울어린이대공원,96.62
20250323,11,서울특별시,11215,광진구,서울어린이대공원,96.42
20250324,11,서울특별시,11215,광진구,서울어린이대공원,92.7
20250325,11,서울특별시,11215,광진구,서울어린이대공원,94.35
20250326,11,서울특별시,11215,광진구,서울어린이대공원,93.27
20250327,11,서울특별시,11215,광진구,서울어린이대공원,92.7
20250328,11,서울특별시,11215,광진구,서울어린이대공원,94.35
20250329,11,서울특별시,11215,광진구,서울어린이대공원,96.72
20250330,11,서울특별시,11215,광진구,서울어린이대공원,96.52
20250331,11,서울특별시,11215,광진구,서울어린이대공원,92.94
20250401,11,서울특별시,11215,광진구,서울어린이대공원,93.24
20250402,11,서울특별시,11215,광진구,서울어린이대공원,92.19
20250403,11,서울특별시,11215,광진구,서울어린이대공원,92.94
20250404,11,서울특별시,11215,광진구,서울어린이대공원,92.7
20250405,11,서울특별시,11215,광진구,서울어린이대공원,96.52
20250406,11,서울특별시,11215,광진구,서울어린이대공원,95.95
20250407,11,서울특별시,11215,광진구,서울어린이대공원,92.19
20250408,11,서울특별시,11215,광진구,서울어린이대공원,92.19
20250409,11,서울특별시,11215,광진구,서울어린이대공원,92.18
20250410,11,서울특별시,11215,광진구,서울어린이대공원,92.18
20250411,11,서울특별시,11215,광진구,서울어린이대공원,92.94
20250313,11,서울특별시,11215,광진구,신성종합시장,47.86
20250314,11,서울특별시,11215,광진구,신성종합시장,63.09
20250315,11,서울특별시,11215,광진구,신성종합시장,83.25
20250316,11,서울특별시,11215,광진구,신성종합시장,71.5
20250317,11,서울특별시,11215,광진구,신성종합시장,57.53
20250318,11,서울특별시,11215,광진구,신성종합시장,61
20250319,11,서울특별시,11215,광진구,신성종합시장,47.81
20250320,11,서울특별시,11215,광진구,신성종합시장,47.86
20250321,11,서울특별시,11215,광진구,신성종합시장,63.09
20250322,11,서울특별시,11215,광진구,신성종합시장,83.28
20250323,11,서울특별시,11215,광진구,신성종합시장,71.5
20250324,11,서울특별시,11215,광진구,신성종합시장,57.21
20250325,11,서울특별시,11215,광진구,신성종합시장,57.53
20250326,11,서울특별시,11215,광진구,신성종합시장,57.21
20250327,11,서울특별시,11215,광진구,신성종합시장,64.02
20250328,11,서울특별시,11215,광진구,신성종합시장,47.86
20250329,11,서울특별시,11215,광진구,신성종합시장,74.19
20250330,11,서울특별시,11215,광진구,신성종합시장,42.95
20250331,11,서울특별시,11215,광진구,신성종합시장,56.05
20250401,11,서울특별시,11215,광진구,신성종합시장,55.74
20250402,11,서울특별시,11215,광진구,신성종합시장,58.37
20250403,11,서울특별시,11215,광진구,신성종합시장,56.05
20250404,11,서울특별시,11215,광진구,신성종합시장,57.21
20250405,11,서울특별시,11215,광진구,신성종합시장,68.86
20250406,11,서울특별시,11215,광진구,신성종합시장,48.79
20250407,11,서울특별시,11215,광진구,신성종합시장,61.39
20250408,11,서울특별시,11215,광진구,신성종합시장,58.37
20250409,11,서울특별시,11215,광진구,신성종합시장,60.41
20250410,11,서울특별시,11215,광진구,신성종합시장,60.41
20250411,11,서울특별시,11215,광진구,신성종합시장,56.05
20250313,11,서울특별시,11215,광진구,아차산,61.27
20250314,11,서울특별시,11215,광진구,아차산,75.72
20250315,11,서울특별시,11215,광진구,아차산,97.99
20250316,11,서울특별시,11215,광진구,아차산,75.77
20250317,11,서울특별시,11215,광진구,아차산,64.39
20250318,11,서울특별시,11215,광진구,아차산,75.72
20250319,11,서울특별시,11215,광진구,아차산,61.27
20250320,11,서울특별시,11215,광진구,아차산,61.27
20250321,11,서울특별시,11215,광진구,아차산,75.72
20250322,11,서울특별시,11215,광진구,아차산,96.92
20250323,11,서울특별시,11215,광진구,아차산,75.77
20250324,11,서울특별시,11215,광진구,아차산,66.94
20250325,11,서울특별시,11215,광진구,아차산,64.39
20250326,11,서울특별시,11215,광진구,아차산,66.94
20250327,11,서울특별시,11215,광진구,아차산,67.17
20250328,11,서울특별시,11215,광진구,아차산,61.27
20250329,11,서울특별시,11215,광진구,아차산,76.21
20250330,11,서울특별시,11215,광진구,아차산,75.76
20250331,11,서울특별시,11215,광진구,아차산,67.16
20250401,11,서울특별시,11215,광진구,아차산,67.17
20250402,11,서울특별시,11215,광진구,아차산,67.14
20250403,11,서울특별시,11215,광진구,아차산,67.16
20250404,11,서울특별시,11215,광진구,아차산,67.17
20250405,11,서울특별시,11215,광진구,아차산,75.77
20250406,11,서울특별시,11215,광진구,아차산,75.75
20250407,11,서울특별시,11215,광진구,아차산,67.14
20250408,11,서울특별시,11215,광진구,아차산,67.14
20250409,11,서울특별시,11215,광진구,아차산,69.89
20250410,11,서울특별시,11215,광진구,아차산,67.14
20250411,11,서울특별시,11215,광진구,아차산,67.16
20250313,11,서울특별시,11215,광진구,아차산 어울림정원,35.17
20250314,11,서울특별시,11215,광진구,아차산 어울림정원,34.73
20250315,11,서울특별시,11215,광진구,아차산 어울림정원,96.88
20250316,11,서울특별시,11215,광진구,아차산 어울림정원,35.73
20250317,11,서울특별시,11215,광진구,아차산 어울림정원,36.66
20250318,11,서울특별시,11215,광진구,아차산 어울림정원,37.1
20250319,11,서울특별시,11215,광진구,아차산 어울림정원,37.44
20250320,11,서울특별시,11215,광진구,아차산 어울림정원,35.17
20250321,11,서울특별시,11215,광진구,아차산 어울림정원,34.73
20250322,11,서울특별시,11215,광진구,아차산 어울림정원,96.88
20250323,11,서울특별시,11215,광진구,아차산 어울림정원,35.73
20250324,11,서울특별시,11215,광진구,아차산 어울림정원,37.63
20250325,11,서울특별시,11215,광진구,아차산 어울림정원,37.45
20250326,11,서울특별시,11215,광진구,아차산 어울림정원,36.74
20250327,11,서울특별시,11215,광진구,아차산 어울림정원,37.63
20250328,11,서울특별시,11215,광진구,아차산 어울림정원,37.45
20250329,11,서울특별시,11215,광진구,아차산 어울림정원,88.19
20250330,11,서울특별시,11215,광진구,아차산 어울림정원,33.79
20250331,11,서울특별시,11215,광진구,아차산 어울림정원,38.4
20250401,11,서울특별시,11215,광진구,아차산 어울림정원,37.56
20250402,11,서울특별시,11215,광진구,아차산 어울림정원,35.57
20250403,11,서울특별시,11215,광진구,아차산 어울림정원,38.4
20250404,11,서울특별시,11215,광진구,아차산 어울림정원,37.63
20250405,11,서울특별시,11215,광진구,아차산 어울림정원,33.79
20250406,11,서울특별시,11215,광진구,아차산 어울림정원,35.69
20250407,11,서울특별시,11215,광진구,아차산 어울림정원,35.57
20250408,11,서울특별시,11215,광진구,아차산 어울림정원,35.57
20250409,11,서울특별시,11215,광진구,아차산 어울림정원,33.09
20250410,11,서울특별시,11215,광진구,아차산 어울림정원,33.09
20250411,11,서울특별시,11215,광진구,아차산 어울림정원,38.4
20250313,11,서울특별시,11215,광진구,아차산배수지체육공원,43.38
20250314,11,서울특별시,11215,광진구,아차산배수지체육공원,43.17
20250315,11,서울특별시,11215,광진구,아차산배수지체육공원,64.86
20250316,11,서울특별시,11215,광진구,아차산배수지체육공원,49.19
20250317,11,서울특별시,11215,광진구,아차산배수지체육공원,40.11
20250318,11,서울특별시,11215,광진구,아차산배수지체육공원,43.24
20250319,11,서울특별시,11215,광진구,아차산배수지체육공원,43.25
20250320,11,서울특별시,11215,광진구,아차산배수지체육공원,43.38
20250321,11,서울특별시,11215,광진구,아차산배수지체육공원,43.17
20250322,11,서울특별시,11215,광진구,아차산배수지체육공원,54.68
20250323,11,서울특별시,11215,광진구,아차산배수지체육공원,49.19
20250324,11,서울특별시,11215,광진구,아차산배수지체육공원,37.26
20250325,11,서울특별시,11215,광진구,아차산배수지체육공원,40.11
20250326,11,서울특별시,11215,광진구,아차산배수지체육공원,37.26
20250327,11,서울특별시,11215,광진구,아차산배수지체육공원,42.91
20250328,11,서울특별시,11215,광진구,아차산배수지체육공원,43.38
20250329,11,서울특별시,11215,광진구,아차산배수지체육공원,51.38
20250330,11,서울특별시,11215,광진구,아차산배수지체육공원,40.42
20250331,11,서울특별시,11215,광진구,아차산배수지체육공원,37.11
20250401,11,서울특별시,11215,광진구,아차산배수지체육공원,36.55
20250402,11,서울특별시,11215,광진구,아차산배수지체육공원,41.2
20250403,11,서울특별시,11215,광진구,아차산배수지체육공원,37.11
20250404,11,서울특별시,11215,광진구,아차산배수지체육공원,37.26
20250405,11,서울특별시,11215,광진구,아차산배수지체육공원,41.01
20250406,11,서울특별시,11215,광진구,아차산배수지체육공원,43.19
20250407,11,서울특별시,11215,광진구,아차산배수지체육공원,38.18
20250408,11,서울특별시,11215,광진구,아차산배수지체육공원,41.2
20250409,11,서울특별시,11215,광진구,아차산배수지체육공원,40.4
20250410,11,서울특별시,11215,광진구,아차산배수지체육공원,40.4
20250411,11,서울특별시,11215,광진구,아차산배수지체육공원,37.11
20250313,11,서울특별시,11215,광진구,아차산성,69.63
20250314,11,서울특별시,11215,광진구,아차산성,86.21
20250315,11,서울특별시,11215,광진구,아차산성,88.43
20250316,11,서울특별시,11215,광진구,아차산성,81.39
20250317,11,서울특별시,11215,광진구,아차산성,70.81
20250318,11,서울특별시,11215,광진구,아차산성,68.51
20250319,11,서울특별시,11215,광진구,아차산성,69.57
20250320,11,서울특별시,11215,광진구,아차산성,69.63
20250321,11,서울특별시,11215,광진구,아차산성,86.21
20250322,11,서울특별시,11215,광진구,아차산성,93.18
20250313,11,서울특별시,11230,동대문구,간데메공원,78.66
20250314,11,서울특별시,11230,동대문구,간데메공원,80.16
20250315,11,서울특별시,11230,동대문구,간데메공원,78.32
20250316,11,서울특별시,11230,동대문구,간데메공원,78.46
20250317,11,서울특별시,11230,동대문구,간데메공원,78.66
20250318,11,서울특별시,11230,동대문구,간데메공원,78.66
20250319,11,서울특별시,11230,동대문구,간데메공원,78.66
20250320,11,서울특별시,11230,동대문구,간데메공원,78.66
20250321,11,서울특별시,11230,동대문구,간데메공원,79.97
20250322,11,서울특별시,11230,동대문구,간데메공원,78.32
20250323,11,서울특별시,11230,동대문구,간데메공원,78.26
20250324,11,서울특별시,11230,동대문구,간데메공원,80.47
20250325,11,서울특별시,11230,동대문구,간데메공원,80.47
20250326,11,서울특별시,11230,동대문구,간데메공원,80.47
20250327,11,서울특별시,11230,동대문구,간데메공원,80.47
20250328,11,서울특별시,11230,동대문구,간데메공원,78.66
20250329,11,서울특별시,11230,동대문구,간데메공원,80.12
20250330,11,서울특별시,11230,동대문구,간데메공원,78.8
20250331,11,서울특별시,11230,동대문구,간데메공원,82.7
20250401,11,서울특별시,11230,동대문구,간데메공원,82.7
20250402,11,서울특별시,11230,동대문구,간데메공원,78.66
20250403,11,서울특별시,11230,동대문구,간데메공원,82.7
20250404,11,서울특별시,11230,동대문구,간데메공원,80.47
20250405,11,서울특별시,11230,동대문구,간데메공원,79.05
20250406,11,서울특별시,11230,동대문구,간데메공원,80.55
20250407,11,서울특별시,11230,동대문구,간데메공원,78.66
20250408,11,서울특별시,11230,동대문구,간데메공원,78.66
20250409,11,서울특별시,11230,동대문구,간데메공원,78.66
20250410,11,서울특별시,11230,동대문구,간데메공원,78.66
20250411,11,서울특별시,11230,동대문구,간데메공원,82.7
20250313,11,서울특별시,11230,동대문구,경동시장,63.82
20250314,11,서울특별시,11230,동대문구,경동시장,59.21
20250315,11,서울특별시,11230,동대문구,경동시장,69.74
20250316,11,서울특별시,11230,동대문구,경동시장,57.89
20250317,11,서울특별시,11230,동대문구,경동시장,55.79
20250318,11,서울특별시,11230,동대문구,경동시장,55.79
20250319,11,서울특별시,11230,동대문구,경동시장,55.79
20250320,11,서울특별시,11230,동대문구,경동시장,55.79
20250321,11,서울특별시,11230,동대문구,경동시장,64.39
20250322,11,서울특별시,11230,동대문구,경동시장,69.73
20250323,11,서울특별시,11230,동대문구,경동시장,57.12
20250324,11,서울특별시,11230,동대문구,경동시장,55.97
20250325,11,서울특별시,11230,동대문구,경동시장,55.96
20250326,11,서울특별시,11230,동대문구,경동시장,55.97
20250327,11,서울특별시,11230,동대문구,경동시장,55.96
20250328,11,서울특별시,11230,동대문구,경동시장,55.79
20250329,11,서울특별시,11230,동대문구,경동시장,57.39
20250330,11,서울특별시,11230,동대문구,경동시장,59.34
20250331,11,서울특별시,11230,동대문구,경동시장,49.85
20250401,11,서울특별시,11230,동대문구,경동시장,49.85
20250402,11,서울특별시,11230,동대문구,경동시장,49.85
20250403,11,서울특별시,11230,동대문구,경동시장,55.96
20250404,11,서울특별시,11230,동대문구,경동시장,55.97
20250405,11,서울특별시,11230,동대문구,경동시장,59.34
20250406,11,서울특별시,11230,동대문구,경동시장,64.39
20250407,11,서울특별시,11230,동대문구,경동시장,49.85
20250408,11,서울특별시,11230,동대문구,경동시장,49.85
20250409,11,서울특별시,11230,동대문구,경동시장,49.85
20250410,11,서울특별시,11230,동대문구,경동시장,49.85
20250411,11,서울특별시,11230,동대문구,경동시장,55.96
20250313,11,서울특별시,11230,동대문구,답십리 고미술상가,83.96
20250314,11,서울특별시,11230,동대문구,답십리 고미술상가,84.16
20250315,11,서울특별시,11230,동대문구,답십리 고미술상가,75.94
20250316,11,서울특별시,11230,동대문구,답십리 고미술상가,81.81
20250317,11,서울특별시,11230,동대문구,답십리 고미술상가,85.52
20250318,11,서울특별시,11230,동대문구,답십리 고미술상가,83.96
20250319,11,서울특별시,11230,동대문구,답십리 고미술상가,83.96
20250320,11,서울특별시,11230,동대문구,답십리 고미술상가,83.96
20250321,11,서울특별시,11230,동대문구,답십리 고미술상가,83.62
20250322,11,서울특별시,11230,동대문구,답십리 고미술상가,76.16
20250323,11,서울특별시,11230,동대문구,답십리 고미술상가,81.64
20250324,11,서울특별시,11230,동대문구,답십리 고미술상가,85.54
20250325,11,서울특별시,11230,동대문구,답십리 고미술상가,85.54
20250326,11,서울특별시,11230,동대문구,답십리 고미술상가,85.54
20250327,11,서울특별시,11230,동대문구,답십리 고미술상가,85.54
20250328,11,서울특별시,11230,동대문구,답십리 고미술상가,83.96
20250329,11,서울특별시,11230,동대문구,답십리 고미술상가,81.52
20250330,11,서울특별시,11230,동대문구,답십리 고미술상가,84.03
20250331,11,서울특별시,11230,동대문구,답십리 고미술상가,85.4
20250401,11,서울특별시,11230,동대문구,답십리 고미술상가,85.4
20250402,11,서울특별시,11230,동대문구,답십리 고미술상가,82.3
20250403,11,서울특별시,11230,동대문구,답십리 고미술상가,85.4
20250404,11,서울특별시,11230,동대문구,답십리 고미술상가,85.54
20250405,11,서울특별시,11230,동대문구,답십리 고미술상가,81.59
20250406,11,서울특별시,11230,동대문구,답십리 고미술상가,83.62
20250407,11,서울특별시,11230,동대문구,답십리 고미술상가,82.3
20250408,11,서울특별시,11230,동대문구,답십리 고미술상가,82.3
20250409,11,서울특별시,11230,동대문구,답십리 고미술상가,82.3
20250410,11,서울특별시,11230,동대문구,답십리 고미술상가,82.3
20250411,11,서울특별시,11230,동대문구,답십리 고미술상가,85.4
20250313,11,서울특별시,11230,동대문구,배봉산,84.94
20250314,11,서울특별시,11230,동대문구,배봉산,83.17
20250315,11,서울특별시,11230,동대문구,배봉산,82.69
20250316,11,서울특별시,11230,동대문구,배봉산,83.92
20250317,11,서울특별시,11230,동대문구,배봉산,84.95
20250318,11,서울특별시,11230,동대문구,배봉산,84.95
20250319,11,서울특별시,11230,동대문구,배봉산,84.95
20250320,11,서울특별시,11230,동대문구,배봉산,84.95
20250321,11,서울특별시,11230,동대문구,배봉산,85.19
20250322,11,서울특별시,11230,동대문구,배봉산,82.52
20250323,11,서울특별시,11230,동대문구,배봉산,83.97
20250324,11,서울특별시,11230,동대문구,배봉산,85.13
20250325,11,서울특별시,11230,동대문구,배봉산,85.13
20250326,11,서울특별시,11230,동대문구,배봉산,85.13
20250327,11,서울특별시,11230,동대문구,배봉산,85.13
20250328,11,서울특별시,11230,동대문구,배봉산,84.95
20250329,11,서울특별시,11230,동대문구,배봉산,83.98
20250330,11,서울특별시,11230,동대문구,배봉산,84.52
20250331,11,서울특별시,11230,동대문구,배봉산,86.3
20250401,11,서울특별시,11230,동대문구,배봉산,86.3
20250402,11,서울특별시,11230,동대문구,배봉산,86.3
20250403,11,서울특별시,11230,동대문구,배봉산,86.3
20250404,11,서울특별시,11230,동대문구,배봉산,85.13
20250405,11,서울특별시,11230,동대문구,배봉산,84.65
20250406,11,서울특별시,11230,동대문구,배봉산,84.34
20250407,11,서울특별시,11230,동대문구,배봉산,86.3
20250408,11,서울특별시,11230,동대문구,배봉산,86.3
20250409,11,서울특별시,11230,동대문구,배봉산,86.34
20250410,11,서울특별시,11230,동대문구,배봉산,86.3
20250411,11,서울특별시,11230,동대문구,배봉산,86.3
20250313,11,서울특별시,11230,동대문구,서울 약령시장,73.63
20250314,11,서울특별시,11230,동대문구,서울 약령시장,72.93
20250315,11,서울특별시,11230,동대문구,서울 약령시장,68.3
20250316,11,서울특별시,11230,동대문구,서울 약령시장,69.91
20250317,11,서울특별시,11230,동대문구,서울 약령시장,69.47
20250318,11,서울특별시,11230,동대문구,서울 약령시장,73.65
20250319,11,서울특별시,11230,동대문구,서울 약령시장,73.65
20250320,11,서울특별시,11230,동대문구,서울 약령시장,73.65
20250321,11,서울특별시,11230,동대문구,서울 약령시장,74.58
20250322,11,서울특별시,11230,동대문구,서울 약령시장,73.53
20250323,11,서울특별시,11230,동대문구,서울 약령시장,70.91
20250324,11,서울특별시,11230,동대문구,서울 약령시장,70.17
20250325,11,서울특별시,11230,동대문구,서울 약령시장,70.17
20250326,11,서울특별시,11230,동대문구,서울 약령시장,70.17
20250327,11,서울특별시,11230,동대문구,서울 약령시장,70.17
20250328,11,서울특별시,11230,동대문구,서울 약령시장,73.65
20250329,11,서울특별시,11230,동대문구,서울 약령시장,70.91
20250330,11,서울특별시,11230,동대문구,서울 약령시장,71.05
20250331,11,서울특별시,11230,동대문구,서울 약령시장,71.46
20250401,11,서울특별시,11230,동대문구,서울 약령시장,71.46
20250402,11,서울특별시,11230,동대문구,서울 약령시장,71.46
20250403,11,서울특별시,11230,동대문구,서울 약령시장,71.46
20250404,11,서울특별시,11230,동대문구,서울 약령시장,70.17
20250405,11,서울특별시,11230,동대문구,서울 약령시장,71.92
20250406,11,서울특별시,11230,동대문구,서울 약령시장,74.58
20250407,11,서울특별시,11230,동대문구,서울 약령시장,71.46
20250408,11,서울특별시,11230,동대문구,서울 약령시장,71.89
20250409,11,서울특별시,11230,동대문구,서울 약령시장,71.89
20250410,11,서울특별시,11230,동대문구,서울 약령시장,71.89
20250411,11,서울특별시,11230,동대문구,서울 약령시장,70.17
20250313,11,서울특별시,11230,동대문구,서울 영휘원(순헌황귀비)과 숭인원(이진),71.99
20250314,11,서울특별시,11230,동대문구,서울 영휘원(순헌황귀비)과 숭인원(이진),72.82
20250315,11,서울특별시,11230,동대문구,서울 영휘원(순헌황귀비)과 숭인원(이진),70.46
20250316,11,서울특별시,11230,동대문구,서울 영휘원(순헌황귀비)과 숭인원(이진),70.49
20250317,11,서울특별시,11230,동대문구,서울 영휘원(순헌황귀비)과 숭인원(이진),71.98
20250318,11,서울특별시,11230,동대문구,서울 영휘원(순헌황귀비)과 숭인원(이진),71.98
20250319,11,서울특별시,11230,동대문구,서울 영휘원(순헌황귀비)과 숭인원(이진),71.98
20250320,11,서울특별시,11230,동대문구,서울 영휘원(순헌황귀비)과 숭인원(이진),71.98
20250321,11,서울특별시,11230,동대문구,서울 영휘원(순헌황귀비)과 숭인원(이진),71.99
20250322,11,서울특별시,11230,동대문구,서울 영휘원(순헌황귀비)과 숭인원(이진),70.46
20250323,11,서울특별시,11230,동대문구,서울 영휘원(순헌황귀비)과 숭인원(이진),70.46
20250324,11,서울특별시,11230,동대문구,서울 영휘원(순헌황귀비)과 숭인원(이진),72.03
20250325,11,서울특별시,11230,동대문구,서울 영휘원(순헌황귀비)과 숭인원(이진),72.03
20250326,11,서울특별시,11230,동대문구,서울 영휘원(순헌황귀비)과 숭인원(이진),72.03
20250327,11,서울특별시,11230,동대문구,서울 영휘원(순헌황귀비)과 숭인원(이진),72.03
20250328,11,서울특별시,11230,동대문구,서울 영휘원(순헌황귀비)과 숭인원(이진),71.98
20250329,11,서울특별시,11230,동대문구,서울 영휘원(순헌황귀비)과 숭인원(이진),70.5
20250330,11,서울특별시,11230,동대문구,서울 영휘원(순헌황귀비)과 숭인원(이진),72.82
20250331,11,서울특별시,11230,동대문구,서울 영휘원(순헌황귀비)과 숭인원(이진),72.03
20250401,11,서울특별시,11230,동대문구,서울 영휘원(순헌황귀비)과 숭인원(이진),72.03
20250402,11,서울특별시,11230,동대문구,서울 영휘원(순헌황귀비)과 숭인원(이진),72.01
20250403,11,서울특별시,11230,동대문구,서울 영휘원(순헌황귀비)과 숭인원(이진),72.03
20250404,11,서울특별시,11230,동대문구,서울 영휘원(순헌황귀비)과 숭인원(이진),72.03
20250405,11,서울특별시,11230,동대문구,서울 영휘원(순헌황귀비)과 숭인원(이진),70.5
20250406,11,서울특별시,11230,동대문구,서울 영휘원(순헌황귀비)과 숭인원(이진),71.99
20250407,11,서울특별시,11230,동대문구,서울 영휘원(순헌황귀비)과 숭인원(이진),72.01
20250408,11,서울특별시,11230,동대문구,서울 영휘원(순헌황귀비)과 숭인원(이진),72.01
20250409,11,서울특별시,11230,동대문구,서울 영휘원(순헌황귀비)과 숭인원(이진),72.01
20250410,11,서울특별시,11230,동대문구,서울 영휘원(순헌황귀비)과 숭인원(이진),72.01
20250411,11,서울특별시,11230,동대문구,서울 영휘원(순헌황귀비)과 숭인원(이진),72.03
20250313,11,서울특별시,11230,동대문구,서울약령시 한의약박물관,97.04
20250314,11,서울특별시,11230,동대문구,서울약령시 한의약박물관,98.25
20250315,11,서울특별시,11230,동대문구,서울약령시 한의약박물관,99.43
20250316,11,서울특별시,11230,동대문구,서울약령시 한의약박물관,98.86
20250317,11,서울특별시,11230,동대문구,서울약령시 한의약박물관,97.04
20250318,11,서울특별시,11230,동대문구,서울약령시 한의약박물관,97.04
20250319,11,서울특별시,11230,동대문구,서울약령시 한의약박물관,97.04
20250320,11,서울특별시,11230,동대문구,서울약령시 한의약박물관,97.04
20250321,11,서울특별시,11230,동대문구,서울약령시 한의약박물관,98.25
20250322,11,서울특별시,11230,동대문구,서울약령시 한의약박물관,99.43
20250323,11,서울특별시,11230,동대문구,서울약령시 한의약박물관,99.23
20250324,11,서울특별시,11230,동대문구,서울약령시 한의약박물관,97.03
20250325,11,서울특별시,11230,동대문구,서울약령시 한의약박물관,97.03
20250326,11,서울특별시,11230,동대문구,서울약령시 한의약박물관,97.03
20250327,11,서울특별시,11230,동대문구,서울약령시 한의약박물관,97.03
20250328,11,서울특별시,11230,동대문구,서울약령시 한의약박물관,97.04
20250329,11,서울특별시,11230,동대문구,서울약령시 한의약박물관,99.24
20250330,11,서울특별시,11230,동대문구,서울약령시 한의약박물관,98.24
20250331,11,서울특별시,11230,동대문구,서울약령시 한의약박물관,59.49
20250401,11,서울특별시,11230,동대문구,서울약령시 한의약박물관,59.49
20250402,11,서울특별시,11230,동대문구,서울약령시 한의약박물관,59.52
20250403,11,서울특별시,11230,동대문구,서울약령시 한의약박물관,59.49
20250404,11,서울특별시,11230,동대문구,서울약령시 한의약박물관,97.03
20250405,11,서울특별시,11230,동대문구,서울약령시 한의약박물관,98.84
20250406,11,서울특별시,11230,동대문구,서울약령시 한의약박물관,98.25
20250407,11,서울특별시,11230,동대문구,서울약령시 한의약박물관,59.52
20250408,11,서울특별시,11230,동대문구,서울약령시 한의약박물관,59.52
20250409,11,서울특별시,11230,동대문구,서울약령시 한의약박물관,59.52
20250410,11,서울특별시,11230,동대문구,서울약령시 한의약박물관,59.52
20250411,11,서울특별시,11230,동대문구,서울약령시 한의약박물관,59.49
20250313,11,서울특별시,11230,동대문구,서울풍물시장,37.98
20250314,11,서울특별시,11230,동대문구,서울풍물시장,36.98
20250315,11,서울특별시,11230,동대문구,서울풍물시장,90.15
20250316,11,서울특별시,11230,동대문구,서울풍물시장,42.26
20250317,11,서울특별시,11230,동대문구,서울풍물시장,35.01
20250318,11,서울특별시,11230,동대문구,서울풍물시장,38.03
20250319,11,서울특별시,11230,동대문구,서울풍물시장,38.03
20250320,11,서울특별시,11230,동대문구,서울풍물시장,38.03
20250321,11,서울특별시,11230,동대문구,서울풍물시장,37.94
20250322,11,서울특별시,11230,동대문구,서울풍물시장,85.96
20250323,11,서울특별시,11230,동대문구,서울풍물시장,42.23
20250324,11,서울특별시,11230,동대문구,서울풍물시장,34.99
20250325,11,서울특별시,11230,동대문구,서울풍물시장,34.99
20250326,11,서울특별시,11230,동대문구,서울풍물시장,34.99
20250327,11,서울특별시,11230,동대문구,서울풍물시장,34.99
20250328,11,서울특별시,11230,동대문구,서울풍물시장,38.03
20250329,11,서울특별시,11230,동대문구,서울풍물시장,42.14
20250330,11,서울특별시,11230,동대문구,서울풍물시장,39.63
20250331,11,서울특별시,11230,동대문구,서울풍물시장,34.99
20250401,11,서울특별시,11230,동대문구,서울풍물시장,34.99
20250402,11,서울특별시,11230,동대문구,서울풍물시장,35.7
20250403,11,서울특별시,11230,동대문구,서울풍물시장,34.99
20250404,11,서울특별시,11230,동대문구,서울풍물시장,34.99
20250405,11,서울특별시,11230,동대문구,서울풍물시장,39.7
20250406,11,서울특별시,11230,동대문구,서울풍물시장,37.94
20250407,11,서울특별시,11230,동대문구,서울풍물시장,35.7
20250408,11,서울특별시,11230,동대문구,서울풍물시장,35.7
20250409,11,서울특별시,11230,동대문구,서울풍물시장,53.24
20250410,11,서울특별시,11230,동대문구,서울풍물시장,35.7
20250411,11,서울특별시,11230,동대문구,서울풍물시장,34.99
20250313,11,서울특별시,11230,동대문구,세종대왕박물관,52.22
20250314,11,서울특별시,11230,동대문구,세종대왕박물관,64.21
20250315,11,서울특별시,11230,동대문구,세종대왕박물관,32.57
20250316,11,서울특별시,11230,동대문구,세종대왕박물관,44.79
20250317,11,서울특별시,11230,동대문구,세종대왕박물관,48.4
20250318,11,서울특별시,11230,동대문구,세종대왕박물관,48.4
20250319,11,서울특별시,11230,동대문구,세종대왕박물관,48.4
20250320,11,서울특별시,11230,동대문구,세종대왕박물관,48.4
20250321,11,서울특별시,11230,동대문구,세종대왕박물관,64.58
20250322,11,서울특별시,11230,동대문구,세종대왕박물관,40.21
20250323,11,서울특별시,11230,동대문구,세종대왕박물관,72.66
20250324,11,서울특별시,11230,동대문구,세종대왕박물관,47.84
20250325,11,서울특별시,11230,동대문구,세종대왕박물관,47.84
20250326,11,서울특별시,11230,동대문구,세종대왕박물관,47.84
20250327,11,서울특별시,11230,동대문구,세종대왕박물관,47.84
20250328,11,서울특별시,11230,동대문구,세종대왕박물관,48.4
20250329,11,서울특별시,11230,동대문구,세종대왕박물관,72.66
20250330,11,서울특별시,11230,동대문구,세종대왕박물관,58.58
20250331,11,서울특별시,11230,동대문구,세종대왕박물관,48.75
20250401,11,서울특별시,11230,동대문구,세종대왕박물관,48.75
20250402,11,서울특별시,11230,동대문구,세종대왕박물관,48.75
20250403,11,서울특별시,11230,동대문구,세종대왕박물관,48.75
20250404,11,서울특별시,11230,동대문구,세종대왕박물관,47.84
20250405,11,서울특별시,11230,동대문구,세종대왕박물관,59.79
20250406,11,서울특별시,11230,동대문구,세종대왕박물관,64.58
20250407,11,서울특별시,11230,동대문구,세종대왕박물관,48.81
20250408,11,서울특별시,11230,동대문구,세종대왕박물관,48.81
20250409,11,서울특별시,11230,동대문구,세종대왕박물관,48.81
20250410,11,서울특별시,11230,동대문구,세종대왕박물관,48.81
20250411,11,서울특별시,11230,동대문구,세종대왕박물관,48.75
20250313,11,서울특별시,11230,동대문구,연화사(서울),91.29
20250314,11,서울특별시,11230,동대문구,연화사(서울),90.77
20250315,11,서울특별시,11230,동대문구,연화사(서울),27.94
20250316,11,서울특별시,11230,동대문구,연화사(서울),80.57
20250317,11,서울특별시,11230,동대문구,연화사(서울),91.98
20250318,11,서울특별시,11230,동대문구,연화사(서울),91.57
20250319,11,서울특별시,11230,동대문구,연화사(서울),91.57
20250320,11,서울특별시,11230,동대문구,연화사(서울),91.57
20250321,11,서울특별시,11230,동대문구,연화사(서울),90.59
20250322,11,서울특별시,11230,동대문구,연화사(서울),28.01
20250323,11,서울특별시,11230,동대문구,연화사(서울),78.6
20250324,11,서울특별시,11230,동대문구,연화사(서울),76.74
20250325,11,서울특별시,11230,동대문구,연화사(서울),76.74
20250326,11,서울특별시,11230,동대문구,연화사(서울),76.74
20250327,11,서울특별시,11230,동대문구,연화사(서울),76.74
20250328,11,서울특별시,11230,동대문구,연화사(서울),91.57
20250329,11,서울특별시,11230,동대문구,연화사(서울),60.34
20250330,11,서울특별시,11230,동대문구,연화사(서울),89.04
20250331,11,서울특별시,11230,동대문구,연화사(서울),91.76
20250401,11,서울특별시,11230,동대문구,연화사(서울),91.76
20250402,11,서울특별시,11230,동대문구,연화사(서울),93.07
20250403,11,서울특별시,11230,동대문구,연화사(서울),91.76
20250404,11,서울특별시,11230,동대문구,연화사(서울),76.74
20250405,11,서울특별시,11230,동대문구,연화사(서울),79.71
20250406,11,서울특별시,11230,동대문구,연화사(서울),90.59
20250407,11,서울특별시,11230,동대문구,연화사(서울),93.07
20250408,11,서울특별시,11230,동대문구,연화사(서울),93.07
20250409,11,서울특별시,11230,동대문구,연화사(서울),93.07
20250410,11,서울특별시,11230,동대문구,연화사(서울),93.07
20250411,11,서울특별시,11230,동대문구,연화사(서울),91.76
20250313,11,서울특별시,11230,동대문구,오미요리연구소,85.61
20250314,11,서울특별시,11230,동대문구,오미요리연구소,76.68
20250315,11,서울특별시,11230,동대문구,오미요리연구소,91.71
20250316,11,서울특별시,11230,동대문구,오미요리연구소,88.22
20250317,11,서울특별시,11230,동대문구,오미요리연구소,86.47
20250318,11,서울특별시,11230,동대문구,오미요리연구소,86.47
20250319,11,서울특별시,11230,동대문구,오미요리연구소,86.47
20250320,11,서울특별시,11230,동대문구,오미요리연구소,86.47
20250321,11,서울특별시,11230,동대문구,오미요리연구소,80.47
20250322,11,서울특별시,11230,동대문구,오미요리연구소,84.46
20250323,11,서울특별시,11230,동대문구,오미요리연구소,88.4
20250324,11,서울특별시,11230,동대문구,오미요리연구소,86.47
20250325,11,서울특별시,11230,동대문구,오미요리연구소,86.06
20250326,11,서울특별시,11230,동대문구,오미요리연구소,86.06
20250327,11,서울특별시,11230,동대문구,오미요리연구소,86.06
20250328,11,서울특별시,11230,동대문구,오미요리연구소,86.47
20250329,11,서울특별시,11230,동대문구,오미요리연구소,88.55
20250330,11,서울특별시,11230,동대문구,오미요리연구소,76.89
20250331,11,서울특별시,11230,동대문구,오미요리연구소,85.98
20250401,11,서울특별시,11230,동대문구,오미요리연구소,85.98
20250402,11,서울특별시,11230,동대문구,오미요리연구소,85.98
20250403,11,서울특별시,11230,동대문구,오미요리연구소,85.98
20250404,11,서울특별시,11230,동대문구,오미요리연구소,86.47
20250405,11,서울특별시,11230,동대문구,오미요리연구소,76.9
20250406,11,서울특별시,11230,동대문구,오미요리연구소,80.47
20250407,11,서울특별시,11230,동대문구,오미요리연구소,89.15
20250408,11,서울특별시,11230,동대문구,오미요리연구소,89.15
20250409,11,서울특별시,11230,동대문구,오미요리연구소,89.15
20250410,11,서울특별시,11230,동대문구,오미요리연구소,89.15
20250411,11,서울특별시,11230,동대문구,오미요리연구소,85.98
20250313,11,서울특별시,11230,동대문구,용두동 쭈꾸미골목,71.54
20250314,11,서울특별시,11230,동대문구,용두동 쭈꾸미골목,69.65
20250315,11,서울특별시,11230,동대문구,용두동 쭈꾸미골목,80.55
20250316,11,서울특별시,11230,동대문구,용두동 쭈꾸미골목,70.75
20250317,11,서울특별시,11230,동대문구,용두동 쭈꾸미골목,73.16
20250318,11,서울특별시,11230,동대문구,용두동 쭈꾸미골목,73.16
20250319,11,서울특별시,11230,동대문구,용두동 쭈꾸미골목,73.16
20250320,11,서울특별시,11230,동대문구,용두동 쭈꾸미골목,73.16
20250321,11,서울특별시,11230,동대문구,용두동 쭈꾸미골목,65.47
20250322,11,서울특별시,11230,동대문구,용두동 쭈꾸미골목,66.7
20250323,11,서울특별시,11230,동대문구,용두동 쭈꾸미골목,61.45
20250324,11,서울특별시,11230,동대문구,용두동 쭈꾸미골목,84.72
20250325,11,서울특별시,11230,동대문구,용두동 쭈꾸미골목,84.72
20250326,11,서울특별시,11230,동대문구,용두동 쭈꾸미골목,84.72
20250327,11,서울특별시,11230,동대문구,용두동 쭈꾸미골목,84.72
20250328,11,서울특별시,11230,동대문구,용두동 쭈꾸미골목,73.16
20250329,11,서울특별시,11230,동대문구,용두동 쭈꾸미골목,61.91
20250330,11,서울특별시,11230,동대문구,용두동 쭈꾸미골목,69.76
20250331,11,서울특별시,11230,동대문구,용두동 쭈꾸미골목,87.31
20250401,11,서울특별시,11230,동대문구,용두동 쭈꾸미골목,87.31
20250402,11,서울특별시,11230,동대문구,용두동 쭈꾸미골목,86.84
20250403,11,서울특별시,11230,동대문구,용두동 쭈꾸미골목,87.31
20250404,11,서울특별시,11230,동대문구,용두동 쭈꾸미골목,84.72
20250405,11,서울특별시,11230,동대문구,용두동 쭈꾸미골목,71.13
20250406,11,서울특별시,11230,동대문구,용두동 쭈꾸미골목,69.65
20250407,11,서울특별시,11230,동대문구,용두동 쭈꾸미골목,86.84
20250408,11,서울특별시,11230,동대문구,용두동 쭈꾸미골목,86.84
20250409,11,서울특별시,11230,동대문구,용두동 쭈꾸미골목,87.22
20250410,11,서울특별시,11230,동대문구,용두동 쭈꾸미골목,86.84
20250411,11,서울특별시,11230,동대문구,용두동 쭈꾸미골목,87.31
20250313,11,서울특별시,11230,동대문구,이경시장,75.81
20250314,11,서울특별시,11230,동대문구,이경시장,88.88
20250315,11,서울특별시,11230,동대문구,이경시장,87.31
20250316,11,서울특별시,11230,동대문구,이경시장,88.88
20250317,11,서울특별시,11230,동대문구,이경시장,75.81
20250318,11,서울특별시,11230,동대문구,이경시장,75.81
20250319,11,서울특별시,11230,동대문구,이경시장,75.81
20250320,11,서울특별시,11230,동대문구,이경시장,75.81
20250321,11,서울특별시,11230,동대문구,이경시장,88.98
20250322,11,서울특별시,11230,동대문구,이경시장,86.99
20250323,11,서울특별시,11230,동대문구,이경시장,88.88
20250324,11,서울특별시,11230,동대문구,이경시장,75.21
20250325,11,서울특별시,11230,동대문구,이경시장,75.21
20250326,11,서울특별시,11230,동대문구,이경시장,75.21
20250327,11,서울특별시,11230,동대문구,이경시장,75.21
20250328,11,서울특별시,11230,동대문구,이경시장,75.81
20250329,11,서울특별시,11230,동대문구,이경시장,88.88
20250330,11,서울특별시,11230,동대문구,이경시장,88.88
20250331,11,서울특별시,11230,동대문구,이경시장,75.42
20250401,11,서울특별시,11230,동대문구,이경시장,75.42
20250402,11,서울특별시,11230,동대문구,이경시장,75.42
20250403,11,서울특별시,11230,동대문구,이경시장,75.42
20250404,11,서울특별시,11230,동대문구,이경시장,75.21
20250405,11,서울특별시,11230,동대문구,이경시장,88.88
20250406,11,서울특별시,11230,동대문구,이경시장,88.88
20250407,11,서울특별시,11230,동대문구,이경시장,75.42
20250408,11,서울특별시,11230,동대문구,이경시장,75.42
20250409,11,서울특별시,11230,동대문구,이경시장,86.11
20250410,11,서울특별시,11230,동대문구,이경시장,75.42
20250411,11,서울특별시,11230,동대문구,이경시장,75.42
20250313,11,서울특별시,11230,동대문구,장안근린공원,66.8
20250314,11,서울특별시,11230,동대문구,장안근린공원,72.65
20250315,11,서울특별시,11230,동대문구,장안근린공원,69.37
20250316,11,서울특별시,11230,동대문구,장안근린공원,65.47
20250317,11,서울특별시,11230,동대문구,장안근린공원,75.18
20250318,11,서울특별시,11230,동대문구,장안근린공원,75.18
20250319,11,서울특별시,11230,동대문구,장안근린공원,75.18
20250320,11,서울특별시,11230,동대문구,장안근린공원,75.18
20250321,11,서울특별시,11230,동대문구,장안근린공원,72.06
20250322,11,서울특별시,11230,동대문구,장안근린공원,57.23
20250313,11,서울특별시,11260,중랑구,극락사(서울),71.02
20250314,11,서울특별시,11260,중랑구,극락사(서울),71.02
20250315,11,서울특별시,11260,중랑구,극락사(서울),91.6
20250316,11,서울특별시,11260,중랑구,극락사(서울),91.39
20250317,11,서울특별시,11260,중랑구,극락사(서울),71.15
20250318,11,서울특별시,11260,중랑구,극락사(서울),71.09
20250319,11,서울특별시,11260,중랑구,극락사(서울),71.32
20250320,11,서울특별시,11260,중랑구,극락사(서울),71.09
20250321,11,서울특별시,11260,중랑구,극락사(서울),71.6
20250322,11,서울특별시,11260,중랑구,극락사(서울),85.92
20250323,11,서울특별시,11260,중랑구,극락사(서울),89.08
20250324,11,서울특별시,11260,중랑구,극락사(서울),71.02
20250325,11,서울특별시,11260,중랑구,극락사(서울),71.36
20250326,11,서울특별시,11260,중랑구,극락사(서울),71.09
20250327,11,서울특별시,11260,중랑구,극락사(서울),71.27
20250328,11,서울특별시,11260,중랑구,극락사(서울),71.25
20250329,11,서울특별시,11260,중랑구,극락사(서울),83.09
20250330,11,서울특별시,11260,중랑구,극락사(서울),79.44
20250331,11,서울특별시,11260,중랑구,극락사(서울),71.32
20250401,11,서울특별시,11260,중랑구,극락사(서울),71.6
20250402,11,서울특별시,11260,중랑구,극락사(서울),71.2
20250403,11,서울특별시,11260,중랑구,극락사(서울),71.6
20250404,11,서울특별시,11260,중랑구,극락사(서울),71.35
20250405,11,서울특별시,11260,중랑구,극락사(서울),79.44
20250406,11,서울특별시,11260,중랑구,극락사(서울),79.44
20250407,11,서울특별시,11260,중랑구,극락사(서울),71.6
20250408,11,서울특별시,11260,중랑구,극락사(서울),71.25
20250409,11,서울특별시,11260,중랑구,극락사(서울),71.25
20250410,11,서울특별시,11260,중랑구,극락사(서울),71.35
20250411,11,서울특별시,11260,중랑구,극락사(서울),70.04
20250313,11,서울특별시,11260,중랑구,망우산(서울),90.09
20250314,11,서울특별시,11260,중랑구,망우산(서울),90.09
20250315,11,서울특별시,11260,중랑구,망우산(서울),93.3
20250316,11,서울특별시,11260,중랑구,망우산(서울),93.36
20250317,11,서울특별시,11260,중랑구,망우산(서울),93.63
20250318,11,서울특별시,11260,중랑구,망우산(서울),87.54
20250319,11,서울특별시,11260,중랑구,망우산(서울),87.54
20250320,11,서울특별시,11260,중랑구,망우산(서울),87.54
20250321,11,서울특별시,11260,중랑구,망우산(서울),95.59
20250322,11,서울특별시,11260,중랑구,망우산(서울),95.26
20250323,11,서울특별시,11260,중랑구,망우산(서울),90.4
20250324,11,서울특별시,11260,중랑구,망우산(서울),90.09
20250325,11,서울특별시,11260,중랑구,망우산(서울),87.78
20250326,11,서울특별시,11260,중랑구,망우산(서울),86.67
20250327,11,서울특별시,11260,중랑구,망우산(서울),87.18
20250328,11,서울특별시,11260,중랑구,망우산(서울),93.47
20250329,11,서울특별시,11260,중랑구,망우산(서울),88.88
20250330,11,서울특별시,11260,중랑구,망우산(서울),89.55
20250331,11,서울특별시,11260,중랑구,망우산(서울),87.54
20250401,11,서울특별시,11260,중랑구,망우산(서울),90.23
20250402,11,서울특별시,11260,중랑구,망우산(서울),87.25
20250403,11,서울특별시,11260,중랑구,망우산(서울),90.1
20250404,11,서울특별시,11260,중랑구,망우산(서울),92.81
20250405,11,서울특별시,11260,중랑구,망우산(서울),90.37
20250406,11,서울특별시,11260,중랑구,망우산(서울),89.55
20250407,11,서울특별시,11260,중랑구,망우산(서울),95.59
20250408,11,서울특별시,11260,중랑구,망우산(서울),93.47
20250409,11,서울특별시,11260,중랑구,망우산(서울),93.47
20250410,11,서울특별시,11260,중랑구,망우산(서울),94.93
20250411,11,서울특별시,11260,중랑구,망우산(서울),91.18
20250313,11,서울특별시,11260,중랑구,면목시장,57.57
20250314,11,서울특별시,11260,중랑구,면목시장,57.57
20250315,11,서울특별시,11260,중랑구,면목시장,64.93
20250316,11,서울특별시,11260,중랑구,면목시장,66.36
20250317,11,서울특별시,11260,중랑구,면목시장,57.54
20250318,11,서울특별시,11260,중랑구,면목시장,49.2
20250319,11,서울특별시,11260,중랑구,면목시장,49.2
20250320,11,서울특별시,11260,중랑구,면목시장,49.2
20250321,11,서울특별시,11260,중랑구,면목시장,52.3
20250322,11,서울특별시,11260,중랑구,면목시장,77.25
20250323,11,서울특별시,11260,중랑구,면목시장,77.28
20250324,11,서울특별시,11260,중랑구,면목시장,57.57
20250325,11,서울특별시,11260,중랑구,면목시장,52.52
20250326,11,서울특별시,11260,중랑구,면목시장,49.22
20250327,11,서울특별시,11260,중랑구,면목시장,51.89
20250328,11,서울특별시,11260,중랑구,면목시장,52.25
20250329,11,서울특별시,11260,중랑구,면목시장,77.04
20250330,11,서울특별시,11260,중랑구,면목시장,77.06
20250331,11,서울특별시,11260,중랑구,면목시장,49.2
20250401,11,서울특별시,11260,중랑구,면목시장,52.5
20250402,11,서울특별시,11260,중랑구,면목시장,52.44
20250403,11,서울특별시,11260,중랑구,면목시장,52.5
20250404,11,서울특별시,11260,중랑구,면목시장,64.11
20250405,11,서울특별시,11260,중랑구,면목시장,80.78
20250406,11,서울특별시,11260,중랑구,면목시장,77.06
20250407,11,서울특별시,11260,중랑구,면목시장,52.3
20250408,11,서울특별시,11260,중랑구,면목시장,52.25
20250409,11,서울특별시,11260,중랑구,면목시장,52.25
20250410,11,서울특별시,11260,중랑구,면목시장,64.17
20250411,11,서울특별시,11260,중랑구,면목시장,61.51
20250313,11,서울특별시,11260,중랑구,봉화산(서울),98.28
20250314,11,서울특별시,11260,중랑구,봉화산(서울),98.28
20250315,11,서울특별시,11260,중랑구,봉화산(서울),98.14
20250316,11,서울특별시,11260,중랑구,봉화산(서울),98.13
20250317,11,서울특별시,11260,중랑구,봉화산(서울),98.32
20250318,11,서울특별시,11260,중랑구,봉화산(서울),98.14
20250319,11,서울특별시,11260,중랑구,봉화산(서울),98.14
20250320,11,서울특별시,11260,중랑구,봉화산(서울),98.14
20250321,11,서울특별시,11260,중랑구,봉화산(서울),98.13
20250322,11,서울특별시,11260,중랑구,봉화산(서울),98.13
20250323,11,서울특별시,11260,중랑구,봉화산(서울),98.13
20250324,11,서울특별시,11260,중랑구,봉화산(서울),98.28
20250325,11,서울특별시,11260,중랑구,봉화산(서울),98.14
20250326,11,서울특별시,11260,중랑구,봉화산(서울),98.13
20250327,11,서울특별시,11260,중랑구,봉화산(서울),98.13
20250328,11,서울특별시,11260,중랑구,봉화산(서울),98.16
20250329,11,서울특별시,11260,중랑구,봉화산(서울),98.14
20250330,11,서울특별시,11260,중랑구,봉화산(서울),98.14
20250331,11,서울특별시,11260,중랑구,봉화산(서울),98.14
20250401,11,서울특별시,11260,중랑구,봉화산(서울),98.13
20250402,11,서울특별시,11260,중랑구,봉화산(서울),98.14
20250403,11,서울특별시,11260,중랑구,봉화산(서울),98.13
20250404,11,서울특별시,11260,중랑구,봉화산(서울),98.18
20250405,11,서울특별시,11260,중랑구,봉화산(서울),98.29
20250406,11,서울특별시,11260,중랑구,봉화산(서울),98.14
20250407,11,서울특별시,11260,중랑구,봉화산(서울),98.13
20250408,11,서울특별시,11260,중랑구,봉화산(서울),98.16
20250409,11,서울특별시,11260,중랑구,봉화산(서울),98.16
20250410,11,서울특별시,11260,중랑구,봉화산(서울),98.18
20250411,11,서울특별시,11260,중랑구,봉화산(서울),98.21
20250313,11,서울특별시,11260,중랑구,봉화산근린공원,98.9
20250314,11,서울특별시,11260,중랑구,봉화산근린공원,98.9
20250315,11,서울특별시,11260,중랑구,봉화산근린공원,98.88
20250316,11,서울특별시,11260,중랑구,봉화산근린공원,98.88
20250317,11,서울특별시,11260,중랑구,봉화산근린공원,98.92
20250318,11,서울특별시,11260,중랑구,봉화산근린공원,98.91
20250319,11,서울특별시,11260,중랑구,봉화산근린공원,98.91
20250320,11,서울특별시,11260,중랑구,봉화산근린공원,98.91
20250321,11,서울특별시,11260,중랑구,봉화산근린공원,98.91
20250322,11,서울특별시,11260,중랑구,봉화산근린공원,98.96
20250323,11,서울특별시,11260,중랑구,봉화산근린공원,98.96
20250324,11,서울특별시,11260,중랑구,봉화산근린공원,98.9
20250325,11,서울특별시,11260,중랑구,봉화산근린공원,98.91
20250326,11,서울특별시,11260,중랑구,봉화산근린공원,98.91
20250327,11,서울특별시,11260,중랑구,봉화산근린공원,98.91
20250328,11,서울특별시,11260,중랑구,봉화산근린공원,98.91
20250329,11,서울특별시,11260,중랑구,봉화산근린공원,98.94
20250330,11,서울특별시,11260,중랑구,봉화산근린공원,98.94
20250331,11,서울특별시,11260,중랑구,봉화산근린공원,98.91
20250401,11,서울특별시,11260,중랑구,봉화산근린공원,98.91
20250402,11,서울특별시,11260,중랑구,봉화산근린공원,98.91
20250403,11,서울특별시,11260,중랑구,봉화산근린공원,98.91
20250404,11,서울특별시,11260,중랑구,봉화산근린공원,98.91
20250405,11,서울특별시,11260,중랑구,봉화산근린공원,98.94
20250406,11,서울특별시,11260,중랑구,봉화산근린공원,98.94
20250407,11,서울특별시,11260,중랑구,봉화산근린공원,98.91
20250408,11,서울특별시,11260,중랑구,봉화산근린공원,98.91
20250409,11,서울특별시,11260,중랑구,봉화산근린공원,98.91
20250410,11,서울특별시,11260,중랑구,봉화산근린공원,98.91
20250411,11,서울특별시,11260,중랑구,봉화산근린공원,98.91
20250313,11,서울특별시,11260,중랑구,사가정공원,97.2
20250314,11,서울특별시,11260,중랑구,사가정공원,97.2
20250315,11,서울특별시,11260,중랑구,사가정공원,98.86
20250316,11,서울특별시,11260,중랑구,사가정공원,97.86
20250317,11,서울특별시,11260,중랑구,사가정공원,97.49
20250318,11,서울특별시,11260,중랑구,사가정공원,97.18
20250319,11,서울특별시,11260,중랑구,사가정공원,97.18
20250320,11,서울특별시,11260,중랑구,사가정공원,97.18
20250321,11,서울특별시,11260,중랑구,사가정공원,97.38
20250322,11,서울특별시,11260,중랑구,사가정공원,95.61
20250323,11,서울특별시,11260,중랑구,사가정공원,95.55
20250324,11,서울특별시,11260,중랑구,사가정공원,97.2
20250325,11,서울특별시,11260,중랑구,사가정공원,97.6
20250326,11,서울특별시,11260,중랑구,사가정공원,97.17
20250327,11,서울특별시,11260,중랑구,사가정공원,97.16
20250328,11,서울특별시,11260,중랑구,사가정공원,97.35
20250329,11,서울특별시,11260,중랑구,사가정공원,95.53
20250330,11,서울특별시,11260,중랑구,사가정공원,95.64
20250331,11,서울특별시,11260,중랑구,사가정공원,97.18
20250401,11,서울특별시,11260,중랑구,사가정공원,97.51
20250402,11,서울특별시,11260,중랑구,사가정공원,97.52
20250403,11,서울특별시,11260,중랑구,사가정공원,97.52
20250404,11,서울특별시,11260,중랑구,사가정공원,98.88
20250405,11,서울특별시,11260,중랑구,사가정공원,96.31
20250406,11,서울특별시,11260,중랑구,사가정공원,95.64
20250407,11,서울특별시,11260,중랑구,사가정공원,97.38
20250408,11,서울특별시,11260,중랑구,사가정공원,97.35
20250409,11,서울특별시,11260,중랑구,사가정공원,97.35
20250410,11,서울특별시,11260,중랑구,사가정공원,98.87
20250411,11,서울특별시,11260,중랑구,사가정공원,99.09
20250313,11,서울특별시,11260,중랑구,삼룡사,95.37
20250314,11,서울특별시,11260,중랑구,삼룡사,95.37
20250315,11,서울특별시,11260,중랑구,삼룡사,97.18
20250316,11,서울특별시,11260,중랑구,삼룡사,96.91
20250317,11,서울특별시,11260,중랑구,삼룡사,95.79
20250318,11,서울특별시,11260,중랑구,삼룡사,95.14
20250319,11,서울특별시,11260,중랑구,삼룡사,95.14
20250320,11,서울특별시,11260,중랑구,삼룡사,95.14
20250321,11,서울특별시,11260,중랑구,삼룡사,91.04
20250322,11,서울특별시,11260,중랑구,삼룡사,89.13
20250323,11,서울특별시,11260,중랑구,삼룡사,89.09
20250324,11,서울특별시,11260,중랑구,삼룡사,95.23
20250325,11,서울특별시,11260,중랑구,삼룡사,91.17
20250326,11,서울특별시,11260,중랑구,삼룡사,95.74
20250327,11,서울특별시,11260,중랑구,삼룡사,96.05
20250328,11,서울특별시,11260,중랑구,삼룡사,91.26
20250329,11,서울특별시,11260,중랑구,삼룡사,90.68
20250330,11,서울특별시,11260,중랑구,삼룡사,90.68
20250331,11,서울특별시,11260,중랑구,삼룡사,95.14
20250401,11,서울특별시,11260,중랑구,삼룡사,91.04
20250402,11,서울특별시,11260,중랑구,삼룡사,91.18
20250403,11,서울특별시,11260,중랑구,삼룡사,91.09
20250404,11,서울특별시,11260,중랑구,삼룡사,92.36
20250405,11,서울특별시,11260,중랑구,삼룡사,89.58
20250406,11,서울특별시,11260,중랑구,삼룡사,90.68
20250407,11,서울특별시,11260,중랑구,삼룡사,91.04
20250408,11,서울특별시,11260,중랑구,삼룡사,91.26
20250409,11,서울특별시,11260,중랑구,삼룡사,91.26
20250410,11,서울특별시,11260,중랑구,삼룡사,91.26
20250411,11,서울특별시,11260,중랑구,삼룡사,96.82
20250313,11,서울특별시,11260,중랑구,성덕사,82.67
20250314,11,서울특별시,11260,중랑구,성덕사,82.67
20250315,11,서울특별시,11260,중랑구,성덕사,92.68
20250316,11,서울특별시,11260,중랑구,성덕사,92.62
20250317,11,서울특별시,11260,중랑구,성덕사,84.47
20250318,11,서울특별시,11260,중랑구,성덕사,90.18
20250319,11,서울특별시,11260,중랑구,성덕사,90.18
20250320,11,서울특별시,11260,중랑구,성덕사,90.18
20250321,11,서울특별시,11260,중랑구,성덕사,90.38
20250322,11,서울특별시,11260,중랑구,성덕사,92.91
20250323,11,서울특별시,11260,중랑구,성덕사,79.77
20250324,11,서울특별시,11260,중랑구,성덕사,82.67
20250325,11,서울특별시,11260,중랑구,성덕사,90.01
20250326,11,서울특별시,11260,중랑구,성덕사,89.28
20250327,11,서울특별시,11260,중랑구,성덕사,91.51
20250328,11,서울특별시,11260,중랑구,성덕사,90.38
20250329,11,서울특별시,11260,중랑구,성덕사,79.36
20250330,11,서울특별시,11260,중랑구,성덕사,79.36
20250331,11,서울특별시,11260,중랑구,성덕사,90.18
20250401,11,서울특별시,11260,중랑구,성덕사,90.38
20250402,11,서울특별시,11260,중랑구,성덕사,90.68
20250403,11,서울특별시,11260,중랑구,성덕사,90.01
20250404,11,서울특별시,11260,중랑구,성덕사,90.21
20250405,11,서울특별시,11260,중랑구,성덕사,81.2
20250406,11,서울특별시,11260,중랑구,성덕사,79.36
20250407,11,서울특별시,11260,중랑구,성덕사,90.38
20250408,11,서울특별시,11260,중랑구,성덕사,90.38
20250409,11,서울특별시,11260,중랑구,성덕사,90.38
20250410,11,서울특별시,11260,중랑구,성덕사,90.38
20250411,11,서울특별시,11260,중랑구,성덕사,98.05
20250313,11,서울특별시,11260,중랑구,용마공원놀이동산(용마랜드),98.02
20250314,11,서울특별시,11260,중랑구,용마공원놀이동산(용마랜드),98.02
20250315,11,서울특별시,11260,중랑구,용마공원놀이동산(용마랜드),98.18
20250316,11,서울특별시,11260,중랑구,용마공원놀이동산(용마랜드),97.93
20250317,11,서울특별시,11260,중랑구,용마공원놀이동산(용마랜드),98.03
20250318,11,서울특별시,11260,중랑구,용마공원놀이동산(용마랜드),97.71
20250319,11,서울특별시,11260,중랑구,용마공원놀이동산(용마랜드),97.71
20250320,11,서울특별시,11260,중랑구,용마공원놀이동산(용마랜드),97.71
20250321,11,서울특별시,11260,중랑구,용마공원놀이동산(용마랜드),98.03
20250322,11,서울특별시,11260,중랑구,용마공원놀이동산(용마랜드),97.76
20250323,11,서울특별시,11260,중랑구,용마공원놀이동산(용마랜드),97.76
20250324,11,서울특별시,11260,중랑구,용마공원놀이동산(용마랜드),98.02
20250325,11,서울특별시,11260,중랑구,용마공원놀이동산(용마랜드),98.03
20250326,11,서울특별시,11260,중랑구,용마공원놀이동산(용마랜드),97.88
20250327,11,서울특별시,11260,중랑구,용마공원놀이동산(용마랜드),97.75
20250328,11,서울특별시,11260,중랑구,용마공원놀이동산(용마랜드),98.04
20250329,11,서울특별시,11260,중랑구,용마공원놀이동산(용마랜드),97.77
20250330,11,서울특별시,11260,중랑구,용마공원놀이동산(용마랜드),97.78
20250331,11,서울특별시,11260,중랑구,용마공원놀이동산(용마랜드),97.71
20250401,11,서울특별시,11260,중랑구,용마공원놀이동산(용마랜드),98.03
20250402,11,서울특별시,11260,중랑구,용마공원놀이동산(용마랜드),98.03
20250403,11,서울특별시,11260,중랑구,용마공원놀이동산(용마랜드),98.03
20250404,11,서울특별시,11260,중랑구,용마공원놀이동산(용마랜드),97.96
20250405,11,서울특별시,11260,중랑구,용마공원놀이동산(용마랜드),98.15
20250406,11,서울특별시,11260,중랑구,용마공원놀이동산(용마랜드),97.78
20250407,11,서울특별시,11260,중랑구,용마공원놀이동산(용마랜드),98.03
20250408,11,서울특별시,11260,중랑구,용마공원놀이동산(용마랜드),98.04
20250409,11,서울특별시,11260,중랑구,용마공원놀이동산(용마랜드),98.04
20250410,11,서울특별시,11260,중랑구,용마공원놀이동산(용마랜드),97.96
20250411,11,서울특별시,11260,중랑구,용마공원놀이동산(용마랜드),98.07
20250313,11,서울특별시,11260,중랑구,용마산,99.61
20250314,11,서울특별시,11260,중랑구,용마산,99.61
20250315,11,서울특별시,11260,중랑구,용마산,77.36
20250316,11,서울특별시,11260,중랑구,용마산,73.48
20250317,11,서울특별시,11260,중랑구,용마산,99.62
20250318,11,서울특별시,11260,중랑구,용마산,99.61
20250319,11,서울특별시,11260,중랑구,용마산,99.61
20250320,11,서울특별시,11260,중랑구,용마산,99.61
20250321,11,서울특별시,11260,중랑구,용마산,95
20250322,11,서울특별시,11260,중랑구,용마산,97.36
20250323,11,서울특별시,11260,중랑구,용마산,99.48
20250324,11,서울특별시,11260,중랑구,용마산,99.61
20250325,11,서울특별시,11260,중랑구,용마산,95.04
20250326,11,서울특별시,11260,중랑구,용마산,99.61
20250327,11,서울특별시,11260,중랑구,용마산,99.61
20250328,11,서울특별시,11260,중랑구,용마산,95
20250329,11,서울특별시,11260,중랑구,용마산,98.21
20250330,11,서울특별시,11260,중랑구,용마산,98.16
20250331,11,서울특별시,11260,중랑구,용마산,99.61
20250401,11,서울특별시,11260,중랑구,용마산,94.99
20250402,11,서울특별시,11260,중랑구,용마산,99.6
20250403,11,서울특별시,11260,중랑구,용마산,95.04
20250404,11,서울특별시,11260,중랑구,용마산,88.08
20250405,11,서울특별시,11260,중랑구,용마산,97.93
20250406,11,서울특별시,11260,중랑구,용마산,98.16
20250407,11,서울특별시,11260,중랑구,용마산,95
20250408,11,서울특별시,11260,중랑구,용마산,95
20250409,11,서울특별시,11260,중랑구,용마산,95
20250410,11,서울특별시,11260,중랑구,용마산,95
20250411,11,서울특별시,11260,중랑구,용마산,88.08
20250313,11,서울특별시,11260,중랑구,우림시장,69.78
20250314,11,서울특별시,11260,중랑구,우림시장,69.78
20250315,11,서울특별시,11260,중랑구,우림시장,85.32
20250316,11,서울특별시,11260,중랑구,우림시장,88.28
20250317,11,서울특별시,11260,중랑구,우림시장,73.31
20250318,11,서울특별시,11260,중랑구,우림시장,60.56
20250319,11,서울특별시,11260,중랑구,우림시장,60.56
20250320,11,서울특별시,11260,중랑구,우림시장,60.56
20250321,11,서울특별시,11260,중랑구,우림시장,67.76
20250322,11,서울특별시,11260,중랑구,우림시장,82.99
20250323,11,서울특별시,11260,중랑구,우림시장,65.44
20250324,11,서울특별시,11260,중랑구,우림시장,69.74
20250325,11,서울특별시,11260,중랑구,우림시장,69.68
20250326,11,서울특별시,11260,중랑구,우림시장,62.11
20250327,11,서울특별시,11260,중랑구,우림시장,62.03
20250328,11,서울특별시,11260,중랑구,우림시장,68.34
20250329,11,서울특별시,11260,중랑구,우림시장,65.52
20250330,11,서울특별시,11260,중랑구,우림시장,65.72
20250331,11,서울특별시,11260,중랑구,우림시장,60.56
20250401,11,서울특별시,11260,중랑구,우림시장,67.76
20250402,11,서울특별시,11260,중랑구,우림시장,62.28
20250403,11,서울특별시,11260,중랑구,우림시장,69.64
20250404,11,서울특별시,11260,중랑구,우림시장,93.91
20250405,11,서울특별시,11260,중랑구,우림시장,67.19
20250406,11,서울특별시,11260,중랑구,우림시장,65.72
20250407,11,서울특별시,11260,중랑구,우림시장,67.76
20250408,11,서울특별시,11260,중랑구,우림시장,68.34
20250409,11,서울특별시,11260,중랑구,우림시장,68.34
20250410,11,서울특별시,11260,중랑구,우림시장,68.34
20250411,11,서울특별시,11260,중랑구,우림시장,87.09
20250313,11,서울특별시,11260,중랑구,충익공신경진묘역,55.12
20250314,11,서울특별시,11260,중랑구,충익공신경진묘역,55.12
20250315,11,서울특별시,11260,중랑구,충익공신경진묘역,60.21
20250316,11,서울특별시,11260,중랑구,충익공신경진묘역,59.35
20250317,11,서울특별시,11260,중랑구,충익공신경진묘역,56.72
20250318,11,서울특별시,11260,중랑구,충익공신경진묘역,62.2
20250319,11,서울특별시,11260,중랑구,충익공신경진묘역,62.2
20250320,11,서울특별시,11260,중랑구,충익공신경진묘역,62.2
20250321,11,서울특별시,11260,중랑구,충익공신경진묘역,65.67
20250322,11,서울특별시,11260,중랑구,충익공신경진묘역,55.11
20250323,11,서울특별시,11260,중랑구,충익공신경진묘역,55.11
20250324,11,서울특별시,11260,중랑구,충익공신경진묘역,55.12
20250325,11,서울특별시,11260,중랑구,충익공신경진묘역,62.16
20250326,11,서울특별시,11260,중랑구,충익공신경진묘역,62.2
20250327,11,서울특별시,11260,중랑구,충익공신경진묘역,61.85
20250328,11,서울특별시,11260,중랑구,충익공신경진묘역,65.94
20250329,11,서울특별시,11260,중랑구,충익공신경진묘역,55.54
20250330,11,서울특별시,11260,중랑구,충익공신경진묘역,56.7
20250331,11,서울특별시,11260,중랑구,충익공신경진묘역,62.2
20250401,11,서울특별시,11260,중랑구,충익공신경진묘역,65.67
20250402,11,서울특별시,11260,중랑구,충익공신경진묘역,62.27
20250403,11,서울특별시,11260,중랑구,충익공신경진묘역,65.67
20250404,11,서울특별시,11260,중랑구,충익공신경진묘역,69.53
20250405,11,서울특별시,11260,중랑구,충익공신경진묘역,65.73
20250406,11,서울특별시,11260,중랑구,충익공신경진묘역,56.7
20250407,11,서울특별시,11260,중랑구,충익공신경진묘역,65.67
20250408,11,서울특별시,11260,중랑구,충익공신경진묘역,65.94
20250409,11,서울특별시,11260,중랑구,충익공신경진묘역,65.94
20250410,11,서울특별시,11260,중랑구,충익공신경진묘역,69.56
20250411,11,서울특별시,11260,중랑구,충익공신경진묘역,60.49
20250313,11,서울특별시,11260,중랑구,태릉시장,97.32
20250314,11,서울특별시,11260,중랑구,태릉시장,97.32
20250315,11,서울특별시,11260,중랑구,태릉시장,97.32
20250316,11,서울특별시,11260,중랑구,태릉시장,97.32
20250317,11,서울특별시,11260,중랑구,태릉시장,97.34
20250318,11,서울특별시,11260,중랑구,태릉시장,97.32
20250319,11,서울특별시,11260,중랑구,태릉시장,97.32
20250320,11,서울특별시,11260,중랑구,태릉시장,97.32
20250321,11,서울특별시,11260,중랑구,태릉시장,97.32
20250322,11,서울특별시,11260,중랑구,태릉시장,97.32
20250323,11,서울특별시,11260,중랑구,태릉시장,97.32
20250324,11,서울특별시,11260,중랑구,태릉시장,97.32
20250325,11,서울특별시,11260,중랑구,태릉시장,97.32
20250326,11,서울특별시,11260,중랑구,태릉시장,97.32
20250327,11,서울특별시,11260,중랑구,태릉시장,97.32
20250328,11,서울특별시,11260,중랑구,태릉시장,97.32
20250329,11,서울특별시,11260,중랑구,태릉시장,97.32
20250330,11,서울특별시,11260,중랑구,태릉시장,97.32
20250331,11,서울특별시,11260,중랑구,태릉시장,97.32
20250401,11,서울특별시,11260,중랑구,태릉시장,97.32
20250402,11,서울특별시,11260,중랑구,태릉시장,97.32
20250403,11,서울특별시,11260,중랑구,태릉시장,97.32
20250404,11,서울특별시,11260,중랑구,태릉시장,97.32
20250405,11,서울특별시,11260,중랑구,태릉시장,97.32
20250406,11,서울특별시,11260,중랑구,태릉시장,97.32
20250407,11,서울특별시,11260,중랑구,태릉시장,97.32
20250408,11,서울특별시,11260,중랑구,태릉시장,97.32
20250409,11,서울특별시,11260,중랑구,태릉시장,97.32
20250410,11,서울특별시,11260,중랑구,태릉시장,97.32
20250411,11,서울특별시,11260,중랑구,태릉시장,97.32
20250313,11,서울특별시,11290,성북구,개운사(서울),46.32
20250314,11,서울특별시,11290,성북구,개운사(서울),46.3
20250315,11,서울특별시,11290,성북구,개운사(서울),53.28
20250316,11,서울특별시,11290,성북구,개운사(서울),53.33
20250317,11,서울특별시,11290,성북구,개운사(서울),44.75
20250318,11,서울특별시,11290,성북구,개운사(서울),44.75
20250319,11,서울특별시,11290,성북구,개운사(서울),46.32
20250320,11,서울특별시,11290,성북구,개운사(서울),50.29
20250321,11,서울특별시,11290,성북구,개운사(서울),44.75
20250322,11,서울특별시,11290,성북구,개운사(서울),53.22
20250323,11,서울특별시,11290,성북구,개운사(서울),53.28
20250324,11,서울특별시,11290,성북구,개운사(서울),46.36
20250325,11,서울특별시,11290,성북구,개운사(서울),46.34
20250326,11,서울특별시,11290,성북구,개운사(서울),46.75
20250327,11,서울특별시,11290,성북구,개운사(서울),46.3
20250328,11,서울특별시,11290,성북구,개운사(서울),44.75
20250329,11,서울특별시,11290,성북구,개운사(서울),55.42
20250330,11,서울특별시,11290,성북구,개운사(서울),55.32
20250331,11,서울특별시,11290,성북구,개운사(서울),44.11
20250401,11,서울특별시,11290,성북구,개운사(서울),44.11
20250402,11,서울특별시,11290,성북구,개운사(서울),44.75
20250403,11,서울특별시,11290,성북구,개운사(서울),44.75
20250404,11,서울특별시,11290,성북구,개운사(서울),46.34
20250405,11,서울특별시,11290,성북구,개운사(서울),46.32
20250406,11,서울특별시,11290,성북구,개운사(서울),46.32
20250407,11,서울특별시,11290,성북구,개운사(서울),45.92
20250408,11,서울특별시,11290,성북구,개운사(서울),45.92
20250409,11,서울특별시,11290,성북구,개운사(서울),46.36
20250410,11,서울특별시,11290,성북구,개운사(서울),46.34
20250411,11,서울특별시,11290,성북구,개운사(서울),45.3
20250313,11,서울특별시,11290,성북구,경국사(서울),98.69
20250314,11,서울특별시,11290,성북구,경국사(서울),98.73
20250315,11,서울특별시,11290,성북구,경국사(서울),98.08
20250316,11,서울특별시,11290,성북구,경국사(서울),98.64
20250317,11,서울특별시,11290,성북구,경국사(서울),98.74
20250318,11,서울특별시,11290,성북구,경국사(서울),98.82
20250319,11,서울특별시,11290,성북구,경국사(서울),98.69
20250320,11,서울특별시,11290,성북구,경국사(서울),98.6
20250321,11,서울특별시,11290,성북구,경국사(서울),98.74
20250322,11,서울특별시,11290,성북구,경국사(서울),98.08
20250323,11,서울특별시,11290,성북구,경국사(서울),98.08
20250324,11,서울특별시,11290,성북구,경국사(서울),98.59
20250325,11,서울특별시,11290,성북구,경국사(서울),98.61
20250326,11,서울특별시,11290,성북구,경국사(서울),98.62
20250327,11,서울특별시,11290,성북구,경국사(서울),98.73
20250328,11,서울특별시,11290,성북구,경국사(서울),98.82
20250329,11,서울특별시,11290,성북구,경국사(서울),98.69
20250330,11,서울특별시,11290,성북구,경국사(서울),98.69
20250331,11,서울특별시,11290,성북구,경국사(서울),98.68
20250401,11,서울특별시,11290,성북구,경국사(서울),98.71
20250402,11,서울특별시,11290,성북구,경국사(서울),98.79
20250403,11,서울특별시,11290,성북구,경국사(서울),98.82
20250404,11,서울특별시,11290,성북구,경국사(서울),98.61
20250405,11,서울특별시,11290,성북구,경국사(서울),98.69
20250406,11,서울특별시,11290,성북구,경국사(서울),98.69
20250407,11,서울특별시,11290,성북구,경국사(서울),98.71
20250408,11,서울특별시,11290,성북구,경국사(서울),98.65
20250409,11,서울특별시,11290,성북구,경국사(서울),98.59
20250410,11,서울특별시,11290,성북구,경국사(서울),98.61
20250411,11,서울특별시,11290,성북구,경국사(서울),98.71
20250313,11,서울특별시,11290,성북구,길상사(서울),41.71
20250314,11,서울특별시,11290,성북구,길상사(서울),44.91
20250315,11,서울특별시,11290,성북구,길상사(서울),84.79
20250316,11,서울특별시,11290,성북구,길상사(서울),88.65
20250317,11,서울특별시,11290,성북구,길상사(서울),44.86
20250318,11,서울특별시,11290,성북구,길상사(서울),49.69
20250319,11,서울특별시,11290,성북구,길상사(서울),41.71
20250320,11,서울특별시,11290,성북구,길상사(서울),42.69
20250321,11,서울특별시,11290,성북구,길상사(서울),44.86
20250322,11,서울특별시,11290,성북구,길상사(서울),83.38
20250323,11,서울특별시,11290,성북구,길상사(서울),84.79
20250324,11,서울특별시,11290,성북구,길상사(서울),41.34
20250325,11,서울특별시,11290,성북구,길상사(서울),41.3
20250326,11,서울특별시,11290,성북구,길상사(서울),39.01
20250327,11,서울특별시,11290,성북구,길상사(서울),44.91
20250328,11,서울특별시,11290,성북구,길상사(서울),49.69
20250329,11,서울특별시,11290,성북구,길상사(서울),87.82
20250330,11,서울특별시,11290,성북구,길상사(서울),87.82
20250331,11,서울특별시,11290,성북구,길상사(서울),52.58
20250401,11,서울특별시,11290,성북구,길상사(서울),52.63
20250402,11,서울특별시,11290,성북구,길상사(서울),44.92
20250403,11,서울특별시,11290,성북구,길상사(서울),49.69
20250404,11,서울특별시,11290,성북구,길상사(서울),41.3
20250405,11,서울특별시,11290,성북구,길상사(서울),41.71
20250406,11,서울특별시,11290,성북구,길상사(서울),42.95
20250407,11,서울특별시,11290,성북구,길상사(서울),52.59
20250408,11,서울특별시,11290,성북구,길상사(서울),52.3
20250409,11,서울특별시,11290,성북구,길상사(서울),41.34
20250410,11,서울특별시,11290,성북구,길상사(서울),41.3
20250411,11,서울특별시,11290,성북구,길상사(서울),52.59
20250313,11,서울특별시,11290,성북구,길음시장,95
20250314,11,서울특별시,11290,성북구,길음시장,95.06
20250315,11,서울특별시,11290,성북구,길음시장,87.38
20250316,11,서울특별시,11290,성북구,길음시장,87.38
20250317,11,서울특별시,11290,성북구,길음시장,95.06
20250318,11,서울특별시,11290,성북구,길음시장,95.06
20250319,11,서울특별시,11290,성북구,길음시장,95
20250320,11,서울특별시,11290,성북구,길음시장,95
20250321,11,서울특별시,11290,성북구,길음시장,95.06
20250322,11,서울특별시,11290,성북구,길음시장,87.41
20250323,11,서울특별시,11290,성북구,길음시장,87.38
20250324,11,서울특별시,11290,성북구,길음시장,87.73
20250325,11,서울특별시,11290,성북구,길음시장,92.38
20250326,11,서울특별시,11290,성북구,길음시장,95.06
20250327,11,서울특별시,11290,성북구,길음시장,95.06
20250328,11,서울특별시,11290,성북구,길음시장,95.06
20250329,11,서울특별시,11290,성북구,길음시장,94.87
20250330,11,서울특별시,11290,성북구,길음시장,94.87
20250331,11,서울특별시,11290,성북구,길음시장,91.64
20250401,11,서울특별시,11290,성북구,길음시장,91.64
20250402,11,서울특별시,11290,성북구,길음시장,95.06
20250403,11,서울특별시,11290,성북구,길음시장,95.06
20250404,11,서울특별시,11290,성북구,길음시장,87.73
20250405,11,서울특별시,11290,성북구,길음시장,95
20250406,11,서울특별시,11290,성북구,길음시장,95
20250407,11,서울특별시,11290,성북구,길음시장,91.74
20250408,11,서울특별시,11290,성북구,길음시장,82.19
20250409,11,서울특별시,11290,성북구,길음시장,87.73
20250410,11,서울특별시,11290,성북구,길음시장,92.38
20250411,11,서울특별시,11290,성북구,길음시장,91.64
20250313,11,서울특별시,11290,성북구,내원사(서울),41.47
20250314,11,서울특별시,11290,성북구,내원사(서울),39.46
20250315,11,서울특별시,11290,성북구,내원사(서울),91.72
20250316,11,서울특별시,11290,성북구,내원사(서울),94.8
20250317,11,서울특별시,11290,성북구,내원사(서울),37.53
20250318,11,서울특별시,11290,성북구,내원사(서울),76.86
20250319,11,서울특별시,11290,성북구,내원사(서울),41.47
20250320,11,서울특별시,11290,성북구,내원사(서울),40.15
20250321,11,서울특별시,11290,성북구,내원사(서울),37.53
20250322,11,서울특별시,11290,성북구,내원사(서울),91.09
20250323,11,서울특별시,11290,성북구,내원사(서울),91.72
20250324,11,서울특별시,11290,성북구,내원사(서울),43.51
20250325,11,서울특별시,11290,성북구,내원사(서울),43.76
20250326,11,서울특별시,11290,성북구,내원사(서울),38.86
20250327,11,서울특별시,11290,성북구,내원사(서울),39.46
20250328,11,서울특별시,11290,성북구,내원사(서울),76.86
20250329,11,서울특별시,11290,성북구,내원사(서울),36.03
20250330,11,서울특별시,11290,성북구,내원사(서울),36.03
20250331,11,서울특별시,11290,성북구,내원사(서울),43.26
20250401,11,서울특별시,11290,성북구,내원사(서울),43.26
20250402,11,서울특별시,11290,성북구,내원사(서울),76.86
20250403,11,서울특별시,11290,성북구,내원사(서울),76.86
20250404,11,서울특별시,11290,성북구,내원사(서울),43.76
20250405,11,서울특별시,11290,성북구,내원사(서울),41.47
20250406,11,서울특별시,11290,성북구,내원사(서울),41.48
20250407,11,서울특별시,11290,성북구,내원사(서울),56.79
20250408,11,서울특별시,11290,성북구,내원사(서울),56.79
20250409,11,서울특별시,11290,성북구,내원사(서울),43.51
20250410,11,서울특별시,11290,성북구,내원사(서울),43.76
20250411,11,서울특별시,11290,성북구,내원사(서울),47.52
20250313,11,서울특별시,11290,성북구,만해한용운심우장,86.77
20250314,11,서울특별시,11290,성북구,만해한용운심우장,76.85
20250315,11,서울특별시,11290,성북구,만해한용운심우장,79.34
20250316,11,서울특별시,11290,성북구,만해한용운심우장,85.91
20250317,11,서울특별시,11290,성북구,만해한용운심우장,74.12
20250318,11,서울특별시,11290,성북구,만해한용운심우장,70.59
20250319,11,서울특별시,11290,성북구,만해한용운심우장,86.77
20250320,11,서울특별시,11290,성북구,만해한용운심우장,75.19
20250321,11,서울특별시,11290,성북구,만해한용운심우장,74.12
20250322,11,서울특별시,11290,성북구,만해한용운심우장,78
20250323,11,서울특별시,11290,성북구,만해한용운심우장,79.34
20250324,11,서울특별시,11290,성북구,만해한용운심우장,70.58
20250325,11,서울특별시,11290,성북구,만해한용운심우장,70.58
20250326,11,서울특별시,11290,성북구,만해한용운심우장,76.85
20250327,11,서울특별시,11290,성북구,만해한용운심우장,76.85
20250328,11,서울특별시,11290,성북구,만해한용운심우장,70.59
20250329,11,서울특별시,11290,성북구,만해한용운심우장,81.04
20250330,11,서울특별시,11290,성북구,만해한용운심우장,81.04
20250331,11,서울특별시,11290,성북구,만해한용운심우장,79.58
20250401,11,서울특별시,11290,성북구,만해한용운심우장,79.58
20250402,11,서울특별시,11290,성북구,만해한용운심우장,70.59
20250403,11,서울특별시,11290,성북구,만해한용운심우장,70.59
20250404,11,서울특별시,11290,성북구,만해한용운심우장,70.58
20250405,11,서울특별시,11290,성북구,만해한용운심우장,86.77
20250406,11,서울특별시,11290,성북구,만해한용운심우장,86.8
20250407,11,서울특별시,11290,성북구,만해한용운심우장,77.58
20250408,11,서울특별시,11290,성북구,만해한용운심우장,77.81
20250409,11,서울특별시,11290,성북구,만해한용운심우장,70.58
20250410,11,서울특별시,11290,성북구,만해한용운심우장,70.58
20250411,11,서울특별시,11290,성북구,만해한용운심우장,78.95
20250313,11,서울특별시,11290,성북구,미타사(성북),56.41
20250314,11,서울특별시,11290,성북구,미타사(성북),56.53
20250315,11,서울특별시,11290,성북구,미타사(성북),49.75
20250316,11,서울특별시,11290,성북구,미타사(성북),49.83
20250317,11,서울특별시,11290,성북구,미타사(성북),56.44
20250318,11,서울특별시,11290,성북구,미타사(성북),56.51
20250319,11,서울특별시,11290,성북구,미타사(성북),56.58
20250320,11,서울특별시,11290,성북구,미타사(성북),54.22
20250321,11,서울특별시,11290,성북구,미타사(성북),56.44
20250322,11,서울특별시,11290,성북구,미타사(성북),62.15
20250323,11,서울특별시,11290,성북구,미타사(성북),49.75
20250324,11,서울특별시,11290,성북구,미타사(성북),54.11
20250325,11,서울특별시,11290,성북구,미타사(성북),55.43
20250326,11,서울특별시,11290,성북구,미타사(성북),55.81
20250327,11,서울특별시,11290,성북구,미타사(성북),56.53
20250328,11,서울특별시,11290,성북구,미타사(성북),56.51
20250329,11,서울특별시,11290,성북구,미타사(성북),48.54
20250330,11,서울특별시,11290,성북구,미타사(성북),48.54
20250331,11,서울특별시,11290,성북구,미타사(성북),56.15
20250401,11,서울특별시,11290,성북구,미타사(성북),56.15
20250402,11,서울특별시,11290,성북구,미타사(성북),57.04
20250403,11,서울특별시,11290,성북구,미타사(성북),56.51
20250404,11,서울특별시,11290,성북구,미타사(성북),55.43
20250405,11,서울특별시,11290,성북구,미타사(성북),56.41
20250406,11,서울특별시,11290,성북구,미타사(성북),56.58
20250407,11,서울특별시,11290,성북구,미타사(성북),56.6
20250408,11,서울특별시,11290,성북구,미타사(성북),53.16
20250409,11,서울특별시,11290,성북구,미타사(성북),54.11
20250410,11,서울특별시,11290,성북구,미타사(성북),55.43
20250411,11,서울특별시,11290,성북구,미타사(성북),56.6
20250313,11,서울특별시,11290,성북구,밤나무골시장,99.54
20250314,11,서울특별시,11290,성북구,밤나무골시장,98.8
20250315,11,서울특별시,11290,성북구,밤나무골시장,98.97
20250316,11,서울특별시,11290,성북구,밤나무골시장,99.11
20250317,11,서울특별시,11290,성북구,밤나무골시장,99.52
20250318,11,서울특별시,11290,성북구,밤나무골시장,99.43
20250319,11,서울특별시,11290,성북구,밤나무골시장,99.54
20250320,11,서울특별시,11290,성북구,밤나무골시장,99.2
20250321,11,서울특별시,11290,성북구,밤나무골시장,99.52
20250322,11,서울특별시,11290,성북구,밤나무골시장,99.54
20250323,11,서울특별시,11290,성북구,밤나무골시장,98.97
20250324,11,서울특별시,11290,성북구,밤나무골시장,99.08
20250325,11,서울특별시,11290,성북구,밤나무골시장,98.98
20250326,11,서울특별시,11290,성북구,밤나무골시장,99.32
20250327,11,서울특별시,11290,성북구,밤나무골시장,98.8
20250328,11,서울특별시,11290,성북구,밤나무골시장,99.43
20250329,11,서울특별시,11290,성북구,밤나무골시장,99.72
20250330,11,서울특별시,11290,성북구,밤나무골시장,99.72
20250331,11,서울특별시,11290,성북구,밤나무골시장,98.8
20250401,11,서울특별시,11290,성북구,밤나무골시장,98.8
20250402,11,서울특별시,11290,성북구,밤나무골시장,99.4
20250403,11,서울특별시,11290,성북구,밤나무골시장,99.43
20250404,11,서울특별시,11290,성북구,밤나무골시장,99.08
20250405,11,서울특별시,11290,성북구,밤나무골시장,99.54
20250406,11,서울특별시,11290,성북구,밤나무골시장,99.39
20250407,11,서울특별시,11290,성북구,밤나무골시장,99.18
20250408,11,서울특별시,11290,성북구,밤나무골시장,99.8
20250409,11,서울특별시,11290,성북구,밤나무골시장,99.08
20250410,11,서울특별시,11290,성북구,밤나무골시장,98.98
20250411,11,서울특별시,11290,성북구,밤나무골시장,98.78
20250313,11,서울특별시,11290,성북구,보문사(서울),63.62
20250314,11,서울특별시,11290,성북구,보문사(서울),65.37
20250315,11,서울특별시,11290,성북구,보문사(서울),61.38
20250316,11,서울특별시,11290,성북구,보문사(서울),64.33
20250317,11,서울특별시,11290,성북구,보문사(서울),64.25
20250318,11,서울특별시,11290,성북구,보문사(서울),66.21
20250319,11,서울특별시,11290,성북구,보문사(서울),63.62
20250320,11,서울특별시,11290,성북구,보문사(서울),64.96
20250321,11,서울특별시,11290,성북구,보문사(서울),64.25
20250322,11,서울특별시,11290,성북구,보문사(서울),64.54
20250323,11,서울특별시,11290,성북구,보문사(서울),61.38
20250324,11,서울특별시,11290,성북구,보문사(서울),66
20250325,11,서울특별시,11290,성북구,보문사(서울),66
20250326,11,서울특별시,11290,성북구,보문사(서울),65.42
20250327,11,서울특별시,11290,성북구,보문사(서울),65.37
20250328,11,서울특별시,11290,성북구,보문사(서울),66.21
20250329,11,서울특별시,11290,성북구,보문사(서울),64.2
20250330,11,서울특별시,11290,성북구,보문사(서울),64.19
20250331,11,서울특별시,11290,성북구,보문사(서울),64.63
20250401,11,서울특별시,11290,성북구,보문사(서울),64.63
20250402,11,서울특별시,11290,성북구,보문사(서울),66.21
20250403,11,서울특별시,11290,성북구,보문사(서울),66.21
20250404,11,서울특별시,11290,성북구,보문사(서울),66
20250405,11,서울특별시,11290,성북구,보문사(서울),63.62
20250406,11,서울특별시,11290,성북구,보문사(서울),63.81
20250407,11,서울특별시,11290,성북구,보문사(서울),64.04
20250408,11,서울특별시,11290,성북구,보문사(서울),64.04
20250409,11,서울특별시,11290,성북구,보문사(서울),66
20250410,11,서울특별시,11290,성북구,보문사(서울),66
20250411,11,서울특별시,11290,성북구,보문사(서울),65.92
20250313,11,서울특별시,11290,성북구,봉국사(서울),94.91
20250314,11,서울특별시,11290,성북구,봉국사(서울),94.94
20250315,11,서울특별시,11290,성북구,봉국사(서울),94.95
20250316,11,서울특별시,11290,성북구,봉국사(서울),94.95
20250317,11,서울특별시,11290,성북구,봉국사(서울),94.94
20250318,11,서울특별시,11290,성북구,봉국사(서울),94.88
20250319,11,서울특별시,11290,성북구,봉국사(서울),94.94
20250320,11,서울특별시,11290,성북구,봉국사(서울),94.91
20250321,11,서울특별시,11290,성북구,봉국사(서울),94.94
20250322,11,서울특별시,11290,성북구,봉국사(서울),94.95
20250323,11,서울특별시,11290,성북구,봉국사(서울),94.95
20250324,11,서울특별시,11290,성북구,봉국사(서울),94.92
20250325,11,서울특별시,11290,성북구,봉국사(서울),95.09
20250326,11,서울특별시,11290,성북구,봉국사(서울),94.92
20250327,11,서울특별시,11290,성북구,봉국사(서울),94.94
20250328,11,서울특별시,11290,성북구,봉국사(서울),94.88
20250329,11,서울특별시,11290,성북구,봉국사(서울),94.95
20250330,11,서울특별시,11290,성북구,봉국사(서울),94.95
20250331,11,서울특별시,11290,성북구,봉국사(서울),94.91
20250401,11,서울특별시,11290,성북구,봉국사(서울),94.91
20250402,11,서울특별시,11290,성북구,봉국사(서울),94.88
20250403,11,서울특별시,11290,성북구,봉국사(서울),94.88
20250404,11,서울특별시,11290,성북구,봉국사(서울),95.09
20250405,11,서울특별시,11290,성북구,봉국사(서울),94.91
20250406,11,서울특별시,11290,성북구,봉국사(서울),94.94
20250407,11,서울특별시,11290,성북구,봉국사(서울),94.91
20250408,11,서울특별시,11290,성북구,봉국사(서울),94.91
20250409,11,서울특별시,11290,성북구,봉국사(서울),94.92
20250410,11,서울특별시,11290,성북구,봉국사(서울),95.09
20250411,11,서울특별시,11290,성북구,봉국사(서울),94.91
20250313,11,서울특별시,11290,성북구,북악산 숙정문,33.61
20250314,11,서울특별시,11290,성북구,북악산 숙정문,27.13
20250315,11,서울특별시,11290,성북구,북악산 숙정문,100
20250316,11,서울특별시,11290,성북구,북악산 숙정문,81
20250317,11,서울특별시,11290,성북구,북악산 숙정문,25.77
20250318,11,서울특별시,11290,성북구,북악산 숙정문,25.43
20250319,11,서울특별시,11290,성북구,북악산 숙정문,33.61
20250320,11,서울특별시,11290,성북구,북악산 숙정문,33.58
20250321,11,서울특별시,11290,성북구,북악산 숙정문,25.77
20250322,11,서울특별시,11290,성북구,북악산 숙정문,100
20250323,11,서울특별시,11290,성북구,북악산 숙정문,100
20250324,11,서울특별시,11290,성북구,북악산 숙정문,35.1
20250325,11,서울특별시,11290,성북구,북악산 숙정문,35.1
20250326,11,서울특별시,11290,성북구,북악산 숙정문,27.95
20250327,11,서울특별시,11290,성북구,북악산 숙정문,27.13
20250328,11,서울특별시,11290,성북구,북악산 숙정문,25.43
20250329,11,서울특별시,11290,성북구,북악산 숙정문,34.79
20250330,11,서울특별시,11290,성북구,북악산 숙정문,34.79
20250331,11,서울특별시,11290,성북구,북악산 숙정문,34.72
20250401,11,서울특별시,11290,성북구,북악산 숙정문,34.72
20250402,11,서울특별시,11290,성북구,북악산 숙정문,25.43
20250403,11,서울특별시,11290,성북구,북악산 숙정문,25.43
20250404,11,서울특별시,11290,성북구,북악산 숙정문,35.1
20250405,11,서울특별시,11290,성북구,북악산 숙정문,33.61
20250406,11,서울특별시,11290,성북구,북악산 숙정문,33.61
20250407,11,서울특별시,11290,성북구,북악산 숙정문,34.72
20250408,11,서울특별시,11290,성북구,북악산 숙정문,33.48
20250409,11,서울특별시,11290,성북구,북악산 숙정문,35.1
20250410,11,서울특별시,11290,성북구,북악산 숙정문,35.1
20250411,11,서울특별시,11290,성북구,북악산 숙정문,34.72
20250313,11,서울특별시,11290,성북구,상허이태준가옥(수연산방),60.81
20250314,11,서울특별시,11290,성북구,상허이태준가옥(수연산방),57.97
20250315,11,서울특별시,11290,성북구,상허이태준가옥(수연산방),48.15
20250316,11,서울특별시,11290,성북구,상허이태준가옥(수연산방),48.15
20250317,11,서울특별시,11290,성북구,상허이태준가옥(수연산방),57.97
20250318,11,서울특별시,11290,성북구,상허이태준가옥(수연산방),57.96
20250319,11,서울특별시,11290,성북구,상허이태준가옥(수연산방),60.81
20250320,11,서울특별시,11290,성북구,상허이태준가옥(수연산방),52.58
20250321,11,서울특별시,11290,성북구,상허이태준가옥(수연산방),57.97
20250322,11,서울특별시,11290,성북구,상허이태준가옥(수연산방),48.12
20250323,11,서울특별시,11290,성북구,상허이태준가옥(수연산방),48.15
20250324,11,서울특별시,11290,성북구,상허이태준가옥(수연산방),56.8
20250325,11,서울특별시,11290,성북구,상허이태준가옥(수연산방),64.67
20250326,11,서울특별시,11290,성북구,상허이태준가옥(수연산방),52.6
20250327,11,서울특별시,11290,성북구,상허이태준가옥(수연산방),64.02
20250328,11,서울특별시,11290,성북구,상허이태준가옥(수연산방),57.96
20250329,11,서울특별시,11290,성북구,상허이태준가옥(수연산방),100
20250330,11,서울특별시,11290,성북구,상허이태준가옥(수연산방),100
20250331,11,서울특별시,11290,성북구,상허이태준가옥(수연산방),65.43
20250401,11,서울특별시,11290,성북구,상허이태준가옥(수연산방),65.43
20250402,11,서울특별시,11290,성북구,상허이태준가옥(수연산방),57.97
20250403,11,서울특별시,11290,성북구,상허이태준가옥(수연산방),57.96
20250404,11,서울특별시,11290,성북구,상허이태준가옥(수연산방),56.8
20250405,11,서울특별시,11290,성북구,상허이태준가옥(수연산방),60.81
20250406,11,서울특별시,11290,성북구,상허이태준가옥(수연산방),59.78
20250407,11,서울특별시,11290,성북구,상허이태준가옥(수연산방),59.14
20250408,11,서울특별시,11290,성북구,상허이태준가옥(수연산방),59.95
20250409,11,서울특별시,11290,성북구,상허이태준가옥(수연산방),60.4
20250410,11,서울특별시,11290,성북구,상허이태준가옥(수연산방),64.67
20250411,11,서울특별시,11290,성북구,상허이태준가옥(수연산방),59.41
20250313,11,서울특별시,11290,성북구,"서울 의릉(경종,선의왕후) [유네스코 세계유산]",80.72
20250314,11,서울특별시,11290,성북구,"서울 의릉(경종,선의왕후) [유네스코 세계유산]",89.72
20250315,11,서울특별시,11290,성북구,"서울 의릉(경종,선의왕후) [유네스코 세계유산]",90.47
20250316,11,서울특별시,11290,성북구,"서울 의릉(경종,선의왕후) [유네스코 세계유산]",88.89
20250317,11,서울특별시,11290,성북구,"서울 의릉(경종,선의왕후) [유네스코 세계유산]",89.74
20250318,11,서울특별시,11290,성북구,"서울 의릉(경종,선의왕후) [유네스코 세계유산]",89.77
20250319,11,서울특별시,11290,성북구,"서울 의릉(경종,선의왕후) [유네스코 세계유산]",80.72
20250320,11,서울특별시,11290,성북구,"서울 의릉(경종,선의왕후) [유네스코 세계유산]",89.15
20250321,11,서울특별시,11290,성북구,"서울 의릉(경종,선의왕후) [유네스코 세계유산]",89.74
20250322,11,서울특별시,11290,성북구,"서울 의릉(경종,선의왕후) [유네스코 세계유산]",90.47
20250323,11,서울특별시,11290,성북구,"서울 의릉(경종,선의왕후) [유네스코 세계유산]",90.47
20250324,11,서울특별시,11290,성북구,"서울 의릉(경종,선의왕후) [유네스코 세계유산]",90.87
20250325,11,서울특별시,11290,성북구,"서울 의릉(경종,선의왕후) [유네스코 세계유산]",90.79
20250326,11,서울특별시,11290,성북구,"서울 의릉(경종,선의왕후) [유네스코 세계유산]",89.57
20250327,11,서울특별시,11290,성북구,"서울 의릉(경종,선의왕후) [유네스코 세계유산]",89.72
20250328,11,서울특별시,11290,성북구,"서울 의릉(경종,선의왕후) [유네스코 세계유산]",89.77
20250329,11,서울특별시,11290,성북구,"서울 의릉(경종,선의왕후) [유네스코 세계유산]",95.37
20250330,11,서울특별시,11290,성북구,"서울 의릉(경종,선의왕후) [유네스코 세계유산]",95.37
20250331,11,서울특별시,11290,성북구,"서울 의릉(경종,선의왕후) [유네스코 세계유산]",90.79
20250401,11,서울특별시,11290,성북구,"서울 의릉(경종,선의왕후) [유네스코 세계유산]",90.81
20250402,11,서울특별시,11290,성북구,"서울 의릉(경종,선의왕후) [유네스코 세계유산]",89.76
20250403,11,서울특별시,11290,성북구,"서울 의릉(경종,선의왕후) [유네스코 세계유산]",89.77
20250404,11,서울특별시,11290,성북구,"서울 의릉(경종,선의왕후) [유네스코 세계유산]",90.79
20250405,11,서울특별시,11290,성북구,"서울 의릉(경종,선의왕후) [유네스코 세계유산]",80.72
20250406,11,서울특별시,11290,성북구,"서울 의릉(경종,선의왕후) [유네스코 세계유산]",80.72
20250407,11,서울특별시,11290,성북구,"서울 의릉(경종,선의왕후) [유네스코 세계유산]",90.81
20250408,11,서울특별시,11290,성북구,"서울 의릉(경종,선의왕후) [유네스코 세계유산]",90.81
20250409,11,서울특별시,11290,성북구,"서울 의릉(경종,선의왕후) [유네스코 세계유산]",90.87
20250410,11,서울특별시,11290,성북구,"서울 의릉(경종,선의왕후) [유네스코 세계유산]",90.79
20250411,11,서울특별시,11290,성북구,"서울 의릉(경종,선의왕후) [유네스코 세계유산]",90.81
20250313,11,서울특별시,11290,성북구,서울 정릉(신덕왕후) [유네스코 세계유산],98.9
20250314,11,서울특별시,11290,성북구,서울 정릉(신덕왕후) [유네스코 세계유산],98.9
20250315,11,서울특별시,11290,성북구,서울 정릉(신덕왕후) [유네스코 세계유산],98.9
20250316,11,서울특별시,11290,성북구,서울 정릉(신덕왕후) [유네스코 세계유산],98.9
20250317,11,서울특별시,11290,성북구,서울 정릉(신덕왕후) [유네스코 세계유산],98.9
20250318,11,서울특별시,11290,성북구,서울 정릉(신덕왕후) [유네스코 세계유산],98.9
20250319,11,서울특별시,11290,성북구,서울 정릉(신덕왕후) [유네스코 세계유산],98.9
20250320,11,서울특별시,11290,성북구,서울 정릉(신덕왕후) [유네스코 세계유산],98.9
20250321,11,서울특별시,11290,성북구,서울 정릉(신덕왕후) [유네스코 세계유산],98.9
20250322,11,서울특별시,11290,성북구,서울 정릉(신덕왕후) [유네스코 세계유산],98.9
20250313,11,서울특별시,11305,강북구,국립4.19민주묘지,41.18
20250314,11,서울특별시,11305,강북구,국립4.19민주묘지,41.15
20250315,11,서울특별시,11305,강북구,국립4.19민주묘지,37.75
20250316,11,서울특별시,11305,강북구,국립4.19민주묘지,53.67
20250317,11,서울특별시,11305,강북구,국립4.19민주묘지,46.12
20250318,11,서울특별시,11305,강북구,국립4.19민주묘지,41.15
20250319,11,서울특별시,11305,강북구,국립4.19민주묘지,46.17
20250320,11,서울특별시,11305,강북구,국립4.19민주묘지,43.08
20250321,11,서울특별시,11305,강북구,국립4.19민주묘지,41.15
20250322,11,서울특별시,11305,강북구,국립4.19민주묘지,42.74
20250323,11,서울특별시,11305,강북구,국립4.19민주묘지,49.42
20250324,11,서울특별시,11305,강북구,국립4.19민주묘지,41.16
20250325,11,서울특별시,11305,강북구,국립4.19민주묘지,41.78
20250326,11,서울특별시,11305,강북구,국립4.19민주묘지,41.15
20250327,11,서울특별시,11305,강북구,국립4.19민주묘지,33.49
20250328,11,서울특별시,11305,강북구,국립4.19민주묘지,41.18
20250329,11,서울특별시,11305,강북구,국립4.19민주묘지,41.89
20250330,11,서울특별시,11305,강북구,국립4.19민주묘지,53.63
20250331,11,서울특별시,11305,강북구,국립4.19민주묘지,41.15
20250401,11,서울특별시,11305,강북구,국립4.19민주묘지,33.63
20250402,11,서울특별시,11305,강북구,국립4.19민주묘지,41.18
20250403,11,서울특별시,11305,강북구,국립4.19민주묘지,31.85
20250404,11,서울특별시,11305,강북구,국립4.19민주묘지,41.49
20250405,11,서울특별시,11305,강북구,국립4.19민주묘지,41.23
20250406,11,서울특별시,11305,강북구,국립4.19민주묘지,31.87
20250407,11,서울특별시,11305,강북구,국립4.19민주묘지,41.18
20250408,11,서울특별시,11305,강북구,국립4.19민주묘지,31.85
20250409,11,서울특별시,11305,강북구,국립4.19민주묘지,43.08
20250410,11,서울특별시,11305,강북구,국립4.19민주묘지,35.16
20250411,11,서울특별시,11305,강북구,국립4.19민주묘지,33.49
20250313,11,서울특별시,11305,강북구,근현대사기념관,72.7
20250314,11,서울특별시,11305,강북구,근현대사기념관,72.7
20250315,11,서울특별시,11305,강북구,근현대사기념관,70.67
20250316,11,서울특별시,11305,강북구,근현대사기념관,98.79
20250317,11,서울특별시,11305,강북구,근현대사기념관,71.58
20250318,11,서울특별시,11305,강북구,근현대사기념관,72.56
20250319,11,서울특별시,11305,강북구,근현대사기념관,71.96
20250320,11,서울특별시,11305,강북구,근현대사기념관,85.93
20250321,11,서울특별시,11305,강북구,근현대사기념관,72.56
20250322,11,서울특별시,11305,강북구,근현대사기념관,71.56
20250323,11,서울특별시,11305,강북구,근현대사기념관,98.77
20250324,11,서울특별시,11305,강북구,근현대사기념관,71.69
20250325,11,서울특별시,11305,강북구,근현대사기념관,85.26
20250326,11,서울특별시,11305,강북구,근현대사기념관,73.53
20250327,11,서울특별시,11305,강북구,근현대사기념관,84.49
20250328,11,서울특별시,11305,강북구,근현대사기념관,72.7
20250329,11,서울특별시,11305,강북구,근현대사기념관,71.37
20250330,11,서울특별시,11305,강북구,근현대사기념관,98.79
20250331,11,서울특별시,11305,강북구,근현대사기념관,73.53
20250401,11,서울특별시,11305,강북구,근현대사기념관,86.03
20250402,11,서울특별시,11305,강북구,근현대사기념관,72.7
20250403,11,서울특별시,11305,강북구,근현대사기념관,84.59
20250404,11,서울특별시,11305,강북구,근현대사기념관,86.12
20250405,11,서울특별시,11305,강북구,근현대사기념관,74.15
20250406,11,서울특별시,11305,강북구,근현대사기념관,58.97
20250407,11,서울특별시,11305,강북구,근현대사기념관,72.7
20250408,11,서울특별시,11305,강북구,근현대사기념관,84.42
20250409,11,서울특별시,11305,강북구,근현대사기념관,85.93
20250410,11,서울특별시,11305,강북구,근현대사기념관,84.83
20250411,11,서울특별시,11305,강북구,근현대사기념관,84.49
20250313,11,서울특별시,11305,강북구,도선사(서울),50.62
20250314,11,서울특별시,11305,강북구,도선사(서울),50.62
20250315,11,서울특별시,11305,강북구,도선사(서울),54.14
20250316,11,서울특별시,11305,강북구,도선사(서울),54.3
20250317,11,서울특별시,11305,강북구,도선사(서울),46.52
20250318,11,서울특별시,11305,강북구,도선사(서울),49.61
20250319,11,서울특별시,11305,강북구,도선사(서울),46.5
20250320,11,서울특별시,11305,강북구,도선사(서울),37.7
20250321,11,서울특별시,11305,강북구,도선사(서울),50.62
20250322,11,서울특별시,11305,강북구,도선사(서울),54.44
20250323,11,서울특별시,11305,강북구,도선사(서울),54.24
20250324,11,서울특별시,11305,강북구,도선사(서울),46.52
20250325,11,서울특별시,11305,강북구,도선사(서울),57.43
20250326,11,서울특별시,11305,강북구,도선사(서울),45.88
20250327,11,서울특별시,11305,강북구,도선사(서울),37.29
20250328,11,서울특별시,11305,강북구,도선사(서울),57.49
20250329,11,서울특별시,11305,강북구,도선사(서울),54.45
20250330,11,서울특별시,11305,강북구,도선사(서울),54.3
20250331,11,서울특별시,11305,강북구,도선사(서울),46.52
20250401,11,서울특별시,11305,강북구,도선사(서울),37.7
20250402,11,서울특별시,11305,강북구,도선사(서울),57.49
20250403,11,서울특별시,11305,강북구,도선사(서울),38.23
20250404,11,서울특별시,11305,강북구,도선사(서울),57.43
20250405,11,서울특별시,11305,강북구,도선사(서울),52.52
20250406,11,서울특별시,11305,강북구,도선사(서울),50.58
20250407,11,서울특별시,11305,강북구,도선사(서울),57.49
20250408,11,서울특별시,11305,강북구,도선사(서울),38.23
20250409,11,서울특별시,11305,강북구,도선사(서울),37.7
20250410,11,서울특별시,11305,강북구,도선사(서울),37.26
20250411,11,서울특별시,11305,강북구,도선사(서울),37.29
20250313,11,서울특별시,11305,강북구,박을복자수박물관,96.76
20250314,11,서울특별시,11305,강북구,박을복자수박물관,96.76
20250315,11,서울특별시,11305,강북구,박을복자수박물관,47.82
20250316,11,서울특별시,11305,강북구,박을복자수박물관,99.91
20250317,11,서울특별시,11305,강북구,박을복자수박물관,96.18
20250318,11,서울특별시,11305,강북구,박을복자수박물관,96.76
20250319,11,서울특별시,11305,강북구,박을복자수박물관,96.33
20250320,11,서울특별시,11305,강북구,박을복자수박물관,95.96
20250321,11,서울특별시,11305,강북구,박을복자수박물관,96.76
20250322,11,서울특별시,11305,강북구,박을복자수박물관,99.05
20250323,11,서울특별시,11305,강북구,박을복자수박물관,99.94
20250324,11,서울특별시,11305,강북구,박을복자수박물관,96.33
20250325,11,서울특별시,11305,강북구,박을복자수박물관,96.86
20250326,11,서울특별시,11305,강북구,박을복자수박물관,96.71
20250327,11,서울특별시,11305,강북구,박을복자수박물관,95.86
20250328,11,서울특별시,11305,강북구,박을복자수박물관,96.76
20250329,11,서울특별시,11305,강북구,박을복자수박물관,85.04
20250330,11,서울특별시,11305,강북구,박을복자수박물관,99.94
20250331,11,서울특별시,11305,강북구,박을복자수박물관,96.71
20250401,11,서울특별시,11305,강북구,박을복자수박물관,95.94
20250402,11,서울특별시,11305,강북구,박을복자수박물관,96.76
20250403,11,서울특별시,11305,강북구,박을복자수박물관,95.86
20250404,11,서울특별시,11305,강북구,박을복자수박물관,95.96
20250405,11,서울특별시,11305,강북구,박을복자수박물관,99.35
20250406,11,서울특별시,11305,강북구,박을복자수박물관,99.54
20250407,11,서울특별시,11305,강북구,박을복자수박물관,96.76
20250408,11,서울특별시,11305,강북구,박을복자수박물관,95.86
20250409,11,서울특별시,11305,강북구,박을복자수박물관,95.96
20250410,11,서울특별시,11305,강북구,박을복자수박물관,95.83
20250411,11,서울특별시,11305,강북구,박을복자수박물관,95.94
20250313,11,서울특별시,11305,강북구,백련사(서울),69.21
20250314,11,서울특별시,11305,강북구,백련사(서울),69.21
20250315,11,서울특별시,11305,강북구,백련사(서울),45.4
20250316,11,서울특별시,11305,강북구,백련사(서울),74.03
20250317,11,서울특별시,11305,강북구,백련사(서울),69.43
20250318,11,서울특별시,11305,강북구,백련사(서울),69.21
20250319,11,서울특별시,11305,강북구,백련사(서울),69.43
20250320,11,서울특별시,11305,강북구,백련사(서울),51.63
20250321,11,서울특별시,11305,강북구,백련사(서울),69.21
20250322,11,서울특별시,11305,강북구,백련사(서울),34.22
20250323,11,서울특별시,11305,강북구,백련사(서울),74.03
20250324,11,서울특별시,11305,강북구,백련사(서울),69.21
20250325,11,서울특별시,11305,강북구,백련사(서울),50.82
20250326,11,서울특별시,11305,강북구,백련사(서울),69.21
20250327,11,서울특별시,11305,강북구,백련사(서울),51.55
20250328,11,서울특별시,11305,강북구,백련사(서울),49.14
20250329,11,서울특별시,11305,강북구,백련사(서울),34.57
20250330,11,서울특별시,11305,강북구,백련사(서울),74.03
20250331,11,서울특별시,11305,강북구,백련사(서울),69.21
20250401,11,서울특별시,11305,강북구,백련사(서울),51.63
20250402,11,서울특별시,11305,강북구,백련사(서울),49.14
20250403,11,서울특별시,11305,강북구,백련사(서울),51.55
20250404,11,서울특별시,11305,강북구,백련사(서울),50.82
20250405,11,서울특별시,11305,강북구,백련사(서울),82.96
20250406,11,서울특별시,11305,강북구,백련사(서울),74.37
20250407,11,서울특별시,11305,강북구,백련사(서울),49.14
20250408,11,서울특별시,11305,강북구,백련사(서울),51.55
20250409,11,서울특별시,11305,강북구,백련사(서울),51.63
20250410,11,서울특별시,11305,강북구,백련사(서울),50.97
20250411,11,서울특별시,11305,강북구,백련사(서울),51.55
20250313,11,서울특별시,11305,강북구,보광사 보광선원(서울),41.97
20250314,11,서울특별시,11305,강북구,보광사 보광선원(서울),41.97
20250315,11,서울특별시,11305,강북구,보광사 보광선원(서울),41.57
20250316,11,서울특별시,11305,강북구,보광사 보광선원(서울),62.75
20250317,11,서울특별시,11305,강북구,보광사 보광선원(서울),41.25
20250318,11,서울특별시,11305,강북구,보광사 보광선원(서울),42.26
20250319,11,서울특별시,11305,강북구,보광사 보광선원(서울),39.42
20250320,11,서울특별시,11305,강북구,보광사 보광선원(서울),38.84
20250321,11,서울특별시,11305,강북구,보광사 보광선원(서울),41.97
20250322,11,서울특별시,11305,강북구,보광사 보광선원(서울),41.56
20250323,11,서울특별시,11305,강북구,보광사 보광선원(서울),62.75
20250324,11,서울특별시,11305,강북구,보광사 보광선원(서울),42.03
20250325,11,서울특별시,11305,강북구,보광사 보광선원(서울),41.97
20250326,11,서울특별시,11305,강북구,보광사 보광선원(서울),42.03
20250327,11,서울특별시,11305,강북구,보광사 보광선원(서울),38.35
20250328,11,서울특별시,11305,강북구,보광사 보광선원(서울),41.97
20250329,11,서울특별시,11305,강북구,보광사 보광선원(서울),41.56
20250330,11,서울특별시,11305,강북구,보광사 보광선원(서울),62.75
20250331,11,서울특별시,11305,강북구,보광사 보광선원(서울),42.03
20250401,11,서울특별시,11305,강북구,보광사 보광선원(서울),38.84
20250402,11,서울특별시,11305,강북구,보광사 보광선원(서울),41.97
20250403,11,서울특별시,11305,강북구,보광사 보광선원(서울),38.35
20250404,11,서울특별시,11305,강북구,보광사 보광선원(서울),38.84
20250405,11,서울특별시,11305,강북구,보광사 보광선원(서울),43.09
20250406,11,서울특별시,11305,강북구,보광사 보광선원(서울),55.42
20250407,11,서울특별시,11305,강북구,보광사 보광선원(서울),41.97
20250408,11,서울특별시,11305,강북구,보광사 보광선원(서울),38.35
20250409,11,서울특별시,11305,강북구,보광사 보광선원(서울),38.84
20250410,11,서울특별시,11305,강북구,보광사 보광선원(서울),39.04
20250411,11,서울특별시,11305,강북구,보광사 보광선원(서울),38.84
20250313,11,서울특별시,11305,강북구,본원정사(서울),82.07
20250314,11,서울특별시,11305,강북구,본원정사(서울),82.07
20250315,11,서울특별시,11305,강북구,본원정사(서울),78.06
20250316,11,서울특별시,11305,강북구,본원정사(서울),51.3
20250317,11,서울특별시,11305,강북구,본원정사(서울),79.38
20250318,11,서울특별시,11305,강북구,본원정사(서울),78.9
20250319,11,서울특별시,11305,강북구,본원정사(서울),78.16
20250320,11,서울특별시,11305,강북구,본원정사(서울),73.21
20250321,11,서울특별시,11305,강북구,본원정사(서울),82.07
20250322,11,서울특별시,11305,강북구,본원정사(서울),81.74
20250323,11,서울특별시,11305,강북구,본원정사(서울),51.32
20250324,11,서울특별시,11305,강북구,본원정사(서울),79.92
20250325,11,서울특별시,11305,강북구,본원정사(서울),80.36
20250326,11,서울특별시,11305,강북구,본원정사(서울),89.09
20250327,11,서울특별시,11305,강북구,본원정사(서울),82.07
20250328,11,서울특별시,11305,강북구,본원정사(서울),80.36
20250329,11,서울특별시,11305,강북구,본원정사(서울),81.75
20250330,11,서울특별시,11305,강북구,본원정사(서울),51.3
20250331,11,서울특별시,11305,강북구,본원정사(서울),89.09
20250401,11,서울특별시,11305,강북구,본원정사(서울),73.21
20250402,11,서울특별시,11305,강북구,본원정사(서울),80.36
20250403,11,서울특별시,11305,강북구,본원정사(서울),78.04
20250404,11,서울특별시,11305,강북구,본원정사(서울),80.36
20250405,11,서울특별시,11305,강북구,본원정사(서울),71.79
20250406,11,서울특별시,11305,강북구,본원정사(서울),53.03
20250407,11,서울특별시,11305,강북구,본원정사(서울),80.36
20250408,11,서울특별시,11305,강북구,본원정사(서울),78.04
20250409,11,서울특별시,11305,강북구,본원정사(서울),73.21
20250410,11,서울특별시,11305,강북구,본원정사(서울),76.81
20250411,11,서울특별시,11305,강북구,본원정사(서울),82.07
20250313,11,서울특별시,11305,강북구,북서울 꿈의숲,49.35
20250314,11,서울특별시,11305,강북구,북서울 꿈의숲,49.35
20250315,11,서울특별시,11305,강북구,북서울 꿈의숲,59.4
20250316,11,서울특별시,11305,강북구,북서울 꿈의숲,39.75
20250317,11,서울특별시,11305,강북구,북서울 꿈의숲,50.6
20250318,11,서울특별시,11305,강북구,북서울 꿈의숲,47.79
20250319,11,서울특별시,11305,강북구,북서울 꿈의숲,50.63
20250320,11,서울특별시,11305,강북구,북서울 꿈의숲,49.75
20250321,11,서울특별시,11305,강북구,북서울 꿈의숲,47.79
20250322,11,서울특별시,11305,강북구,북서울 꿈의숲,56.69
20250323,11,서울특별시,11305,강북구,북서울 꿈의숲,39.64
20250324,11,서울특별시,11305,강북구,북서울 꿈의숲,48.63
20250325,11,서울특별시,11305,강북구,북서울 꿈의숲,49.98
20250326,11,서울특별시,11305,강북구,북서울 꿈의숲,48.6
20250327,11,서울특별시,11305,강북구,북서울 꿈의숲,47.38
20250328,11,서울특별시,11305,강북구,북서울 꿈의숲,50.17
20250329,11,서울특별시,11305,강북구,북서울 꿈의숲,58.04
20250330,11,서울특별시,11305,강북구,북서울 꿈의숲,39.64
20250331,11,서울특별시,11305,강북구,북서울 꿈의숲,48.6
20250401,11,서울특별시,11305,강북구,북서울 꿈의숲,49.72
20250402,11,서울특별시,11305,강북구,북서울 꿈의숲,49.35
20250403,11,서울특별시,11305,강북구,북서울 꿈의숲,49.47
20250404,11,서울특별시,11305,강북구,북서울 꿈의숲,49.98
20250405,11,서울특별시,11305,강북구,북서울 꿈의숲,75.81
20250406,11,서울특별시,11305,강북구,북서울 꿈의숲,56.2
20250407,11,서울특별시,11305,강북구,북서울 꿈의숲,50.17
20250408,11,서울특별시,11305,강북구,북서울 꿈의숲,47.38
20250409,11,서울특별시,11305,강북구,북서울 꿈의숲,49.75
20250410,11,서울특별시,11305,강북구,북서울 꿈의숲,49.5
20250411,11,서울특별시,11305,강북구,북서울 꿈의숲,49.72
20250313,11,서울특별시,11305,강북구,수유시장,84.19
20250314,11,서울특별시,11305,강북구,수유시장,84.19
20250315,11,서울특별시,11305,강북구,수유시장,79.43
20250316,11,서울특별시,11305,강북구,수유시장,55.56
20250317,11,서울특별시,11305,강북구,수유시장,64.39
20250318,11,서울특별시,11305,강북구,수유시장,65.41
20250319,11,서울특별시,11305,강북구,수유시장,66.26
20250320,11,서울특별시,11305,강북구,수유시장,88.91
20250321,11,서울특별시,11305,강북구,수유시장,65.41
20250322,11,서울특별시,11305,강북구,수유시장,48.46
20250323,11,서울특별시,11305,강북구,수유시장,55.5
20250324,11,서울특별시,11305,강북구,수유시장,66.29
20250325,11,서울특별시,11305,강북구,수유시장,85.01
20250326,11,서울특별시,11305,강북구,수유시장,65.41
20250327,11,서울특별시,11305,강북구,수유시장,88.26
20250328,11,서울특별시,11305,강북구,수유시장,82.88
20250329,11,서울특별시,11305,강북구,수유시장,53.57
20250330,11,서울특별시,11305,강북구,수유시장,55.56
20250331,11,서울특별시,11305,강북구,수유시장,65.41
20250401,11,서울특별시,11305,강북구,수유시장,88.21
20250402,11,서울특별시,11305,강북구,수유시장,82.88
20250403,11,서울특별시,11305,강북구,수유시장,87.5
20250404,11,서울특별시,11305,강북구,수유시장,89.35
20250405,11,서울특별시,11305,강북구,수유시장,82.58
20250406,11,서울특별시,11305,강북구,수유시장,88.74
20250407,11,서울특별시,11305,강북구,수유시장,82.88
20250408,11,서울특별시,11305,강북구,수유시장,88.26
20250409,11,서울특별시,11305,강북구,수유시장,88.91
20250410,11,서울특별시,11305,강북구,수유시장,87.68
20250411,11,서울특별시,11305,강북구,수유시장,88.21
20250313,11,서울특별시,11305,강북구,수유중앙시장,80.24
20250314,11,서울특별시,11305,강북구,수유중앙시장,80.24
20250315,11,서울특별시,11305,강북구,수유중앙시장,86.19
20250316,11,서울특별시,11305,강북구,수유중앙시장,85.85
20250317,11,서울특별시,11305,강북구,수유중앙시장,81.78
20250318,11,서울특별시,11305,강북구,수유중앙시장,77.3
20250319,11,서울특별시,11305,강북구,수유중앙시장,81.78
20250320,11,서울특별시,11305,강북구,수유중앙시장,80.55
20250321,11,서울특별시,11305,강북구,수유중앙시장,77.3
20250322,11,서울특별시,11305,강북구,수유중앙시장,83.01
20250323,11,서울특별시,11305,강북구,수유중앙시장,85.31
20250324,11,서울특별시,11305,강북구,수유중앙시장,81.37
20250325,11,서울특별시,11305,강북구,수유중앙시장,80.58
20250326,11,서울특별시,11305,강북구,수유중앙시장,81.37
20250327,11,서울특별시,11305,강북구,수유중앙시장,81.21
20250328,11,서울특별시,11305,강북구,수유중앙시장,80.24
20250329,11,서울특별시,11305,강북구,수유중앙시장,83.06
20250330,11,서울특별시,11305,강북구,수유중앙시장,85.85
20250331,11,서울특별시,11305,강북구,수유중앙시장,81.37
20250401,11,서울특별시,11305,강북구,수유중앙시장,81.2
20250402,11,서울특별시,11305,강북구,수유중앙시장,80.24
20250403,11,서울특별시,11305,강북구,수유중앙시장,83.48
20250404,11,서울특별시,11305,강북구,수유중앙시장,80.58
20250405,11,서울특별시,11305,강북구,수유중앙시장,84.39
20250406,11,서울특별시,11305,강북구,수유중앙시장,81.5
20250407,11,서울특별시,11305,강북구,수유중앙시장,80.24
20250408,11,서울특별시,11305,강북구,수유중앙시장,81.21
20250409,11,서울특별시,11305,강북구,수유중앙시장,80.55
20250410,11,서울특별시,11305,강북구,수유중앙시장,83.56
20250411,11,서울특별시,11305,강북구,수유중앙시장,81.2
20250313,11,서울특별시,11305,강북구,숭인시장,79.1
20250314,11,서울특별시,11305,강북구,숭인시장,79.1
20250315,11,서울특별시,11305,강북구,숭인시장,68.47
20250316,11,서울특별시,11305,강북구,숭인시장,83.75
20250317,11,서울특별시,11305,강북구,숭인시장,77.87
20250318,11,서울특별시,11305,강북구,숭인시장,79.12
20250319,11,서울특별시,11305,강북구,숭인시장,77.87
20250320,11,서울특별시,11305,강북구,숭인시장,80.21
20250321,11,서울특별시,11305,강북구,숭인시장,79.12
20250322,11,서울특별시,11305,강북구,숭인시장,67.45
20250323,11,서울특별시,11305,강북구,숭인시장,83.75
20250324,11,서울특별시,11305,강북구,숭인시장,79.12
20250325,11,서울특별시,11305,강북구,숭인시장,79.27
20250326,11,서울특별시,11305,강북구,숭인시장,79.12
20250327,11,서울특별시,11305,강북구,숭인시장,68.35
20250328,11,서울특별시,11305,강북구,숭인시장,79.1
20250329,11,서울특별시,11305,강북구,숭인시장,67.39
20250330,11,서울특별시,11305,강북구,숭인시장,83.75
20250331,11,서울특별시,11305,강북구,숭인시장,79.12
20250401,11,서울특별시,11305,강북구,숭인시장,80.21
20250402,11,서울특별시,11305,강북구,숭인시장,79.1
20250403,11,서울특별시,11305,강북구,숭인시장,68.21
20250404,11,서울특별시,11305,강북구,숭인시장,79.27
20250405,11,서울특별시,11305,강북구,숭인시장,59.27
20250406,11,서울특별시,11305,강북구,숭인시장,59.94
20250407,11,서울특별시,11305,강북구,숭인시장,79.1
20250408,11,서울특별시,11305,강북구,숭인시장,68.35
20250409,11,서울특별시,11305,강북구,숭인시장,80.21
20250410,11,서울특별시,11305,강북구,숭인시장,61.32
20250411,11,서울특별시,11305,강북구,숭인시장,80.21
20250313,11,서울특별시,11305,강북구,오동근린공원,99.9
20250314,11,서울특별시,11305,강북구,오동근린공원,99.9
20250315,11,서울특별시,11305,강북구,오동근린공원,99.88
20250316,11,서울특별시,11305,강북구,오동근린공원,99.9
20250317,11,서울특별시,11305,강북구,오동근린공원,99.91
20250318,11,서울특별시,11305,강북구,오동근린공원,99.9
20250319,11,서울특별시,11305,강북구,오동근린공원,99.91
20250320,11,서울특별시,11305,강북구,오동근린공원,99.9
20250321,11,서울특별시,11305,강북구,오동근린공원,99.9
20250322,11,서울특별시,11305,강북구,오동근린공원,99.89
20250323,11,서울특별시,11305,강북구,오동근린공원,99.9
20250324,11,서울특별시,11305,강북구,오동근린공원,99.91
20250325,11,서울특별시,11305,강북구,오동근린공원,99.9
20250326,11,서울특별시,11305,강북구,오동근린공원,99.91
20250327,11,서울특별시,11305,강북구,오동근린공원,99.9
20250328,11,서울특별시,11305,강북구,오동근린공원,99.9
20250329,11,서울특별시,11305,강북구,오동근린공원,99.9
20250330,11,서울특별시,11305,강북구,오동근린공원,99.9
20250331,11,서울특별시,11305,강북구,오동근린공원,99.91
20250401,11,서울특별시,11305,강북구,오동근린공원,99.9
20250402,11,서울특별시,11305,강북구,오동근린공원,99.9
20250403,11,서울특별시,11305,강북구,오동근린공원,99.9
20250404,11,서울특별시,11305,강북구,오동근린공원,99.9
20250405,11,서울특별시,11305,강북구,오동근린공원,99.9
20250406,11,서울특별시,11305,강북구,오동근린공원,99.9
20250407,11,서울특별시,11305,강북구,오동근린공원,99.9
20250408,11,서울특별시,11305,강북구,오동근린공원,99.9
20250409,11,서울특별시,11305,강북구,오동근린공원,99.9
20250410,11,서울특별시,11305,강북구,오동근린공원,99.9
20250411,11,서울특별시,11305,강북구,오동근린공원,99.9
20250313,11,서울특별시,11305,강북구,우이시장,97.43
20250314,11,서울특별시,11305,강북구,우이시장,97.43
20250315,11,서울특별시,11305,강북구,우이시장,97.68
20250316,11,서울특별시,11305,강북구,우이시장,98.93
20250317,11,서울특별시,11305,강북구,우이시장,97.65
20250318,11,서울특별시,11305,강북구,우이시장,97.43
20250319,11,서울특별시,11305,강북구,우이시장,97.65
20250320,11,서울특별시,11305,강북구,우이시장,97.43
20250321,11,서울특별시,11305,강북구,우이시장,97.43
20250322,11,서울특별시,11305,강북구,우이시장,97.68
20250323,11,서울특별시,11305,강북구,우이시장,98.93
20250324,11,서울특별시,11305,강북구,우이시장,97.69
20250325,11,서울특별시,11305,강북구,우이시장,97.43
20250326,11,서울특별시,11305,강북구,우이시장,97.68
20250327,11,서울특별시,11305,강북구,우이시장,97.43
20250328,11,서울특별시,11305,강북구,우이시장,97.43
20250329,11,서울특별시,11305,강북구,우이시장,97.68
20250330,11,서울특별시,11305,강북구,우이시장,98.93
20250331,11,서울특별시,11305,강북구,우이시장,97.68
20250401,11,서울특별시,11305,강북구,우이시장,97.43
20250402,11,서울특별시,11305,강북구,우이시장,97.43
20250403,11,서울특별시,11305,강북구,우이시장,97.43
20250404,11,서울특별시,11305,강북구,우이시장,97.43
20250405,11,서울특별시,11305,강북구,우이시장,97.9
20250406,11,서울특별시,11305,강북구,우이시장,98.08
20250407,11,서울특별시,11305,강북구,우이시장,97.43
20250408,11,서울특별시,11305,강북구,우이시장,97.43
20250409,11,서울특별시,11305,강북구,우이시장,97.43
20250410,11,서울특별시,11305,강북구,우이시장,97.43
20250411,11,서울특별시,11305,강북구,우이시장,97.43
20250313,11,서울특별시,11305,강북구,윤극영가옥,41.45
20250314,11,서울특별시,11305,강북구,윤극영가옥,41.45
20250315,11,서울특별시,11305,강북구,윤극영가옥,43.94
20250316,11,서울특별시,11305,강북구,윤극영가옥,58.62
20250317,11,서울특별시,11305,강북구,윤극영가옥,40.43
20250318,11,서울특별시,11305,강북구,윤극영가옥,41.46
20250319,11,서울특별시,11305,강북구,윤극영가옥,40.6
20250320,11,서울특별시,11305,강북구,윤극영가옥,40.35
20250321,11,서울특별시,11305,강북구,윤극영가옥,41.46
20250322,11,서울특별시,11305,강북구,윤극영가옥,44.62
20250313,11,서울특별시,11320,도봉구,국립공원 산악박물관,63.95
20250314,11,서울특별시,11320,도봉구,국립공원 산악박물관,62.6
20250315,11,서울특별시,11320,도봉구,국립공원 산악박물관,99.44
20250316,11,서울특별시,11320,도봉구,국립공원 산악박물관,99.44
20250317,11,서울특별시,11320,도봉구,국립공원 산악박물관,57.8
20250318,11,서울특별시,11320,도봉구,국립공원 산악박물관,58.36
20250319,11,서울특별시,11320,도봉구,국립공원 산악박물관,99.24
20250320,11,서울특별시,11320,도봉구,국립공원 산악박물관,93.7
20250321,11,서울특별시,11320,도봉구,국립공원 산악박물관,64.42
20250322,11,서울특별시,11320,도봉구,국립공원 산악박물관,99.44
20250323,11,서울특별시,11320,도봉구,국립공원 산악박물관,99.44
20250324,11,서울특별시,11320,도봉구,국립공원 산악박물관,57.96
20250325,11,서울특별시,11320,도봉구,국립공원 산악박물관,58.36
20250326,11,서울특별시,11320,도봉구,국립공원 산악박물관,99.32
20250327,11,서울특별시,11320,도봉구,국립공원 산악박물관,64.42
20250328,11,서울특별시,11320,도봉구,국립공원 산악박물관,99.32
20250329,11,서울특별시,11320,도봉구,국립공원 산악박물관,99.44
20250330,11,서울특별시,11320,도봉구,국립공원 산악박물관,99.44
20250331,11,서울특별시,11320,도봉구,국립공원 산악박물관,64.29
20250401,11,서울특별시,11320,도봉구,국립공원 산악박물관,57.84
20250402,11,서울특별시,11320,도봉구,국립공원 산악박물관,99.24
20250403,11,서울특별시,11320,도봉구,국립공원 산악박물관,99.32
20250404,11,서울특별시,11320,도봉구,국립공원 산악박물관,99.41
20250405,11,서울특별시,11320,도봉구,국립공원 산악박물관,99.43
20250406,11,서울특별시,11320,도봉구,국립공원 산악박물관,99.44
20250407,11,서울특별시,11320,도봉구,국립공원 산악박물관,93.7
20250408,11,서울특별시,11320,도봉구,국립공원 산악박물관,62.55
20250409,11,서울특별시,11320,도봉구,국립공원 산악박물관,99.63
20250410,11,서울특별시,11320,도봉구,국립공원 산악박물관,99.61
20250411,11,서울특별시,11320,도봉구,국립공원 산악박물관,99.41
20250313,11,서울특별시,11320,도봉구,다락원체육공원,64.15
20250314,11,서울특별시,11320,도봉구,다락원체육공원,57.67
20250315,11,서울특별시,11320,도봉구,다락원체육공원,68.89
20250316,11,서울특별시,11320,도봉구,다락원체육공원,100
20250317,11,서울특별시,11320,도봉구,다락원체육공원,61.64
20250318,11,서울특별시,11320,도봉구,다락원체육공원,45.66
20250319,11,서울특별시,11320,도봉구,다락원체육공원,82.28
20250320,11,서울특별시,11320,도봉구,다락원체육공원,96.15
20250321,11,서울특별시,11320,도봉구,다락원체육공원,95.53
20250322,11,서울특별시,11320,도봉구,다락원체육공원,99.61
20250323,11,서울특별시,11320,도봉구,다락원체육공원,99.61
20250324,11,서울특별시,11320,도봉구,다락원체육공원,57.71
20250325,11,서울특별시,11320,도봉구,다락원체육공원,45.66
20250326,11,서울특별시,11320,도봉구,다락원체육공원,65.49
20250327,11,서울특별시,11320,도봉구,다락원체육공원,95.49
20250328,11,서울특별시,11320,도봉구,다락원체육공원,64.99
20250329,11,서울특별시,11320,도봉구,다락원체육공원,99.91
20250330,11,서울특별시,11320,도봉구,다락원체육공원,99.61
20250331,11,서울특별시,11320,도봉구,다락원체육공원,64.15
20250401,11,서울특별시,11320,도봉구,다락원체육공원,61.65
20250402,11,서울특별시,11320,도봉구,다락원체육공원,82.28
20250403,11,서울특별시,11320,도봉구,다락원체육공원,65.49
20250404,11,서울특별시,11320,도봉구,다락원체육공원,81.78
20250405,11,서울특별시,11320,도봉구,다락원체육공원,56.19
20250406,11,서울특별시,11320,도봉구,다락원체육공원,99.91
20250407,11,서울특별시,11320,도봉구,다락원체육공원,96.15
20250408,11,서울특별시,11320,도봉구,다락원체육공원,57.78
20250409,11,서울특별시,11320,도봉구,다락원체육공원,81.64
20250410,11,서울특별시,11320,도봉구,다락원체육공원,82.28
20250411,11,서울특별시,11320,도봉구,다락원체육공원,96.92
20250313,11,서울특별시,11320,도봉구,도봉산,63.13
20250314,11,서울특별시,11320,도봉구,도봉산,64.81
20250315,11,서울특별시,11320,도봉구,도봉산,99.76
20250316,11,서울특별시,11320,도봉구,도봉산,99.76
20250317,11,서울특별시,11320,도봉구,도봉산,62.02
20250318,11,서울특별시,11320,도봉구,도봉산,57.58
20250319,11,서울특별시,11320,도봉구,도봉산,99.89
20250320,11,서울특별시,11320,도봉구,도봉산,99.27
20250321,11,서울특별시,11320,도봉구,도봉산,64.69
20250322,11,서울특별시,11320,도봉구,도봉산,99.72
20250323,11,서울특별시,11320,도봉구,도봉산,99.72
20250324,11,서울특별시,11320,도봉구,도봉산,59.48
20250325,11,서울특별시,11320,도봉구,도봉산,60.06
20250326,11,서울특별시,11320,도봉구,도봉산,99.92
20250327,11,서울특별시,11320,도봉구,도봉산,90.78
20250328,11,서울특별시,11320,도봉구,도봉산,99.92
20250329,11,서울특별시,11320,도봉구,도봉산,99.53
20250330,11,서울특별시,11320,도봉구,도봉산,99.72
20250331,11,서울특별시,11320,도봉구,도봉산,67.92
20250401,11,서울특별시,11320,도봉구,도봉산,59.47
20250402,11,서울특별시,11320,도봉구,도봉산,99.89
20250403,11,서울특별시,11320,도봉구,도봉산,99.92
20250404,11,서울특별시,11320,도봉구,도봉산,99.95
20250405,11,서울특별시,11320,도봉구,도봉산,99.56
20250406,11,서울특별시,11320,도봉구,도봉산,99.71
20250407,11,서울특별시,11320,도봉구,도봉산,99.27
20250408,11,서울특별시,11320,도봉구,도봉산,59.48
20250409,11,서울특별시,11320,도봉구,도봉산,99.95
20250410,11,서울특별시,11320,도봉구,도봉산,99.95
20250411,11,서울특별시,11320,도봉구,도봉산,99.92
20250313,11,서울특별시,11320,도봉구,도봉서원,94.69
20250314,11,서울특별시,11320,도봉구,도봉서원,94.65
20250315,11,서울특별시,11320,도봉구,도봉서원,100
20250316,11,서울특별시,11320,도봉구,도봉서원,100
20250317,11,서울특별시,11320,도봉구,도봉서원,94.65
20250318,11,서울특별시,11320,도봉구,도봉서원,94.76
20250319,11,서울특별시,11320,도봉구,도봉서원,100
20250320,11,서울특별시,11320,도봉구,도봉서원,95.18
20250321,11,서울특별시,11320,도봉구,도봉서원,94.69
20250322,11,서울특별시,11320,도봉구,도봉서원,100
20250323,11,서울특별시,11320,도봉구,도봉서원,100
20250324,11,서울특별시,11320,도봉구,도봉서원,94.65
20250325,11,서울특별시,11320,도봉구,도봉서원,94.76
20250326,11,서울특별시,11320,도봉구,도봉서원,100
20250327,11,서울특별시,11320,도봉구,도봉서원,94.69
20250328,11,서울특별시,11320,도봉구,도봉서원,100
20250329,11,서울특별시,11320,도봉구,도봉서원,99.97
20250330,11,서울특별시,11320,도봉구,도봉서원,100
20250331,11,서울특별시,11320,도봉구,도봉서원,94.69
20250401,11,서울특별시,11320,도봉구,도봉서원,94.65
20250402,11,서울특별시,11320,도봉구,도봉서원,100
20250403,11,서울특별시,11320,도봉구,도봉서원,100
20250404,11,서울특별시,11320,도봉구,도봉서원,100
20250405,11,서울특별시,11320,도봉구,도봉서원,99.99
20250406,11,서울특별시,11320,도봉구,도봉서원,99.97
20250407,11,서울특별시,11320,도봉구,도봉서원,95.18
20250408,11,서울특별시,11320,도봉구,도봉서원,94.65
20250409,11,서울특별시,11320,도봉구,도봉서원,100
20250410,11,서울특별시,11320,도봉구,도봉서원,100
20250411,11,서울특별시,11320,도봉구,도봉서원,100
20250313,11,서울특별시,11320,도봉구,둘리뮤지엄,100
20250314,11,서울특별시,11320,도봉구,둘리뮤지엄,100
20250315,11,서울특별시,11320,도봉구,둘리뮤지엄,100
20250316,11,서울특별시,11320,도봉구,둘리뮤지엄,100
20250317,11,서울특별시,11320,도봉구,둘리뮤지엄,100
20250318,11,서울특별시,11320,도봉구,둘리뮤지엄,100
20250319,11,서울특별시,11320,도봉구,둘리뮤지엄,100
20250320,11,서울특별시,11320,도봉구,둘리뮤지엄,100
20250321,11,서울특별시,11320,도봉구,둘리뮤지엄,100
20250322,11,서울특별시,11320,도봉구,둘리뮤지엄,100
20250323,11,서울특별시,11320,도봉구,둘리뮤지엄,100
20250324,11,서울특별시,11320,도봉구,둘리뮤지엄,100
20250325,11,서울특별시,11320,도봉구,둘리뮤지엄,100
20250326,11,서울특별시,11320,도봉구,둘리뮤지엄,100
20250327,11,서울특별시,11320,도봉구,둘리뮤지엄,100
20250328,11,서울특별시,11320,도봉구,둘리뮤지엄,100
20250329,11,서울특별시,11320,도봉구,둘리뮤지엄,100
20250330,11,서울특별시,11320,도봉구,둘리뮤지엄,100
20250331,11,서울특별시,11320,도봉구,둘리뮤지엄,100
20250401,11,서울특별시,11320,도봉구,둘리뮤지엄,100
20250402,11,서울특별시,11320,도봉구,둘리뮤지엄,100
20250403,11,서울특별시,11320,도봉구,둘리뮤지엄,100
20250404,11,서울특별시,11320,도봉구,둘리뮤지엄,100
20250405,11,서울특별시,11320,도봉구,둘리뮤지엄,100
20250406,11,서울특별시,11320,도봉구,둘리뮤지엄,100
20250407,11,서울특별시,11320,도봉구,둘리뮤지엄,100
20250408,11,서울특별시,11320,도봉구,둘리뮤지엄,100
20250409,11,서울특별시,11320,도봉구,둘리뮤지엄,100
20250410,11,서울특별시,11320,도봉구,둘리뮤지엄,100
20250411,11,서울특별시,11320,도봉구,둘리뮤지엄,100
20250313,11,서울특별시,11320,도봉구,법종사,49.42
20250314,11,서울특별시,11320,도봉구,법종사,49.51
20250315,11,서울특별시,11320,도봉구,법종사,96.03
20250316,11,서울특별시,11320,도봉구,법종사,96.03
20250317,11,서울특별시,11320,도봉구,법종사,43.72
20250318,11,서울특별시,11320,도봉구,법종사,51.42
20250319,11,서울특별시,11320,도봉구,법종사,68.68
20250320,11,서울특별시,11320,도봉구,법종사,52.4
20250321,11,서울특별시,11320,도봉구,법종사,52.33
20250322,11,서울특별시,11320,도봉구,법종사,95.55
20250323,11,서울특별시,11320,도봉구,법종사,94.77
20250324,11,서울특별시,11320,도봉구,법종사,48.84
20250325,11,서울특별시,11320,도봉구,법종사,51.42
20250326,11,서울특별시,11320,도봉구,법종사,54.62
20250327,11,서울특별시,11320,도봉구,법종사,52.28
20250328,11,서울특별시,11320,도봉구,법종사,54.62
20250329,11,서울특별시,11320,도봉구,법종사,96.01
20250330,11,서울특별시,11320,도봉구,법종사,95.53
20250331,11,서울특별시,11320,도봉구,법종사,49.42
20250401,11,서울특별시,11320,도봉구,법종사,44.68
20250402,11,서울특별시,11320,도봉구,법종사,68.68
20250403,11,서울특별시,11320,도봉구,법종사,54.62
20250404,11,서울특별시,11320,도봉구,법종사,87.11
20250405,11,서울특별시,11320,도봉구,법종사,99.11
20250406,11,서울특별시,11320,도봉구,법종사,96.04
20250407,11,서울특별시,11320,도봉구,법종사,52.4
20250408,11,서울특별시,11320,도봉구,법종사,49.16
20250409,11,서울특별시,11320,도봉구,법종사,87.11
20250410,11,서울특별시,11320,도봉구,법종사,68.68
20250411,11,서울특별시,11320,도봉구,법종사,82.03
20250313,11,서울특별시,11320,도봉구,서울창포원,91.3
20250314,11,서울특별시,11320,도봉구,서울창포원,92.91
20250315,11,서울특별시,11320,도봉구,서울창포원,90.48
20250316,11,서울특별시,11320,도봉구,서울창포원,90.03
20250317,11,서울특별시,11320,도봉구,서울창포원,86.93
20250318,11,서울특별시,11320,도봉구,서울창포원,90.66
20250319,11,서울특별시,11320,도봉구,서울창포원,79.41
20250320,11,서울특별시,11320,도봉구,서울창포원,91.26
20250321,11,서울특별시,11320,도봉구,서울창포원,91.11
20250322,11,서울특별시,11320,도봉구,서울창포원,97.05
20250323,11,서울특별시,11320,도봉구,서울창포원,97.05
20250324,11,서울특별시,11320,도봉구,서울창포원,86.67
20250325,11,서울특별시,11320,도봉구,서울창포원,90.66
20250326,11,서울특별시,11320,도봉구,서울창포원,78.31
20250327,11,서울특별시,11320,도봉구,서울창포원,91.11
20250328,11,서울특별시,11320,도봉구,서울창포원,78.01
20250329,11,서울특별시,11320,도봉구,서울창포원,95.28
20250330,11,서울특별시,11320,도봉구,서울창포원,97.05
20250331,11,서울특별시,11320,도봉구,서울창포원,91.15
20250401,11,서울특별시,11320,도봉구,서울창포원,87.77
20250402,11,서울특별시,11320,도봉구,서울창포원,79.41
20250403,11,서울특별시,11320,도봉구,서울창포원,78.31
20250404,11,서울특별시,11320,도봉구,서울창포원,83.66
20250405,11,서울특별시,11320,도봉구,서울창포원,95.25
20250406,11,서울특별시,11320,도봉구,서울창포원,95.58
20250407,11,서울특별시,11320,도봉구,서울창포원,91.26
20250408,11,서울특별시,11320,도봉구,서울창포원,86.68
20250409,11,서울특별시,11320,도봉구,서울창포원,83.34
20250410,11,서울특별시,11320,도봉구,서울창포원,79.43
20250411,11,서울특별시,11320,도봉구,서울창포원,82.72
20250313,11,서울특별시,11320,도봉구,신창시장,100
20250314,11,서울특별시,11320,도봉구,신창시장,100
20250315,11,서울특별시,11320,도봉구,신창시장,100
20250316,11,서울특별시,11320,도봉구,신창시장,100
20250317,11,서울특별시,11320,도봉구,신창시장,100
20250318,11,서울특별시,11320,도봉구,신창시장,100
20250319,11,서울특별시,11320,도봉구,신창시장,100
20250320,11,서울특별시,11320,도봉구,신창시장,100
20250321,11,서울특별시,11320,도봉구,신창시장,100
20250322,11,서울특별시,11320,도봉구,신창시장,100
20250323,11,서울특별시,11320,도봉구,신창시장,100
20250324,11,서울특별시,11320,도봉구,신창시장,100
20250325,11,서울특별시,11320,도봉구,신창시장,100
20250326,11,서울특별시,11320,도봉구,신창시장,100
20250327,11,서울특별시,11320,도봉구,신창시장,100
20250328,11,서울특별시,11320,도봉구,신창시장,100
20250329,11,서울특별시,11320,도봉구,신창시장,100
20250330,11,서울특별시,11320,도봉구,신창시장,100
20250331,11,서울특별시,11320,도봉구,신창시장,100
20250401,11,서울특별시,11320,도봉구,신창시장,100
20250402,11,서울특별시,11320,도봉구,신창시장,100
20250403,11,서울특별시,11320,도봉구,신창시장,100
20250404,11,서울특별시,11320,도봉구,신창시장,100
20250405,11,서울특별시,11320,도봉구,신창시장,100
20250406,11,서울특별시,11320,도봉구,신창시장,100
20250407,11,서울특별시,11320,도봉구,신창시장,100
20250408,11,서울특별시,11320,도봉구,신창시장,100
20250409,11,서울특별시,11320,도봉구,신창시장,100
20250410,11,서울특별시,11320,도봉구,신창시장,100
20250411,11,서울특별시,11320,도봉구,신창시장,100
20250313,11,서울특별시,11320,도봉구,원당샘공원,97.75
20250314,11,서울특별시,11320,도봉구,원당샘공원,97.75
20250315,11,서울특별시,11320,도봉구,원당샘공원,99.65
20250316,11,서울특별시,11320,도봉구,원당샘공원,99.65
20250317,11,서울특별시,11320,도봉구,원당샘공원,97.75
20250318,11,서울특별시,11320,도봉구,원당샘공원,97.75
20250319,11,서울특별시,11320,도봉구,원당샘공원,98.72
20250320,11,서울특별시,11320,도봉구,원당샘공원,98.72
20250321,11,서울특별시,11320,도봉구,원당샘공원,97.75
20250322,11,서울특별시,11320,도봉구,원당샘공원,99.65
20250323,11,서울특별시,11320,도봉구,원당샘공원,99.65
20250324,11,서울특별시,11320,도봉구,원당샘공원,97.75
20250325,11,서울특별시,11320,도봉구,원당샘공원,97.75
20250326,11,서울특별시,11320,도봉구,원당샘공원,98.72
20250327,11,서울특별시,11320,도봉구,원당샘공원,98.72
20250328,11,서울특별시,11320,도봉구,원당샘공원,98.72
20250329,11,서울특별시,11320,도봉구,원당샘공원,99.65
20250330,11,서울특별시,11320,도봉구,원당샘공원,99.65
20250331,11,서울특별시,11320,도봉구,원당샘공원,97.75
20250401,11,서울특별시,11320,도봉구,원당샘공원,97.75
20250402,11,서울특별시,11320,도봉구,원당샘공원,98.72
20250403,11,서울특별시,11320,도봉구,원당샘공원,98.72
20250404,11,서울특별시,11320,도봉구,원당샘공원,98.72
20250405,11,서울특별시,11320,도봉구,원당샘공원,99.69
20250406,11,서울특별시,11320,도봉구,원당샘공원,99.65
20250407,11,서울특별시,11320,도봉구,원당샘공원,98.72
20250408,11,서울특별시,11320,도봉구,원당샘공원,97.75
20250409,11,서울특별시,11320,도봉구,원당샘공원,98.72
20250410,11,서울특별시,11320,도봉구,원당샘공원,98.72
20250411,11,서울특별시,11320,도봉구,원당샘공원,98.72
20250313,11,서울특별시,11320,도봉구,원통사(서울),96.8
20250314,11,서울특별시,11320,도봉구,원통사(서울),98.6
20250315,11,서울특별시,11320,도봉구,원통사(서울),100
20250316,11,서울특별시,11320,도봉구,원통사(서울),100
20250317,11,서울특별시,11320,도봉구,원통사(서울),96.39
20250318,11,서울특별시,11320,도봉구,원통사(서울),96.53
20250319,11,서울특별시,11320,도봉구,원통사(서울),100
20250320,11,서울특별시,11320,도봉구,원통사(서울),97.92
20250321,11,서울특별시,11320,도봉구,원통사(서울),97.08
20250322,11,서울특별시,11320,도봉구,원통사(서울),100
20250323,11,서울특별시,11320,도봉구,원통사(서울),100
20250324,11,서울특별시,11320,도봉구,원통사(서울),96.94
20250325,11,서울특별시,11320,도봉구,원통사(서울),96.53
20250326,11,서울특별시,11320,도봉구,원통사(서울),100
20250327,11,서울특별시,11320,도봉구,원통사(서울),97.42
20250328,11,서울특별시,11320,도봉구,원통사(서울),100
20250329,11,서울특별시,11320,도봉구,원통사(서울),100
20250330,11,서울특별시,11320,도봉구,원통사(서울),100
20250331,11,서울특별시,11320,도봉구,원통사(서울),96.8
20250401,11,서울특별시,11320,도봉구,원통사(서울),96.43
20250402,11,서울특별시,11320,도봉구,원통사(서울),100
20250403,11,서울특별시,11320,도봉구,원통사(서울),100
20250404,11,서울특별시,11320,도봉구,원통사(서울),100
20250405,11,서울특별시,11320,도봉구,원통사(서울),100
20250406,11,서울특별시,11320,도봉구,원통사(서울),100
20250407,11,서울특별시,11320,도봉구,원통사(서울),97.92
20250408,11,서울특별시,11320,도봉구,원통사(서울),96.94
20250409,11,서울특별시,11320,도봉구,원통사(서울),100
20250410,11,서울특별시,11320,도봉구,원통사(서울),100
20250411,11,서울특별시,11320,도봉구,원통사(서울),100
20250313,11,서울특별시,11320,도봉구,천축사(서울),87.36
20250314,11,서울특별시,11320,도봉구,천축사(서울),86.98
20250315,11,서울특별시,11320,도봉구,천축사(서울),99.99
20250316,11,서울특별시,11320,도봉구,천축사(서울),99.99
20250317,11,서울특별시,11320,도봉구,천축사(서울),86.77
20250318,11,서울특별시,11320,도봉구,천축사(서울),86.68
20250319,11,서울특별시,11320,도봉구,천축사(서울),98.52
20250320,11,서울특별시,11320,도봉구,천축사(서울),82.45
20250321,11,서울특별시,11320,도봉구,천축사(서울),87.24
20250322,11,서울특별시,11320,도봉구,천축사(서울),99.98
20250323,11,서울특별시,11320,도봉구,천축사(서울),99.98
20250324,11,서울특별시,11320,도봉구,천축사(서울),86.78
20250325,11,서울특별시,11320,도봉구,천축사(서울),86.68
20250326,11,서울특별시,11320,도봉구,천축사(서울),99.28
20250327,11,서울특별시,11320,도봉구,천축사(서울),87.23
20250328,11,서울특별시,11320,도봉구,천축사(서울),99.28
20250329,11,서울특별시,11320,도봉구,천축사(서울),99.98
20250330,11,서울특별시,11320,도봉구,천축사(서울),99.98
20250331,11,서울특별시,11320,도봉구,천축사(서울),87.37
20250401,11,서울특별시,11320,도봉구,천축사(서울),86.77
20250402,11,서울특별시,11320,도봉구,천축사(서울),98.52
20250403,11,서울특별시,11320,도봉구,천축사(서울),99.28
20250404,11,서울특별시,11320,도봉구,천축사(서울),99.99
20250405,11,서울특별시,11320,도봉구,천축사(서울),99.98
20250406,11,서울특별시,11320,도봉구,천축사(서울),99.98
20250407,11,서울특별시,11320,도봉구,천축사(서울),82.12
20250408,11,서울특별시,11320,도봉구,천축사(서울),86.78
20250409,11,서울특별시,11320,도봉구,천축사(서울),100
20250410,11,서울특별시,11320,도봉구,천축사(서울),99.27
20250411,11,서울특별시,11320,도봉구,천축사(서울),99.99
20250313,11,서울특별시,11320,도봉구,평화문화진지,99.2
20250314,11,서울특별시,11320,도봉구,평화문화진지,97.59
20250315,11,서울특별시,11320,도봉구,평화문화진지,100
20250316,11,서울특별시,11320,도봉구,평화문화진지,100
20250317,11,서울특별시,11320,도봉구,평화문화진지,95.57
20250318,11,서울특별시,11320,도봉구,평화문화진지,70.52
20250319,11,서울특별시,11320,도봉구,평화문화진지,99.96
20250320,11,서울특별시,11320,도봉구,평화문화진지,99.4
20250321,11,서울특별시,11320,도봉구,평화문화진지,99.18
20250322,11,서울특별시,11320,도봉구,평화문화진지,99.99
20250323,11,서울특별시,11320,도봉구,평화문화진지,99.99
20250324,11,서울특별시,11320,도봉구,평화문화진지,97.57
20250325,11,서울특별시,11320,도봉구,평화문화진지,70.52
20250326,11,서울특별시,11320,도봉구,평화문화진지,99.97
20250327,11,서울특별시,11320,도봉구,평화문화진지,99.05
20250328,11,서울특별시,11320,도봉구,평화문화진지,99.96
20250329,11,서울특별시,11320,도봉구,평화문화진지,99.96
20250330,11,서울특별시,11320,도봉구,평화문화진지,99.99
20250331,11,서울특별시,11320,도봉구,평화문화진지,99.2
20250401,11,서울특별시,11320,도봉구,평화문화진지,97.75
20250402,11,서울특별시,11320,도봉구,평화문화진지,99.96
20250403,11,서울특별시,11320,도봉구,평화문화진지,99.97
20250404,11,서울특별시,11320,도봉구,평화문화진지,99.91
20250405,11,서울특별시,11320,도봉구,평화문화진지,99.97
20250406,11,서울특별시,11320,도봉구,평화문화진지,99.98
20250407,11,서울특별시,11320,도봉구,평화문화진지,99.75
20250408,11,서울특별시,11320,도봉구,평화문화진지,97.59
20250409,11,서울특별시,11320,도봉구,평화문화진지,99.93
20250410,11,서울특별시,11320,도봉구,평화문화진지,99.97
20250411,11,서울특별시,11320,도봉구,평화문화진지,99.91
20250313,11,서울특별시,11350,노원구,공릉동도깨비시장,66.3
20250314,11,서울특별시,11350,노원구,공릉동도깨비시장,65.44
20250315,11,서울특별시,11350,노원구,공릉동도깨비시장,82.01
20250316,11,서울특별시,11350,노원구,공릉동도깨비시장,77.62
20250317,11,서울특별시,11350,노원구,공릉동도깨비시장,64.84
20250318,11,서울특별시,11350,노원구,공릉동도깨비시장,66.3
20250319,11,서울특별시,11350,노원구,공릉동도깨비시장,69.59
20250320,11,서울특별시,11350,노원구,공릉동도깨비시장,64.84
20250321,11,서울특별시,11350,노원구,공릉동도깨비시장,66.3
20250322,11,서울특별시,11350,노원구,공릉동도깨비시장,82.01
20250323,11,서울특별시,11350,노원구,공릉동도깨비시장,78.04
20250324,11,서울특별시,11350,노원구,공릉동도깨비시장,64.83
20250325,11,서울특별시,11350,노원구,공릉동도깨비시장,64.84
20250326,11,서울특별시,11350,노원구,공릉동도깨비시장,66.3
20250327,11,서울특별시,11350,노원구,공릉동도깨비시장,64.83
20250328,11,서울특별시,11350,노원구,공릉동도깨비시장,64.84
20250329,11,서울특별시,11350,노원구,공릉동도깨비시장,77.62
20250330,11,서울특별시,11350,노원구,공릉동도깨비시장,77.79
20250331,11,서울특별시,11350,노원구,공릉동도깨비시장,67.49
20250401,11,서울특별시,11350,노원구,공릉동도깨비시장,67.49
20250402,11,서울특별시,11350,노원구,공릉동도깨비시장,64.84
20250403,11,서울특별시,11350,노원구,공릉동도깨비시장,69.19
20250404,11,서울특별시,11350,노원구,공릉동도깨비시장,64.84
20250405,11,서울특별시,11350,노원구,공릉동도깨비시장,77.79
20250406,11,서울특별시,11350,노원구,공릉동도깨비시장,78.94
20250407,11,서울특별시,11350,노원구,공릉동도깨비시장,67.49
20250408,11,서울특별시,11350,노원구,공릉동도깨비시장,67.49
20250409,11,서울특별시,11350,노원구,공릉동도깨비시장,64.83
20250410,11,서울특별시,11350,노원구,공릉동도깨비시장,67.49
20250411,11,서울특별시,11350,노원구,공릉동도깨비시장,69.19
20250313,11,서울특별시,11350,노원구,노원천문우주과학관,54.91
20250314,11,서울특별시,11350,노원구,노원천문우주과학관,55.25
20250315,11,서울특별시,11350,노원구,노원천문우주과학관,68.89
20250316,11,서울특별시,11350,노원구,노원천문우주과학관,68.36
20250317,11,서울특별시,11350,노원구,노원천문우주과학관,56.25
20250318,11,서울특별시,11350,노원구,노원천문우주과학관,54.91
20250319,11,서울특별시,11350,노원구,노원천문우주과학관,56.64
20250320,11,서울특별시,11350,노원구,노원천문우주과학관,56.25
20250321,11,서울특별시,11350,노원구,노원천문우주과학관,54.91
20250322,11,서울특별시,11350,노원구,노원천문우주과학관,68.89
20250323,11,서울특별시,11350,노원구,노원천문우주과학관,68.83
20250324,11,서울특별시,11350,노원구,노원천문우주과학관,55.26
20250325,11,서울특별시,11350,노원구,노원천문우주과학관,56.25
20250326,11,서울특별시,11350,노원구,노원천문우주과학관,54.91
20250327,11,서울특별시,11350,노원구,노원천문우주과학관,55.26
20250328,11,서울특별시,11350,노원구,노원천문우주과학관,56.25
20250329,11,서울특별시,11350,노원구,노원천문우주과학관,68.36
20250330,11,서울특별시,11350,노원구,노원천문우주과학관,57.39
20250331,11,서울특별시,11350,노원구,노원천문우주과학관,56.01
20250401,11,서울특별시,11350,노원구,노원천문우주과학관,56.01
20250402,11,서울특별시,11350,노원구,노원천문우주과학관,56.25
20250403,11,서울특별시,11350,노원구,노원천문우주과학관,55.26
20250404,11,서울특별시,11350,노원구,노원천문우주과학관,56.25
20250405,11,서울특별시,11350,노원구,노원천문우주과학관,57.39
20250406,11,서울특별시,11350,노원구,노원천문우주과학관,55.82
20250407,11,서울특별시,11350,노원구,노원천문우주과학관,56.01
20250408,11,서울특별시,11350,노원구,노원천문우주과학관,56.01
20250409,11,서울특별시,11350,노원구,노원천문우주과학관,55.26
20250410,11,서울특별시,11350,노원구,노원천문우주과학관,56.01
20250411,11,서울특별시,11350,노원구,노원천문우주과학관,55.26
20250313,11,서울특별시,11350,노원구,도안사,27.9
20250314,11,서울특별시,11350,노원구,도안사,28.03
20250315,11,서울특별시,11350,노원구,도안사,17.62
20250316,11,서울특별시,11350,노원구,도안사,16.71
20250317,11,서울특별시,11350,노원구,도안사,27.17
20250318,11,서울특별시,11350,노원구,도안사,27.9
20250319,11,서울특별시,11350,노원구,도안사,47.2
20250320,11,서울특별시,11350,노원구,도안사,26.85
20250321,11,서울특별시,11350,노원구,도안사,27.9
20250322,11,서울특별시,11350,노원구,도안사,17.62
20250323,11,서울특별시,11350,노원구,도안사,16.71
20250324,11,서울특별시,11350,노원구,도안사,26.19
20250325,11,서울특별시,11350,노원구,도안사,27.17
20250326,11,서울특별시,11350,노원구,도안사,27.9
20250327,11,서울특별시,11350,노원구,도안사,27.17
20250328,11,서울특별시,11350,노원구,도안사,26.85
20250329,11,서울특별시,11350,노원구,도안사,16.71
20250330,11,서울특별시,11350,노원구,도안사,8.06
20250331,11,서울특별시,11350,노원구,도안사,21.65
20250401,11,서울특별시,11350,노원구,도안사,21.65
20250402,11,서울특별시,11350,노원구,도안사,26.85
20250403,11,서울특별시,11350,노원구,도안사,26.19
20250404,11,서울특별시,11350,노원구,도안사,26.85
20250405,11,서울특별시,11350,노원구,도안사,8.06
20250406,11,서울특별시,11350,노원구,도안사,8.14
20250407,11,서울특별시,11350,노원구,도안사,21.65
20250408,11,서울특별시,11350,노원구,도안사,21.65
20250409,11,서울특별시,11350,노원구,도안사,26.19
20250410,11,서울특별시,11350,노원구,도안사,21.65
20250411,11,서울특별시,11350,노원구,도안사,26.19
20250313,11,서울특별시,11350,노원구,불암산,85.63
20250314,11,서울특별시,11350,노원구,불암산,84.74
20250315,11,서울특별시,11350,노원구,불암산,86.61
20250316,11,서울특별시,11350,노원구,불암산,86.69
20250317,11,서울특별시,11350,노원구,불암산,86.53
20250318,11,서울특별시,11350,노원구,불암산,85.63
20250319,11,서울특별시,11350,노원구,불암산,84.39
20250320,11,서울특별시,11350,노원구,불암산,86.53
20250321,11,서울특별시,11350,노원구,불암산,85.63
20250322,11,서울특별시,11350,노원구,불암산,86.23
20250323,11,서울특별시,11350,노원구,불암산,86.69
20250324,11,서울특별시,11350,노원구,불암산,86.29
20250325,11,서울특별시,11350,노원구,불암산,86.53
20250326,11,서울특별시,11350,노원구,불암산,85.63
20250327,11,서울특별시,11350,노원구,불암산,86.29
20250328,11,서울특별시,11350,노원구,불암산,86.53
20250329,11,서울특별시,11350,노원구,불암산,86.69
20250330,11,서울특별시,11350,노원구,불암산,86.39
20250331,11,서울특별시,11350,노원구,불암산,88.47
20250401,11,서울특별시,11350,노원구,불암산,88.47
20250402,11,서울특별시,11350,노원구,불암산,86.53
20250403,11,서울특별시,11350,노원구,불암산,88.47
20250404,11,서울특별시,11350,노원구,불암산,86.53
20250405,11,서울특별시,11350,노원구,불암산,86.39
20250406,11,서울특별시,11350,노원구,불암산,85.99
20250407,11,서울특별시,11350,노원구,불암산,88.59
20250408,11,서울특별시,11350,노원구,불암산,88.47
20250409,11,서울특별시,11350,노원구,불암산,86.29
20250410,11,서울특별시,11350,노원구,불암산,88.59
20250411,11,서울특별시,11350,노원구,불암산,86.29
20250313,11,서울특별시,11350,노원구,불암산나비정원,93.05
20250314,11,서울특별시,11350,노원구,불암산나비정원,93.55
20250315,11,서울특별시,11350,노원구,불암산나비정원,91.76
20250316,11,서울특별시,11350,노원구,불암산나비정원,91.76
20250317,11,서울특별시,11350,노원구,불암산나비정원,93.05
20250318,11,서울특별시,11350,노원구,불암산나비정원,93.05
20250319,11,서울특별시,11350,노원구,불암산나비정원,93.33
20250320,11,서울특별시,11350,노원구,불암산나비정원,93.05
20250321,11,서울특별시,11350,노원구,불암산나비정원,93.05
20250322,11,서울특별시,11350,노원구,불암산나비정원,91.89
20250323,11,서울특별시,11350,노원구,불암산나비정원,91.76
20250324,11,서울특별시,11350,노원구,불암산나비정원,93.05
20250325,11,서울특별시,11350,노원구,불암산나비정원,93.05
20250326,11,서울특별시,11350,노원구,불암산나비정원,93.05
20250327,11,서울특별시,11350,노원구,불암산나비정원,93.05
20250328,11,서울특별시,11350,노원구,불암산나비정원,93.05
20250329,11,서울특별시,11350,노원구,불암산나비정원,91.76
20250330,11,서울특별시,11350,노원구,불암산나비정원,91.82
20250331,11,서울특별시,11350,노원구,불암산나비정원,93.04
20250401,11,서울특별시,11350,노원구,불암산나비정원,93.04
20250402,11,서울특별시,11350,노원구,불암산나비정원,93.05
20250403,11,서울특별시,11350,노원구,불암산나비정원,93.04
20250404,11,서울특별시,11350,노원구,불암산나비정원,93.05
20250405,11,서울특별시,11350,노원구,불암산나비정원,91.82
20250406,11,서울특별시,11350,노원구,불암산나비정원,91.73
20250407,11,서울특별시,11350,노원구,불암산나비정원,93.04
20250408,11,서울특별시,11350,노원구,불암산나비정원,93.04
20250409,11,서울특별시,11350,노원구,불암산나비정원,93.05
20250410,11,서울특별시,11350,노원구,불암산나비정원,93.04
20250411,11,서울특별시,11350,노원구,불암산나비정원,93.05
20250313,11,서울특별시,11350,노원구,상계중앙시장,94.87
20250314,11,서울특별시,11350,노원구,상계중앙시장,94.02
20250315,11,서울특별시,11350,노원구,상계중앙시장,92.47
20250316,11,서울특별시,11350,노원구,상계중앙시장,92.04
20250317,11,서울특별시,11350,노원구,상계중앙시장,94.22
20250318,11,서울특별시,11350,노원구,상계중앙시장,94.22
20250319,11,서울특별시,11350,노원구,상계중앙시장,93.41
20250320,11,서울특별시,11350,노원구,상계중앙시장,94.58
20250321,11,서울특별시,11350,노원구,상계중앙시장,94.87
20250322,11,서울특별시,11350,노원구,상계중앙시장,92.32
20250323,11,서울특별시,11350,노원구,상계중앙시장,92.09
20250324,11,서울특별시,11350,노원구,상계중앙시장,94.32
20250325,11,서울특별시,11350,노원구,상계중앙시장,94.22
20250326,11,서울특별시,11350,노원구,상계중앙시장,94.87
20250327,11,서울특별시,11350,노원구,상계중앙시장,94.22
20250328,11,서울특별시,11350,노원구,상계중앙시장,94.58
20250329,11,서울특별시,11350,노원구,상계중앙시장,92.04
20250330,11,서울특별시,11350,노원구,상계중앙시장,88.55
20250331,11,서울특별시,11350,노원구,상계중앙시장,94.33
20250401,11,서울특별시,11350,노원구,상계중앙시장,94.33
20250402,11,서울특별시,11350,노원구,상계중앙시장,94.22
20250403,11,서울특별시,11350,노원구,상계중앙시장,94.33
20250404,11,서울특별시,11350,노원구,상계중앙시장,94.22
20250405,11,서울특별시,11350,노원구,상계중앙시장,92.69
20250406,11,서울특별시,11350,노원구,상계중앙시장,89.05
20250407,11,서울특별시,11350,노원구,상계중앙시장,94.33
20250408,11,서울특별시,11350,노원구,상계중앙시장,94.33
20250409,11,서울특별시,11350,노원구,상계중앙시장,94.32
20250410,11,서울특별시,11350,노원구,상계중앙시장,94.33
20250411,11,서울특별시,11350,노원구,상계중앙시장,94.32
20250313,11,서울특별시,11350,노원구,서울생활사박물관,72.83
20250314,11,서울특별시,11350,노원구,서울생활사박물관,72.83
20250315,11,서울특별시,11350,노원구,서울생활사박물관,73.14
20250316,11,서울특별시,11350,노원구,서울생활사박물관,73.04
20250317,11,서울특별시,11350,노원구,서울생활사박물관,72.83
20250318,11,서울특별시,11350,노원구,서울생활사박물관,72.83
20250319,11,서울특별시,11350,노원구,서울생활사박물관,72.84
20250320,11,서울특별시,11350,노원구,서울생활사박물관,72.83
20250321,11,서울특별시,11350,노원구,서울생활사박물관,72.83
20250322,11,서울특별시,11350,노원구,서울생활사박물관,73.09
20250323,11,서울특별시,11350,노원구,서울생활사박물관,73.22
20250324,11,서울특별시,11350,노원구,서울생활사박물관,72.83
20250325,11,서울특별시,11350,노원구,서울생활사박물관,72.83
20250326,11,서울특별시,11350,노원구,서울생활사박물관,72.83
20250327,11,서울특별시,11350,노원구,서울생활사박물관,72.83
20250328,11,서울특별시,11350,노원구,서울생활사박물관,72.83
20250329,11,서울특별시,11350,노원구,서울생활사박물관,73.04
20250330,11,서울특별시,11350,노원구,서울생활사박물관,70.44
20250331,11,서울특별시,11350,노원구,서울생활사박물관,72.83
20250401,11,서울특별시,11350,노원구,서울생활사박물관,72.83
20250402,11,서울특별시,11350,노원구,서울생활사박물관,72.83
20250403,11,서울특별시,11350,노원구,서울생활사박물관,72.83
20250404,11,서울특별시,11350,노원구,서울생활사박물관,72.83
20250405,11,서울특별시,11350,노원구,서울생활사박물관,70.44
20250406,11,서울특별시,11350,노원구,서울생활사박물관,70.44
20250407,11,서울특별시,11350,노원구,서울생활사박물관,72.83
20250408,11,서울특별시,11350,노원구,서울생활사박물관,72.83
20250409,11,서울특별시,11350,노원구,서울생활사박물관,72.83
20250410,11,서울특별시,11350,노원구,서울생활사박물관,72.83
20250411,11,서울특별시,11350,노원구,서울생활사박물관,72.83
20250313,11,서울특별시,11350,노원구,서울시립 북서울미술관,58.18
20250314,11,서울특별시,11350,노원구,서울시립 북서울미술관,57.96
20250315,11,서울특별시,11350,노원구,서울시립 북서울미술관,78.41
20250316,11,서울특별시,11350,노원구,서울시립 북서울미술관,78.41
20250317,11,서울특별시,11350,노원구,서울시립 북서울미술관,58.56
20250318,11,서울특별시,11350,노원구,서울시립 북서울미술관,58.18
20250319,11,서울특별시,11350,노원구,서울시립 북서울미술관,61.63
20250320,11,서울특별시,11350,노원구,서울시립 북서울미술관,58.35
20250321,11,서울특별시,11350,노원구,서울시립 북서울미술관,57.96
20250322,11,서울특별시,11350,노원구,서울시립 북서울미술관,78.41
20250323,11,서울특별시,11350,노원구,서울시립 북서울미술관,78.41
20250324,11,서울특별시,11350,노원구,서울시립 북서울미술관,58.71
20250325,11,서울특별시,11350,노원구,서울시립 북서울미술관,58.56
20250326,11,서울특별시,11350,노원구,서울시립 북서울미술관,57.96
20250327,11,서울특별시,11350,노원구,서울시립 북서울미술관,58.56
20250328,11,서울특별시,11350,노원구,서울시립 북서울미술관,58.56
20250329,11,서울특별시,11350,노원구,서울시립 북서울미술관,78.41
20250330,11,서울특별시,11350,노원구,서울시립 북서울미술관,84.31
20250331,11,서울특별시,11350,노원구,서울시립 북서울미술관,58.71
20250401,11,서울특별시,11350,노원구,서울시립 북서울미술관,58.71
20250402,11,서울특별시,11350,노원구,서울시립 북서울미술관,58.56
20250403,11,서울특별시,11350,노원구,서울시립 북서울미술관,58.71
20250404,11,서울특별시,11350,노원구,서울시립 북서울미술관,58.56
20250405,11,서울특별시,11350,노원구,서울시립 북서울미술관,84.31
20250406,11,서울특별시,11350,노원구,서울시립 북서울미술관,69.91
20250407,11,서울특별시,11350,노원구,서울시립 북서울미술관,58.71
20250408,11,서울특별시,11350,노원구,서울시립 북서울미술관,58.71
20250409,11,서울특별시,11350,노원구,서울시립 북서울미술관,58.71
20250410,11,서울특별시,11350,노원구,서울시립 북서울미술관,58.71
20250411,11,서울특별시,11350,노원구,서울시립 북서울미술관,58.71
20250313,11,서울특별시,11350,노원구,송암사,10.26
20250314,11,서울특별시,11350,노원구,송암사,10.29
20250315,11,서울특별시,11350,노원구,송암사,19.14
20250316,11,서울특별시,11350,노원구,송암사,19.44
20250317,11,서울특별시,11350,노원구,송암사,10.94
20250318,11,서울특별시,11350,노원구,송암사,10.03
20250319,11,서울특별시,11350,노원구,송암사,16.25
20250320,11,서울특별시,11350,노원구,송암사,10.94
20250321,11,서울특별시,11350,노원구,송암사,10.26
20250322,11,서울특별시,11350,노원구,송암사,19.14
20250323,11,서울특별시,11350,노원구,송암사,19.37
20250324,11,서울특별시,11350,노원구,송암사,10.93
20250325,11,서울특별시,11350,노원구,송암사,10.94
20250326,11,서울특별시,11350,노원구,송암사,10.26
20250327,11,서울특별시,11350,노원구,송암사,10.96
20250328,11,서울특별시,11350,노원구,송암사,10.94
20250329,11,서울특별시,11350,노원구,송암사,19.44
20250330,11,서울특별시,11350,노원구,송암사,16.99
20250331,11,서울특별시,11350,노원구,송암사,12.13
20250401,11,서울특별시,11350,노원구,송암사,12.13
20250402,11,서울특별시,11350,노원구,송암사,10.94
20250403,11,서울특별시,11350,노원구,송암사,10.93
20250404,11,서울특별시,11350,노원구,송암사,10.94
20250405,11,서울특별시,11350,노원구,송암사,16.99
20250406,11,서울특별시,11350,노원구,송암사,18.38
20250407,11,서울특별시,11350,노원구,송암사,12.13
20250408,11,서울특별시,11350,노원구,송암사,12.13
20250409,11,서울특별시,11350,노원구,송암사,10.93
20250410,11,서울특별시,11350,노원구,송암사,12.13
20250411,11,서울특별시,11350,노원구,송암사,10.93
20250313,11,서울특별시,11350,노원구,수락산,99.93
20250314,11,서울특별시,11350,노원구,수락산,99.91
20250315,11,서울특별시,11350,노원구,수락산,99.91
20250316,11,서울특별시,11350,노원구,수락산,99.91
20250317,11,서울특별시,11350,노원구,수락산,99.93
20250318,11,서울특별시,11350,노원구,수락산,99.93
20250319,11,서울특별시,11350,노원구,수락산,99.91
20250320,11,서울특별시,11350,노원구,수락산,99.93
20250321,11,서울특별시,11350,노원구,수락산,99.93
20250322,11,서울특별시,11350,노원구,수락산,99.91
20250323,11,서울특별시,11350,노원구,수락산,99.91
20250324,11,서울특별시,11350,노원구,수락산,99.93
20250325,11,서울특별시,11350,노원구,수락산,99.93
20250326,11,서울특별시,11350,노원구,수락산,99.93
20250327,11,서울특별시,11350,노원구,수락산,99.93
20250328,11,서울특별시,11350,노원구,수락산,99.93
20250329,11,서울특별시,11350,노원구,수락산,99.91
20250330,11,서울특별시,11350,노원구,수락산,99.91
20250331,11,서울특별시,11350,노원구,수락산,99.93
20250401,11,서울특별시,11350,노원구,수락산,99.93
20250402,11,서울특별시,11350,노원구,수락산,99.93
20250403,11,서울특별시,11350,노원구,수락산,99.93
20250404,11,서울특별시,11350,노원구,수락산,99.93
20250405,11,서울특별시,11350,노원구,수락산,99.91
20250406,11,서울특별시,11350,노원구,수락산,99.91
20250407,11,서울특별시,11350,노원구,수락산,99.93
20250408,11,서울특별시,11350,노원구,수락산,99.93
20250409,11,서울특별시,11350,노원구,수락산,99.93
20250410,11,서울특별시,11350,노원구,수락산,99.93
20250411,11,서울특별시,11350,노원구,수락산,99.93
20250313,11,서울특별시,11350,노원구,수락산 당고개지구 공원,71.79
20250314,11,서울특별시,11350,노원구,수락산 당고개지구 공원,70.74
20250315,11,서울특별시,11350,노원구,수락산 당고개지구 공원,66.87
20250316,11,서울특별시,11350,노원구,수락산 당고개지구 공원,67.29
20250317,11,서울특별시,11350,노원구,수락산 당고개지구 공원,70.79
20250318,11,서울특별시,11350,노원구,수락산 당고개지구 공원,71.79
20250319,11,서울특별시,11350,노원구,수락산 당고개지구 공원,75.72
20250320,11,서울특별시,11350,노원구,수락산 당고개지구 공원,70.52
20250321,11,서울특별시,11350,노원구,수락산 당고개지구 공원,70.75
20250322,11,서울특별시,11350,노원구,수락산 당고개지구 공원,65.1
20250323,11,서울특별시,11350,노원구,수락산 당고개지구 공원,67.71
20250324,11,서울특별시,11350,노원구,수락산 당고개지구 공원,70.19
20250325,11,서울특별시,11350,노원구,수락산 당고개지구 공원,70.79
20250326,11,서울특별시,11350,노원구,수락산 당고개지구 공원,70.75
20250327,11,서울특별시,11350,노원구,수락산 당고개지구 공원,70.79
20250328,11,서울특별시,11350,노원구,수락산 당고개지구 공원,70.79
20250329,11,서울특별시,11350,노원구,수락산 당고개지구 공원,67.29
20250330,11,서울특별시,11350,노원구,수락산 당고개지구 공원,80.63
20250331,11,서울특별시,11350,노원구,수락산 당고개지구 공원,70.37
20250401,11,서울특별시,11350,노원구,수락산 당고개지구 공원,70.37
20250402,11,서울특별시,11350,노원구,수락산 당고개지구 공원,70.79
20250403,11,서울특별시,11350,노원구,수락산 당고개지구 공원,70.37
20250404,11,서울특별시,11350,노원구,수락산 당고개지구 공원,70.79
20250405,11,서울특별시,11350,노원구,수락산 당고개지구 공원,80.63
20250406,11,서울특별시,11350,노원구,수락산 당고개지구 공원,69.99
20250407,11,서울특별시,11350,노원구,수락산 당고개지구 공원,69.8
20250408,11,서울특별시,11350,노원구,수락산 당고개지구 공원,70.37
20250409,11,서울특별시,11350,노원구,수락산 당고개지구 공원,70.19
20250410,11,서울특별시,11350,노원구,수락산 당고개지구 공원,70.37
20250411,11,서울특별시,11350,노원구,수락산 당고개지구 공원,70.19
20250313,11,서울특별시,11350,노원구,수락산 학림사,18.12
20250314,11,서울특별시,11350,노원구,수락산 학림사,19.98
20250315,11,서울특별시,11350,노원구,수락산 학림사,12.4
20250316,11,서울특별시,11350,노원구,수락산 학림사,13.23
20250317,11,서울특별시,11350,노원구,수락산 학림사,17.67
20250318,11,서울특별시,11350,노원구,수락산 학림사,18.12
20250319,11,서울특별시,11350,노원구,수락산 학림사,18.54
20250320,11,서울특별시,11350,노원구,수락산 학림사,17.67
20250321,11,서울특별시,11350,노원구,수락산 학림사,18.12
20250322,11,서울특별시,11350,노원구,수락산 학림사,12.4
20250323,11,서울특별시,11350,노원구,수락산 학림사,12.46
20250324,11,서울특별시,11350,노원구,수락산 학림사,17.45
20250325,11,서울특별시,11350,노원구,수락산 학림사,17.67
20250326,11,서울특별시,11350,노원구,수락산 학림사,18.12
20250327,11,서울특별시,11350,노원구,수락산 학림사,17.42
20250328,11,서울특별시,11350,노원구,수락산 학림사,17.67
20250329,11,서울특별시,11350,노원구,수락산 학림사,13.23
20250330,11,서울특별시,11350,노원구,수락산 학림사,12.23
20250331,11,서울특별시,11350,노원구,수락산 학림사,17.45
20250401,11,서울특별시,11350,노원구,수락산 학림사,17.45
20250402,11,서울특별시,11350,노원구,수락산 학림사,17.67
20250403,11,서울특별시,11350,노원구,수락산 학림사,17.45
20250404,11,서울특별시,11350,노원구,수락산 학림사,17.67
20250405,11,서울특별시,11350,노원구,수락산 학림사,12.23
20250406,11,서울특별시,11350,노원구,수락산 학림사,19.97
20250407,11,서울특별시,11350,노원구,수락산 학림사,17.45
20250408,11,서울특별시,11350,노원구,수락산 학림사,17.45
20250409,11,서울특별시,11350,노원구,수락산 학림사,17.45
20250410,11,서울특별시,11350,노원구,수락산 학림사,17.45
20250411,11,서울특별시,11350,노원구,수락산 학림사,17.45
20250313,11,서울특별시,11350,노원구,수암사,98.88
20250314,11,서울특별시,11350,노원구,수암사,98.88
20250315,11,서울특별시,11350,노원구,수암사,98.88
20250316,11,서울특별시,11350,노원구,수암사,98.88
20250317,11,서울특별시,11350,노원구,수암사,98.88
20250318,11,서울특별시,11350,노원구,수암사,98.88
20250319,11,서울특별시,11350,노원구,수암사,98.88
20250320,11,서울특별시,11350,노원구,수암사,98.88
20250321,11,서울특별시,11350,노원구,수암사,98.88
20250322,11,서울특별시,11350,노원구,수암사,98.88
20250323,11,서울특별시,11350,노원구,수암사,98.88
20250324,11,서울특별시,11350,노원구,수암사,98.88
20250325,11,서울특별시,11350,노원구,수암사,98.88
20250326,11,서울특별시,11350,노원구,수암사,98.88
20250327,11,서울특별시,11350,노원구,수암사,98.88
20250328,11,서울특별시,11350,노원구,수암사,98.88
20250329,11,서울특별시,11350,노원구,수암사,98.88
20250330,11,서울특별시,11350,노원구,수암사,98.88
20250331,11,서울특별시,11350,노원구,수암사,98.88
20250401,11,서울특별시,11350,노원구,수암사,98.88
20250402,11,서울특별시,11350,노원구,수암사,98.88
20250403,11,서울특별시,11350,노원구,수암사,98.88
20250404,11,서울특별시,11350,노원구,수암사,98.88
20250405,11,서울특별시,11350,노원구,수암사,98.88
20250406,11,서울특별시,11350,노원구,수암사,98.88
20250407,11,서울특별시,11350,노원구,수암사,98.88
20250408,11,서울특별시,11350,노원구,수암사,98.88
20250409,11,서울특별시,11350,노원구,수암사,98.88
20250410,11,서울특별시,11350,노원구,수암사,98.88
20250411,11,서울특별시,11350,노원구,수암사,98.88
20250313,11,서울특별시,11350,노원구,용굴암(서울),17.26
20250314,11,서울특별시,11350,노원구,용굴암(서울),19.45
20250315,11,서울특별시,11350,노원구,용굴암(서울),16.19
20250316,11,서울특별시,11350,노원구,용굴암(서울),16.3
20250317,11,서울특별시,11350,노원구,용굴암(서울),17.25
20250318,11,서울특별시,11350,노원구,용굴암(서울),17.26
20250319,11,서울특별시,11350,노원구,용굴암(서울),17.5
20250320,11,서울특별시,11350,노원구,용굴암(서울),17.42
20250321,11,서울특별시,11350,노원구,용굴암(서울),17.26
20250322,11,서울특별시,11350,노원구,용굴암(서울),16.19
20250313,11,서울특별시,11380,은평구,북한산국립공원(서울),96.59
20250314,11,서울특별시,11380,은평구,북한산국립공원(서울),88.78
20250315,11,서울특별시,11380,은평구,북한산국립공원(서울),96.62
20250316,11,서울특별시,11380,은평구,북한산국립공원(서울),94.94
20250317,11,서울특별시,11380,은평구,북한산국립공원(서울),96.98
20250318,11,서울특별시,11380,은평구,북한산국립공원(서울),96.97
20250319,11,서울특별시,11380,은평구,북한산국립공원(서울),96.96
20250320,11,서울특별시,11380,은평구,북한산국립공원(서울),95.83
20250321,11,서울특별시,11380,은평구,북한산국립공원(서울),99.1
20250322,11,서울특별시,11380,은평구,북한산국립공원(서울),99.96
20250323,11,서울특별시,11380,은평구,북한산국립공원(서울),99.96
20250324,11,서울특별시,11380,은평구,북한산국립공원(서울),96.96
20250325,11,서울특별시,11380,은평구,북한산국립공원(서울),97.06
20250326,11,서울특별시,11380,은평구,북한산국립공원(서울),96.59
20250327,11,서울특별시,11380,은평구,북한산국립공원(서울),95.84
20250328,11,서울특별시,11380,은평구,북한산국립공원(서울),96.98
20250329,11,서울특별시,11380,은평구,북한산국립공원(서울),99.96
20250330,11,서울특별시,11380,은평구,북한산국립공원(서울),99.94
20250331,11,서울특별시,11380,은평구,북한산국립공원(서울),96.59
20250401,11,서울특별시,11380,은평구,북한산국립공원(서울),96.98
20250402,11,서울특별시,11380,은평구,북한산국립공원(서울),96.6
20250403,11,서울특별시,11380,은평구,북한산국립공원(서울),95.74
20250404,11,서울특별시,11380,은평구,북한산국립공원(서울),95.84
20250405,11,서울특별시,11380,은평구,북한산국립공원(서울),99.96
20250406,11,서울특별시,11380,은평구,북한산국립공원(서울),99.95
20250407,11,서울특별시,11380,은평구,북한산국립공원(서울),95.83
20250408,11,서울특별시,11380,은평구,북한산국립공원(서울),96.59
20250409,11,서울특별시,11380,은평구,북한산국립공원(서울),95.9
20250410,11,서울특별시,11380,은평구,북한산국립공원(서울),96.34
20250411,11,서울특별시,11380,은평구,북한산국립공원(서울),95.9
20250313,11,서울특별시,11380,은평구,삼천사(서울),73.17
20250314,11,서울특별시,11380,은평구,삼천사(서울),23.22
20250315,11,서울특별시,11380,은평구,삼천사(서울),77.82
20250316,11,서울특별시,11380,은평구,삼천사(서울),77.9
20250317,11,서울특별시,11380,은평구,삼천사(서울),81.06
20250318,11,서울특별시,11380,은평구,삼천사(서울),77.73
20250319,11,서울특별시,11380,은평구,삼천사(서울),71.57
20250320,11,서울특별시,11380,은평구,삼천사(서울),73.4
20250321,11,서울특별시,11380,은평구,삼천사(서울),75.84
20250322,11,서울특별시,11380,은평구,삼천사(서울),97
20250323,11,서울특별시,11380,은평구,삼천사(서울),71.84
20250324,11,서울특별시,11380,은평구,삼천사(서울),71.57
20250325,11,서울특별시,11380,은평구,삼천사(서울),83.41
20250326,11,서울특별시,11380,은평구,삼천사(서울),73.17
20250327,11,서울특별시,11380,은평구,삼천사(서울),73.4
20250328,11,서울특별시,11380,은평구,삼천사(서울),79.73
20250329,11,서울특별시,11380,은평구,삼천사(서울),97
20250330,11,서울특별시,11380,은평구,삼천사(서울),96.16
20250331,11,서울특별시,11380,은평구,삼천사(서울),73.17
20250401,11,서울특별시,11380,은평구,삼천사(서울),79.73
20250402,11,서울특별시,11380,은평구,삼천사(서울),73.17
20250403,11,서울특별시,11380,은평구,삼천사(서울),77.16
20250404,11,서울특별시,11380,은평구,삼천사(서울),73.17
20250405,11,서울특별시,11380,은평구,삼천사(서울),71.84
20250406,11,서울특별시,11380,은평구,삼천사(서울),96.11
20250407,11,서울특별시,11380,은평구,삼천사(서울),85.83
20250408,11,서울특별시,11380,은평구,삼천사(서울),73.17
20250409,11,서울특별시,11380,은평구,삼천사(서울),77.16
20250410,11,서울특별시,11380,은평구,삼천사(서울),79.5
20250411,11,서울특별시,11380,은평구,삼천사(서울),77.16
20250313,11,서울특별시,11380,은평구,서울기록원,43.51
20250314,11,서울특별시,11380,은평구,서울기록원,45.62
20250315,11,서울특별시,11380,은평구,서울기록원,89.3
20250316,11,서울특별시,11380,은평구,서울기록원,87.52
20250317,11,서울특별시,11380,은평구,서울기록원,43.96
20250318,11,서울특별시,11380,은평구,서울기록원,45.67
20250319,11,서울특별시,11380,은평구,서울기록원,42.9
20250320,11,서울특별시,11380,은평구,서울기록원,43.49
20250321,11,서울특별시,11380,은평구,서울기록원,45.94
20250322,11,서울특별시,11380,은평구,서울기록원,86.82
20250323,11,서울특별시,11380,은평구,서울기록원,87.47
20250324,11,서울특별시,11380,은평구,서울기록원,42.9
20250325,11,서울특별시,11380,은평구,서울기록원,43.72
20250326,11,서울특별시,11380,은평구,서울기록원,43.51
20250327,11,서울특별시,11380,은평구,서울기록원,43.49
20250328,11,서울특별시,11380,은평구,서울기록원,44.26
20250329,11,서울특별시,11380,은평구,서울기록원,86.4
20250330,11,서울특별시,11380,은평구,서울기록원,87.4
20250331,11,서울특별시,11380,은평구,서울기록원,43.51
20250401,11,서울특별시,11380,은평구,서울기록원,44.26
20250402,11,서울특별시,11380,은평구,서울기록원,43.51
20250403,11,서울특별시,11380,은평구,서울기록원,42.79
20250404,11,서울특별시,11380,은평구,서울기록원,43.49
20250405,11,서울특별시,11380,은평구,서울기록원,87.47
20250406,11,서울특별시,11380,은평구,서울기록원,91.02
20250407,11,서울특별시,11380,은평구,서울기록원,43.97
20250408,11,서울특별시,11380,은평구,서울기록원,43.51
20250409,11,서울특별시,11380,은평구,서울기록원,42.79
20250410,11,서울특별시,11380,은평구,서울기록원,44.43
20250411,11,서울특별시,11380,은평구,서울기록원,44.06
20250313,11,서울특별시,11380,은평구,서울혁신파크,94.95
20250314,11,서울특별시,11380,은평구,서울혁신파크,67.84
20250315,11,서울특별시,11380,은평구,서울혁신파크,85.08
20250316,11,서울특별시,11380,은평구,서울혁신파크,88.41
20250317,11,서울특별시,11380,은평구,서울혁신파크,97.35
20250318,11,서울특별시,11380,은평구,서울혁신파크,96
20250319,11,서울특별시,11380,은평구,서울혁신파크,95.31
20250320,11,서울특별시,11380,은평구,서울혁신파크,93.16
20250321,11,서울특별시,11380,은평구,서울혁신파크,72.74
20250322,11,서울특별시,11380,은평구,서울혁신파크,92.96
20250323,11,서울특별시,11380,은평구,서울혁신파크,74.24
20250324,11,서울특별시,11380,은평구,서울혁신파크,95.31
20250325,11,서울특별시,11380,은평구,서울혁신파크,95.97
20250326,11,서울특별시,11380,은평구,서울혁신파크,94.95
20250327,11,서울특별시,11380,은평구,서울혁신파크,93.16
20250328,11,서울특별시,11380,은평구,서울혁신파크,97.16
20250329,11,서울특별시,11380,은평구,서울혁신파크,76.02
20250330,11,서울특별시,11380,은평구,서울혁신파크,76.05
20250331,11,서울특별시,11380,은평구,서울혁신파크,94.94
20250401,11,서울특별시,11380,은평구,서울혁신파크,97.16
20250402,11,서울특별시,11380,은평구,서울혁신파크,94.94
20250403,11,서울특별시,11380,은평구,서울혁신파크,95.22
20250404,11,서울특별시,11380,은평구,서울혁신파크,93.16
20250405,11,서울특별시,11380,은평구,서울혁신파크,74.24
20250406,11,서울특별시,11380,은평구,서울혁신파크,74.78
20250407,11,서울특별시,11380,은평구,서울혁신파크,93.21
20250408,11,서울특별시,11380,은평구,서울혁신파크,94.95
20250409,11,서울특별시,11380,은평구,서울혁신파크,95.22
20250410,11,서울특별시,11380,은평구,서울혁신파크,95.65
20250411,11,서울특별시,11380,은평구,서울혁신파크,93.38
20250313,11,서울특별시,11380,은평구,수국사(서울),99.22
20250314,11,서울특별시,11380,은평구,수국사(서울),99.02
20250315,11,서울특별시,11380,은평구,수국사(서울),99.77
20250316,11,서울특별시,11380,은평구,수국사(서울),99.69
20250317,11,서울특별시,11380,은평구,수국사(서울),98.98
20250318,11,서울특별시,11380,은평구,수국사(서울),99.25
20250319,11,서울특별시,11380,은평구,수국사(서울),99.3
20250320,11,서울특별시,11380,은평구,수국사(서울),99.39
20250321,11,서울특별시,11380,은평구,수국사(서울),99.22
20250322,11,서울특별시,11380,은평구,수국사(서울),99.67
20250323,11,서울특별시,11380,은평구,수국사(서울),99.85
20250324,11,서울특별시,11380,은평구,수국사(서울),99.3
20250325,11,서울특별시,11380,은평구,수국사(서울),99.3
20250326,11,서울특별시,11380,은평구,수국사(서울),99.22
20250327,11,서울특별시,11380,은평구,수국사(서울),99.39
20250328,11,서울특별시,11380,은평구,수국사(서울),99.28
20250329,11,서울특별시,11380,은평구,수국사(서울),99.84
20250330,11,서울특별시,11380,은평구,수국사(서울),99.85
20250331,11,서울특별시,11380,은평구,수국사(서울),99.31
20250401,11,서울특별시,11380,은평구,수국사(서울),99
20250402,11,서울특별시,11380,은평구,수국사(서울),99.51
20250403,11,서울특별시,11380,은평구,수국사(서울),99.51
20250404,11,서울특별시,11380,은평구,수국사(서울),99.39
20250405,11,서울특별시,11380,은평구,수국사(서울),99.85
20250406,11,서울특별시,11380,은평구,수국사(서울),99.75
20250407,11,서울특별시,11380,은평구,수국사(서울),99.31
20250408,11,서울특별시,11380,은평구,수국사(서울),99.22
20250409,11,서울특별시,11380,은평구,수국사(서울),99.51
20250410,11,서울특별시,11380,은평구,수국사(서울),99.72
20250411,11,서울특별시,11380,은평구,수국사(서울),99.34
20250313,11,서울특별시,11380,은평구,신응암시장,98.48
20250314,11,서울특별시,11380,은평구,신응암시장,98.13
20250315,11,서울특별시,11380,은평구,신응암시장,97.29
20250316,11,서울특별시,11380,은평구,신응암시장,97.29
20250317,11,서울특별시,11380,은평구,신응암시장,98.46
20250318,11,서울특별시,11380,은평구,신응암시장,98.47
20250319,11,서울특별시,11380,은평구,신응암시장,98.44
20250320,11,서울특별시,11380,은평구,신응암시장,98.5
20250321,11,서울특별시,11380,은평구,신응암시장,98.11
20250322,11,서울특별시,11380,은평구,신응암시장,97.26
20250323,11,서울특별시,11380,은평구,신응암시장,97.57
20250324,11,서울특별시,11380,은평구,신응암시장,98.44
20250325,11,서울특별시,11380,은평구,신응암시장,98.46
20250326,11,서울특별시,11380,은평구,신응암시장,98.48
20250327,11,서울특별시,11380,은평구,신응암시장,98.5
20250328,11,서울특별시,11380,은평구,신응암시장,98.46
20250329,11,서울특별시,11380,은평구,신응암시장,97.07
20250330,11,서울특별시,11380,은평구,신응암시장,97.59
20250331,11,서울특별시,11380,은평구,신응암시장,98.48
20250401,11,서울특별시,11380,은평구,신응암시장,98.46
20250402,11,서울특별시,11380,은평구,신응암시장,98.5
20250403,11,서울특별시,11380,은평구,신응암시장,98.09
20250404,11,서울특별시,11380,은평구,신응암시장,98.5
20250405,11,서울특별시,11380,은평구,신응암시장,97.57
20250406,11,서울특별시,11380,은평구,신응암시장,97.62
20250407,11,서울특별시,11380,은평구,신응암시장,98.5
20250408,11,서울특별시,11380,은평구,신응암시장,98.48
20250409,11,서울특별시,11380,은평구,신응암시장,98.09
20250410,11,서울특별시,11380,은평구,신응암시장,98.08
20250411,11,서울특별시,11380,은평구,신응암시장,98.07
20250313,11,서울특별시,11380,은평구,연서시장,42.06
20250314,11,서울특별시,11380,은평구,연서시장,46.98
20250315,11,서울특별시,11380,은평구,연서시장,50.59
20250316,11,서울특별시,11380,은평구,연서시장,46.4
20250317,11,서울특별시,11380,은평구,연서시장,42.77
20250318,11,서울특별시,11380,은평구,연서시장,43.65
20250319,11,서울특별시,11380,은평구,연서시장,42.19
20250320,11,서울특별시,11380,은평구,연서시장,34.45
20250321,11,서울특별시,11380,은평구,연서시장,44.05
20250322,11,서울특별시,11380,은평구,연서시장,46.54
20250323,11,서울특별시,11380,은평구,연서시장,49.42
20250324,11,서울특별시,11380,은평구,연서시장,42.19
20250325,11,서울특별시,11380,은평구,연서시장,43.27
20250326,11,서울특별시,11380,은평구,연서시장,42.06
20250327,11,서울특별시,11380,은평구,연서시장,34.45
20250328,11,서울특별시,11380,은평구,연서시장,42.19
20250329,11,서울특별시,11380,은평구,연서시장,49.6
20250330,11,서울특별시,11380,은평구,연서시장,40.41
20250331,11,서울특별시,11380,은평구,연서시장,38.26
20250401,11,서울특별시,11380,은평구,연서시장,42.69
20250402,11,서울특별시,11380,은평구,연서시장,38.26
20250403,11,서울특별시,11380,은평구,연서시장,35.62
20250404,11,서울특별시,11380,은평구,연서시장,34.45
20250405,11,서울특별시,11380,은평구,연서시장,49.42
20250406,11,서울특별시,11380,은평구,연서시장,40.37
20250407,11,서울특별시,11380,은평구,연서시장,34.6
20250408,11,서울특별시,11380,은평구,연서시장,42.06
20250409,11,서울특별시,11380,은평구,연서시장,35.54
20250410,11,서울특별시,11380,은평구,연서시장,36.37
20250411,11,서울특별시,11380,은평구,연서시장,35.21
20250313,11,서울특별시,11380,은평구,은평구생활체육광장,96.1
20250314,11,서울특별시,11380,은평구,은평구생활체육광장,96.12
20250315,11,서울특별시,11380,은평구,은평구생활체육광장,99.65
20250316,11,서울특별시,11380,은평구,은평구생활체육광장,98.05
20250317,11,서울특별시,11380,은평구,은평구생활체육광장,97.99
20250318,11,서울특별시,11380,은평구,은평구생활체육광장,97.66
20250319,11,서울특별시,11380,은평구,은평구생활체육광장,96.61
20250320,11,서울특별시,11380,은평구,은평구생활체육광장,95.8
20250321,11,서울특별시,11380,은평구,은평구생활체육광장,97.57
20250322,11,서울특별시,11380,은평구,은평구생활체육광장,97.6
20250323,11,서울특별시,11380,은평구,은평구생활체육광장,99.15
20250324,11,서울특별시,11380,은평구,은평구생활체육광장,96.61
20250325,11,서울특별시,11380,은평구,은평구생활체육광장,98
20250326,11,서울특별시,11380,은평구,은평구생활체육광장,96.1
20250327,11,서울특별시,11380,은평구,은평구생활체육광장,96.92
20250328,11,서울특별시,11380,은평구,은평구생활체육광장,96.55
20250329,11,서울특별시,11380,은평구,은평구생활체육광장,99.22
20250330,11,서울특별시,11380,은평구,은평구생활체육광장,99.01
20250331,11,서울특별시,11380,은평구,은평구생활체육광장,96.1
20250401,11,서울특별시,11380,은평구,은평구생활체육광장,96.55
20250402,11,서울특별시,11380,은평구,은평구생활체육광장,96.44
20250403,11,서울특별시,11380,은평구,은평구생활체육광장,96.96
20250404,11,서울특별시,11380,은평구,은평구생활체육광장,96.92
20250405,11,서울특별시,11380,은평구,은평구생활체육광장,99.15
20250406,11,서울특별시,11380,은평구,은평구생활체육광장,98.99
20250407,11,서울특별시,11380,은평구,은평구생활체육광장,95.65
20250408,11,서울특별시,11380,은평구,은평구생활체육광장,96.1
20250409,11,서울특별시,11380,은평구,은평구생활체육광장,96.96
20250410,11,서울특별시,11380,은평구,은평구생활체육광장,99.38
20250411,11,서울특별시,11380,은평구,은평구생활체육광장,96.41
20250313,11,서울특별시,11380,은평구,은평역사한옥박물관,96.65
20250314,11,서울특별시,11380,은평구,은평역사한옥박물관,92.64
20250315,11,서울특별시,11380,은평구,은평역사한옥박물관,99.75
20250316,11,서울특별시,11380,은평구,은평역사한옥박물관,99.63
20250317,11,서울특별시,11380,은평구,은평역사한옥박물관,96.7
20250318,11,서울특별시,11380,은평구,은평역사한옥박물관,98.05
20250319,11,서울특별시,11380,은평구,은평역사한옥박물관,96.66
20250320,11,서울특별시,11380,은평구,은평역사한옥박물관,99.34
20250321,11,서울특별시,11380,은평구,은평역사한옥박물관,98.83
20250322,11,서울특별시,11380,은평구,은평역사한옥박물관,99.68
20250323,11,서울특별시,11380,은평구,은평역사한옥박물관,99.48
20250324,11,서울특별시,11380,은평구,은평역사한옥박물관,96.66
20250325,11,서울특별시,11380,은평구,은평역사한옥박물관,97.64
20250326,11,서울특별시,11380,은평구,은평역사한옥박물관,96.32
20250327,11,서울특별시,11380,은평구,은평역사한옥박물관,99.34
20250328,11,서울특별시,11380,은평구,은평역사한옥박물관,97.46
20250329,11,서울특별시,11380,은평구,은평역사한옥박물관,99.56
20250330,11,서울특별시,11380,은평구,은평역사한옥박물관,99.95
20250331,11,서울특별시,11380,은평구,은평역사한옥박물관,96.32
20250401,11,서울특별시,11380,은평구,은평역사한옥박물관,97.27
20250402,11,서울특별시,11380,은평구,은평역사한옥박물관,96.31
20250403,11,서울특별시,11380,은평구,은평역사한옥박물관,99.72
20250404,11,서울특별시,11380,은평구,은평역사한옥박물관,99.34
20250405,11,서울특별시,11380,은평구,은평역사한옥박물관,99.63
20250406,11,서울특별시,11380,은평구,은평역사한옥박물관,99.89
20250407,11,서울특별시,11380,은평구,은평역사한옥박물관,99.34
20250408,11,서울특별시,11380,은평구,은평역사한옥박물관,96.65
20250409,11,서울특별시,11380,은평구,은평역사한옥박물관,99.72
20250410,11,서울특별시,11380,은평구,은평역사한옥박물관,99.71
20250411,11,서울특별시,11380,은평구,은평역사한옥박물관,99.72
20250313,11,서울특별시,11380,은평구,은평한옥마을,97.09
20250314,11,서울특별시,11380,은평구,은평한옥마을,84.33
20250315,11,서울특별시,11380,은평구,은평한옥마을,94.12
20250316,11,서울특별시,11380,은평구,은평한옥마을,96.76
20250317,11,서울특별시,11380,은평구,은평한옥마을,99.35
20250318,11,서울특별시,11380,은평구,은평한옥마을,95.98
20250319,11,서울특별시,11380,은평구,은평한옥마을,97.05
20250320,11,서울특별시,11380,은평구,은평한옥마을,97.4
20250321,11,서울특별시,11380,은평구,은평한옥마을,83.73
20250322,11,서울특별시,11380,은평구,은평한옥마을,99.77
20250323,11,서울특별시,11380,은평구,은평한옥마을,99.69
20250324,11,서울특별시,11380,은평구,은평한옥마을,97.05
20250325,11,서울특별시,11380,은평구,은평한옥마을,99.58
20250326,11,서울특별시,11380,은평구,은평한옥마을,97.09
20250327,11,서울특별시,11380,은평구,은평한옥마을,97.4
20250328,11,서울특별시,11380,은평구,은평한옥마을,96.48
20250329,11,서울특별시,11380,은평구,은평한옥마을,99.62
20250330,11,서울특별시,11380,은평구,은평한옥마을,99.57
20250331,11,서울특별시,11380,은평구,은평한옥마을,96.54
20250401,11,서울특별시,11380,은평구,은평한옥마을,96.48
20250402,11,서울특별시,11380,은평구,은평한옥마을,96.73
20250403,11,서울특별시,11380,은평구,은평한옥마을,98.91
20250404,11,서울특별시,11380,은평구,은평한옥마을,97.4
20250405,11,서울특별시,11380,은평구,은평한옥마을,99.69
20250406,11,서울특별시,11380,은평구,은평한옥마을,99.92
20250407,11,서울특별시,11380,은평구,은평한옥마을,97.38
20250408,11,서울특별시,11380,은평구,은평한옥마을,97.09
20250409,11,서울특별시,11380,은평구,은평한옥마을,98.91
20250410,11,서울특별시,11380,은평구,은평한옥마을,96.03
20250411,11,서울특별시,11380,은평구,은평한옥마을,98.86
20250313,11,서울특별시,11380,은평구,응암동 감자국 거리,91.18
20250314,11,서울특별시,11380,은평구,응암동 감자국 거리,89.51
20250315,11,서울특별시,11380,은평구,응암동 감자국 거리,89.4
20250316,11,서울특별시,11380,은평구,응암동 감자국 거리,87.88
20250317,11,서울특별시,11380,은평구,응암동 감자국 거리,91.04
20250318,11,서울특별시,11380,은평구,응암동 감자국 거리,91.04
20250319,11,서울특별시,11380,은평구,응암동 감자국 거리,91.32
20250320,11,서울특별시,11380,은평구,응암동 감자국 거리,90.92
20250321,11,서울특별시,11380,은평구,응암동 감자국 거리,91.04
20250322,11,서울특별시,11380,은평구,응암동 감자국 거리,87.88
20250323,11,서울특별시,11380,은평구,응암동 감자국 거리,88.08
20250324,11,서울특별시,11380,은평구,응암동 감자국 거리,91.32
20250325,11,서울특별시,11380,은평구,응암동 감자국 거리,91.04
20250326,11,서울특별시,11380,은평구,응암동 감자국 거리,91.18
20250327,11,서울특별시,11380,은평구,응암동 감자국 거리,90.92
20250328,11,서울특별시,11380,은평구,응암동 감자국 거리,91.14
20250329,11,서울특별시,11380,은평구,응암동 감자국 거리,88.08
20250330,11,서울특별시,11380,은평구,응암동 감자국 거리,88.04
20250331,11,서울특별시,11380,은평구,응암동 감자국 거리,91.18
20250401,11,서울특별시,11380,은평구,응암동 감자국 거리,91.14
20250402,11,서울특별시,11380,은평구,응암동 감자국 거리,91.18
20250403,11,서울특별시,11380,은평구,응암동 감자국 거리,91.01
20250404,11,서울특별시,11380,은평구,응암동 감자국 거리,90.92
20250405,11,서울특별시,11380,은평구,응암동 감자국 거리,88.08
20250406,11,서울특별시,11380,은평구,응암동 감자국 거리,88.04
20250407,11,서울특별시,11380,은평구,응암동 감자국 거리,90.92
20250408,11,서울특별시,11380,은평구,응암동 감자국 거리,91.18
20250409,11,서울특별시,11380,은평구,응암동 감자국 거리,91.01
20250410,11,서울특별시,11380,은평구,응암동 감자국 거리,91.05
20250411,11,서울특별시,11380,은평구,응암동 감자국 거리,90.92
20250313,11,서울특별시,11380,은평구,진관사(서울),67.65
20250314,11,서울특별시,11380,은평구,진관사(서울),67.56
20250315,11,서울특별시,11380,은평구,진관사(서울),99.89
20250316,11,서울특별시,11380,은평구,진관사(서울),99.87
20250317,11,서울특별시,11380,은평구,진관사(서울),69.74
20250318,11,서울특별시,11380,은평구,진관사(서울),61.73
20250319,11,서울특별시,11380,은평구,진관사(서울),68.24
20250320,11,서울특별시,11380,은평구,진관사(서울),90.51
20250321,11,서울특별시,11380,은평구,진관사(서울),61.71
20250322,11,서울특별시,11380,은평구,진관사(서울),99.53
20250323,11,서울특별시,11380,은평구,진관사(서울),98.52
20250324,11,서울특별시,11380,은평구,진관사(서울),68.24
20250325,11,서울특별시,11380,은평구,진관사(서울),88.91
20250326,11,서울특별시,11380,은평구,진관사(서울),67.65
20250327,11,서울특별시,11380,은평구,진관사(서울),90.51
20250328,11,서울특별시,11380,은평구,진관사(서울),68.24
20250329,11,서울특별시,11380,은평구,진관사(서울),98.55
20250330,11,서울특별시,11380,은평구,진관사(서울),99.45
20250331,11,서울특별시,11380,은평구,진관사(서울),82.94
20250401,11,서울특별시,11380,은평구,진관사(서울),69.74
20250402,11,서울특별시,11380,은평구,진관사(서울),90.51
20250403,11,서울특별시,11380,은평구,진관사(서울),99.84
20250404,11,서울특별시,11380,은평구,진관사(서울),90.51
20250405,11,서울특별시,11380,은평구,진관사(서울),98.52
20250406,11,서울특별시,11380,은평구,진관사(서울),99.45
20250407,11,서울특별시,11380,은평구,진관사(서울),99.83
20250408,11,서울특별시,11380,은평구,진관사(서울),67.65
20250409,11,서울특별시,11380,은평구,진관사(서울),99.84
20250410,11,서울특별시,11380,은평구,진관사(서울),99.93
20250411,11,서울특별시,11380,은평구,진관사(서울),99.84
20250313,11,서울특별시,11380,은평구,천간사,98.53
20250314,11,서울특별시,11380,은평구,천간사,98.53
20250315,11,서울특별시,11380,은평구,천간사,98.53
20250316,11,서울특별시,11380,은평구,천간사,98.53
20250317,11,서울특별시,11380,은평구,천간사,98.53
20250318,11,서울특별시,11380,은평구,천간사,98.53
20250319,11,서울특별시,11380,은평구,천간사,98.53
20250320,11,서울특별시,11380,은평구,천간사,98.53
20250321,11,서울특별시,11380,은평구,천간사,98.53
20250322,11,서울특별시,11380,은평구,천간사,98.53
20250323,11,서울특별시,11380,은평구,천간사,98.53
20250324,11,서울특별시,11380,은평구,천간사,98.53
20250325,11,서울특별시,11380,은평구,천간사,98.53
20250326,11,서울특별시,11380,은평구,천간사,98.53
20250327,11,서울특별시,11380,은평구,천간사,98.53
20250328,11,서울특별시,11380,은평구,천간사,98.53
20250329,11,서울특별시,11380,은평구,천간사,98.53
20250330,11,서울특별시,11380,은평구,천간사,98.53
20250331,11,서울특별시,11380,은평구,천간사,98.53
20250401,11,서울특별시,11380,은평구,천간사,98.53
20250402,11,서울특별시,11380,은평구,천간사,98.53
20250403,11,서울특별시,11380,은평구,천간사,98.53
20250404,11,서울특별시,11380,은평구,천간사,98.53
20250405,11,서울특별시,11380,은평구,천간사,98.53
20250406,11,서울특별시,11380,은평구,천간사,98.53
20250407,11,서울특별시,11380,은평구,천간사,98.53
20250408,11,서울특별시,11380,은평구,천간사,98.53
20250409,11,서울특별시,11380,은평구,천간사,98.53
20250410,11,서울특별시,11380,은평구,천간사,98.53
20250411,11,서울특별시,11380,은평구,천간사,98.53
20250313,11,서울특별시,11410,서대문구,국립대한민국임시정부기념관,74.23
20250314,11,서울특별시,11410,서대문구,국립대한민국임시정부기념관,74.43
20250315,11,서울특별시,11410,서대문구,국립대한민국임시정부기념관,59.86
20250316,11,서울특별시,11410,서대문구,국립대한민국임시정부기념관,72.13
20250317,11,서울특별시,11410,서대문구,국립대한민국임시정부기념관,74.5
20250318,11,서울특별시,11410,서대문구,국립대한민국임시정부기념관,74.43
20250319,11,서울특별시,11410,서대문구,국립대한민국임시정부기념관,74.43
20250320,11,서울특별시,11410,서대문구,국립대한민국임시정부기념관,74.5
20250321,11,서울특별시,11410,서대문구,국립대한민국임시정부기념관,74.43
20250322,11,서울특별시,11410,서대문구,국립대한민국임시정부기념관,59.85
20250323,11,서울특별시,11410,서대문구,국립대한민국임시정부기념관,72
20250324,11,서울특별시,11410,서대문구,국립대한민국임시정부기념관,76.09
20250325,11,서울특별시,11410,서대문구,국립대한민국임시정부기념관,74.23
20250326,11,서울특별시,11410,서대문구,국립대한민국임시정부기념관,74.5
20250327,11,서울특별시,11410,서대문구,국립대한민국임시정부기념관,76.95
20250328,11,서울특별시,11410,서대문구,국립대한민국임시정부기념관,74.5
20250329,11,서울특별시,11410,서대문구,국립대한민국임시정부기념관,65.67
20250330,11,서울특별시,11410,서대문구,국립대한민국임시정부기념관,68
20250331,11,서울특별시,11410,서대문구,국립대한민국임시정부기념관,76.99
20250401,11,서울특별시,11410,서대문구,국립대한민국임시정부기념관,76.95
20250402,11,서울특별시,11410,서대문구,국립대한민국임시정부기념관,76.99
20250403,11,서울특별시,11410,서대문구,국립대한민국임시정부기념관,76.99
20250404,11,서울특별시,11410,서대문구,국립대한민국임시정부기념관,76.95
20250405,11,서울특별시,11410,서대문구,국립대한민국임시정부기념관,68
20250406,11,서울특별시,11410,서대문구,국립대한민국임시정부기념관,74.23
20250407,11,서울특별시,11410,서대문구,국립대한민국임시정부기념관,59.11
20250408,11,서울특별시,11410,서대문구,국립대한민국임시정부기념관,76.99
20250409,11,서울특별시,11410,서대문구,국립대한민국임시정부기념관,59.11
20250410,11,서울특별시,11410,서대문구,국립대한민국임시정부기념관,59.11
20250411,11,서울특별시,11410,서대문구,국립대한민국임시정부기념관,76.99
20250313,11,서울특별시,11410,서대문구,무악산 동봉수대 터,48.79
20250314,11,서울특별시,11410,서대문구,무악산 동봉수대 터,47.9
20250315,11,서울특별시,11410,서대문구,무악산 동봉수대 터,48.37
20250316,11,서울특별시,11410,서대문구,무악산 동봉수대 터,48.51
20250317,11,서울특별시,11410,서대문구,무악산 동봉수대 터,46.09
20250318,11,서울특별시,11410,서대문구,무악산 동봉수대 터,47.9
20250319,11,서울특별시,11410,서대문구,무악산 동봉수대 터,50.16
20250320,11,서울특별시,11410,서대문구,무악산 동봉수대 터,46.09
20250321,11,서울특별시,11410,서대문구,무악산 동봉수대 터,50.16
20250322,11,서울특별시,11410,서대문구,무악산 동봉수대 터,48.37
20250323,11,서울특별시,11410,서대문구,무악산 동봉수대 터,50.06
20250324,11,서울특별시,11410,서대문구,무악산 동봉수대 터,44
20250325,11,서울특별시,11410,서대문구,무악산 동봉수대 터,48.79
20250326,11,서울특별시,11410,서대문구,무악산 동봉수대 터,46.09
20250327,11,서울특별시,11410,서대문구,무악산 동봉수대 터,45.05
20250328,11,서울특별시,11410,서대문구,무악산 동봉수대 터,46.09
20250329,11,서울특별시,11410,서대문구,무악산 동봉수대 터,45.69
20250330,11,서울특별시,11410,서대문구,무악산 동봉수대 터,48.73
20250331,11,서울특별시,11410,서대문구,무악산 동봉수대 터,39.94
20250401,11,서울특별시,11410,서대문구,무악산 동봉수대 터,45.05
20250402,11,서울특별시,11410,서대문구,무악산 동봉수대 터,39.94
20250403,11,서울특별시,11410,서대문구,무악산 동봉수대 터,40.32
20250404,11,서울특별시,11410,서대문구,무악산 동봉수대 터,45.05
20250405,11,서울특별시,11410,서대문구,무악산 동봉수대 터,48.73
20250406,11,서울특별시,11410,서대문구,무악산 동봉수대 터,48.79
20250407,11,서울특별시,11410,서대문구,무악산 동봉수대 터,40.32
20250408,11,서울특별시,11410,서대문구,무악산 동봉수대 터,39.94
20250409,11,서울특별시,11410,서대문구,무악산 동봉수대 터,40.32
20250410,11,서울특별시,11410,서대문구,무악산 동봉수대 터,45.05
20250411,11,서울특별시,11410,서대문구,무악산 동봉수대 터,39.94
20250313,11,서울특별시,11410,서대문구,백련사(서울),97.76
20250314,11,서울특별시,11410,서대문구,백련사(서울),98.16
20250315,11,서울특별시,11410,서대문구,백련사(서울),98.38
20250316,11,서울특별시,11410,서대문구,백련사(서울),99
20250317,11,서울특별시,11410,서대문구,백련사(서울),97.76
20250318,11,서울특별시,11410,서대문구,백련사(서울),98.16
20250319,11,서울특별시,11410,서대문구,백련사(서울),98.14
20250320,11,서울특별시,11410,서대문구,백련사(서울),97.76
20250321,11,서울특별시,11410,서대문구,백련사(서울),98.14
20250322,11,서울특별시,11410,서대문구,백련사(서울),98.38
20250323,11,서울특별시,11410,서대문구,백련사(서울),99
20250324,11,서울특별시,11410,서대문구,백련사(서울),97.76
20250325,11,서울특별시,11410,서대문구,백련사(서울),97.76
20250326,11,서울특별시,11410,서대문구,백련사(서울),97.76
20250327,11,서울특별시,11410,서대문구,백련사(서울),96.55
20250328,11,서울특별시,11410,서대문구,백련사(서울),97.76
20250329,11,서울특별시,11410,서대문구,백련사(서울),97.98
20250330,11,서울특별시,11410,서대문구,백련사(서울),98.97
20250331,11,서울특별시,11410,서대문구,백련사(서울),98.15
20250401,11,서울특별시,11410,서대문구,백련사(서울),96.55
20250402,11,서울특별시,11410,서대문구,백련사(서울),98.15
20250403,11,서울특별시,11410,서대문구,백련사(서울),98.15
20250404,11,서울특별시,11410,서대문구,백련사(서울),96.55
20250405,11,서울특별시,11410,서대문구,백련사(서울),98.97
20250406,11,서울특별시,11410,서대문구,백련사(서울),97.76
20250407,11,서울특별시,11410,서대문구,백련사(서울),98.15
20250408,11,서울특별시,11410,서대문구,백련사(서울),98.15
20250409,11,서울특별시,11410,서대문구,백련사(서울),98.15
20250410,11,서울특별시,11410,서대문구,백련사(서울),99.07
20250411,11,서울특별시,11410,서대문구,백련사(서울),98.15
20250313,11,서울특별시,11410,서대문구,봉원사(서울),91.72
20250314,11,서울특별시,11410,서대문구,봉원사(서울),91.83
20250315,11,서울특별시,11410,서대문구,봉원사(서울),96.77
20250316,11,서울특별시,11410,서대문구,봉원사(서울),92.18
20250317,11,서울특별시,11410,서대문구,봉원사(서울),98.18
20250318,11,서울특별시,11410,서대문구,봉원사(서울),91.83
20250319,11,서울특별시,11410,서대문구,봉원사(서울),91.82
20250320,11,서울특별시,11410,서대문구,봉원사(서울),91.75
20250321,11,서울특별시,11410,서대문구,봉원사(서울),91.82
20250322,11,서울특별시,11410,서대문구,봉원사(서울),96.77
20250323,11,서울특별시,11410,서대문구,봉원사(서울),88.01
20250324,11,서울특별시,11410,서대문구,봉원사(서울),98.18
20250325,11,서울특별시,11410,서대문구,봉원사(서울),91.75
20250326,11,서울특별시,11410,서대문구,봉원사(서울),91.75
20250327,11,서울특별시,11410,서대문구,봉원사(서울),98.17
20250328,11,서울특별시,11410,서대문구,봉원사(서울),91.75
20250329,11,서울특별시,11410,서대문구,봉원사(서울),96.68
20250330,11,서울특별시,11410,서대문구,봉원사(서울),87.44
20250331,11,서울특별시,11410,서대문구,봉원사(서울),99.32
20250401,11,서울특별시,11410,서대문구,봉원사(서울),98.17
20250402,11,서울특별시,11410,서대문구,봉원사(서울),99.32
20250403,11,서울특별시,11410,서대문구,봉원사(서울),99.32
20250404,11,서울특별시,11410,서대문구,봉원사(서울),98.77
20250405,11,서울특별시,11410,서대문구,봉원사(서울),87.44
20250406,11,서울특별시,11410,서대문구,봉원사(서울),91.75
20250407,11,서울특별시,11410,서대문구,봉원사(서울),99.41
20250408,11,서울특별시,11410,서대문구,봉원사(서울),99.32
20250409,11,서울특별시,11410,서대문구,봉원사(서울),99.41
20250410,11,서울특별시,11410,서대문구,봉원사(서울),99.41
20250411,11,서울특별시,11410,서대문구,봉원사(서울),99.32
20250313,11,서울특별시,11410,서대문구,서대문독립공원,81.55
20250314,11,서울특별시,11410,서대문구,서대문독립공원,83.14
20250315,11,서울특별시,11410,서대문구,서대문독립공원,80.21
20250316,11,서울특별시,11410,서대문구,서대문독립공원,84.87
20250317,11,서울특별시,11410,서대문구,서대문독립공원,81.01
20250318,11,서울특별시,11410,서대문구,서대문독립공원,83.14
20250319,11,서울특별시,11410,서대문구,서대문독립공원,83.41
20250320,11,서울특별시,11410,서대문구,서대문독립공원,81.01
20250321,11,서울특별시,11410,서대문구,서대문독립공원,83.41
20250322,11,서울특별시,11410,서대문구,서대문독립공원,80.21
20250323,11,서울특별시,11410,서대문구,서대문독립공원,85.67
20250324,11,서울특별시,11410,서대문구,서대문독립공원,80.75
20250325,11,서울특별시,11410,서대문구,서대문독립공원,81.55
20250326,11,서울특별시,11410,서대문구,서대문독립공원,81.01
20250327,11,서울특별시,11410,서대문구,서대문독립공원,79.81
20250328,11,서울특별시,11410,서대문구,서대문독립공원,81.01
20250329,11,서울특별시,11410,서대문구,서대문독립공원,81.93
20250330,11,서울특별시,11410,서대문구,서대문독립공원,85.83
20250331,11,서울특별시,11410,서대문구,서대문독립공원,81.09
20250401,11,서울특별시,11410,서대문구,서대문독립공원,79.81
20250402,11,서울특별시,11410,서대문구,서대문독립공원,81.09
20250403,11,서울특별시,11410,서대문구,서대문독립공원,83.84
20250404,11,서울특별시,11410,서대문구,서대문독립공원,79.81
20250405,11,서울특별시,11410,서대문구,서대문독립공원,85.83
20250406,11,서울특별시,11410,서대문구,서대문독립공원,81.55
20250407,11,서울특별시,11410,서대문구,서대문독립공원,83.84
20250408,11,서울특별시,11410,서대문구,서대문독립공원,81.09
20250409,11,서울특별시,11410,서대문구,서대문독립공원,83.84
20250410,11,서울특별시,11410,서대문구,서대문독립공원,81.44
20250411,11,서울특별시,11410,서대문구,서대문독립공원,81.09
20250313,11,서울특별시,11410,서대문구,서대문안산,85.91
20250314,11,서울특별시,11410,서대문구,서대문안산,85.06
20250315,11,서울특별시,11410,서대문구,서대문안산,85.03
20250316,11,서울특별시,11410,서대문구,서대문안산,86.05
20250317,11,서울특별시,11410,서대문구,서대문안산,85.71
20250318,11,서울특별시,11410,서대문구,서대문안산,85.06
20250319,11,서울특별시,11410,서대문구,서대문안산,85.84
20250320,11,서울특별시,11410,서대문구,서대문안산,85.71
20250321,11,서울특별시,11410,서대문구,서대문안산,85.84
20250322,11,서울특별시,11410,서대문구,서대문안산,81.89
20250323,11,서울특별시,11410,서대문구,서대문안산,86
20250324,11,서울특별시,11410,서대문구,서대문안산,85.77
20250325,11,서울특별시,11410,서대문구,서대문안산,85.91
20250326,11,서울특별시,11410,서대문구,서대문안산,85.71
20250327,11,서울특별시,11410,서대문구,서대문안산,86.77
20250328,11,서울특별시,11410,서대문구,서대문안산,85.71
20250329,11,서울특별시,11410,서대문구,서대문안산,85.42
20250330,11,서울특별시,11410,서대문구,서대문안산,87.78
20250331,11,서울특별시,11410,서대문구,서대문안산,86.27
20250401,11,서울특별시,11410,서대문구,서대문안산,86.77
20250402,11,서울특별시,11410,서대문구,서대문안산,86.27
20250403,11,서울특별시,11410,서대문구,서대문안산,86.27
20250404,11,서울특별시,11410,서대문구,서대문안산,86.77
20250405,11,서울특별시,11410,서대문구,서대문안산,87.78
20250406,11,서울특별시,11410,서대문구,서대문안산,85.91
20250407,11,서울특별시,11410,서대문구,서대문안산,87.74
20250408,11,서울특별시,11410,서대문구,서대문안산,86.27
20250409,11,서울특별시,11410,서대문구,서대문안산,87.74
20250410,11,서울특별시,11410,서대문구,서대문안산,87.74
20250411,11,서울특별시,11410,서대문구,서대문안산,86.27
20250313,11,서울특별시,11410,서대문구,서대문자연사박물관,67.15
20250314,11,서울특별시,11410,서대문구,서대문자연사박물관,66.85
20250315,11,서울특별시,11410,서대문구,서대문자연사박물관,86.62
20250316,11,서울특별시,11410,서대문구,서대문자연사박물관,76.73
20250317,11,서울특별시,11410,서대문구,서대문자연사박물관,76.12
20250318,11,서울특별시,11410,서대문구,서대문자연사박물관,66.85
20250319,11,서울특별시,11410,서대문구,서대문자연사박물관,67.15
20250320,11,서울특별시,11410,서대문구,서대문자연사박물관,67.15
20250321,11,서울특별시,11410,서대문구,서대문자연사박물관,67.15
20250322,11,서울특별시,11410,서대문구,서대문자연사박물관,86.62
20250323,11,서울특별시,11410,서대문구,서대문자연사박물관,84.9
20250324,11,서울특별시,11410,서대문구,서대문자연사박물관,76.12
20250325,11,서울특별시,11410,서대문구,서대문자연사박물관,67.15
20250326,11,서울특별시,11410,서대문구,서대문자연사박물관,67.15
20250327,11,서울특별시,11410,서대문구,서대문자연사박물관,76.12
20250328,11,서울특별시,11410,서대문구,서대문자연사박물관,67.15
20250329,11,서울특별시,11410,서대문구,서대문자연사박물관,86.62
20250330,11,서울특별시,11410,서대문구,서대문자연사박물관,82.5
20250331,11,서울특별시,11410,서대문구,서대문자연사박물관,76.12
20250401,11,서울특별시,11410,서대문구,서대문자연사박물관,76.12
20250402,11,서울특별시,11410,서대문구,서대문자연사박물관,76.12
20250403,11,서울특별시,11410,서대문구,서대문자연사박물관,76.12
20250404,11,서울특별시,11410,서대문구,서대문자연사박물관,76.12
20250405,11,서울특별시,11410,서대문구,서대문자연사박물관,82.5
20250406,11,서울특별시,11410,서대문구,서대문자연사박물관,67.15
20250407,11,서울특별시,11410,서대문구,서대문자연사박물관,64.91
20250408,11,서울특별시,11410,서대문구,서대문자연사박물관,76.12
20250409,11,서울특별시,11410,서대문구,서대문자연사박물관,64.91
20250410,11,서울특별시,11410,서대문구,서대문자연사박물관,64.91
20250411,11,서울특별시,11410,서대문구,서대문자연사박물관,76.12
20250313,11,서울특별시,11410,서대문구,서대문형무소역사관,80.86
20250314,11,서울특별시,11410,서대문구,서대문형무소역사관,78.1
20250315,11,서울특별시,11410,서대문구,서대문형무소역사관,74.93
20250316,11,서울특별시,11410,서대문구,서대문형무소역사관,74.82
20250317,11,서울특별시,11410,서대문구,서대문형무소역사관,76.29
20250318,11,서울특별시,11410,서대문구,서대문형무소역사관,78.1
20250319,11,서울특별시,11410,서대문구,서대문형무소역사관,79.32
20250320,11,서울특별시,11410,서대문구,서대문형무소역사관,76.29
20250321,11,서울특별시,11410,서대문구,서대문형무소역사관,79.32
20250322,11,서울특별시,11410,서대문구,서대문형무소역사관,74.93
20250323,11,서울특별시,11410,서대문구,서대문형무소역사관,75.37
20250324,11,서울특별시,11410,서대문구,서대문형무소역사관,76.32
20250325,11,서울특별시,11410,서대문구,서대문형무소역사관,80.86
20250326,11,서울특별시,11410,서대문구,서대문형무소역사관,76.29
20250327,11,서울특별시,11410,서대문구,서대문형무소역사관,70.25
20250328,11,서울특별시,11410,서대문구,서대문형무소역사관,76.29
20250329,11,서울특별시,11410,서대문구,서대문형무소역사관,74.82
20250330,11,서울특별시,11410,서대문구,서대문형무소역사관,84.58
20250331,11,서울특별시,11410,서대문구,서대문형무소역사관,70.79
20250401,11,서울특별시,11410,서대문구,서대문형무소역사관,70.25
20250402,11,서울특별시,11410,서대문구,서대문형무소역사관,70.79
20250403,11,서울특별시,11410,서대문구,서대문형무소역사관,70.94
20250404,11,서울특별시,11410,서대문구,서대문형무소역사관,70.25
20250405,11,서울특별시,11410,서대문구,서대문형무소역사관,84.58
20250406,11,서울특별시,11410,서대문구,서대문형무소역사관,80.86
20250407,11,서울특별시,11410,서대문구,서대문형무소역사관,70.94
20250408,11,서울특별시,11410,서대문구,서대문형무소역사관,70.79
20250409,11,서울특별시,11410,서대문구,서대문형무소역사관,70.94
20250410,11,서울특별시,11410,서대문구,서대문형무소역사관,68.97
20250411,11,서울특별시,11410,서대문구,서대문형무소역사관,70.79
20250313,11,서울특별시,11410,서대문구,신기한놀이터 떼굴떼굴,87.99
20250314,11,서울특별시,11410,서대문구,신기한놀이터 떼굴떼굴,88.01
20250315,11,서울특별시,11410,서대문구,신기한놀이터 떼굴떼굴,93.52
20250316,11,서울특별시,11410,서대문구,신기한놀이터 떼굴떼굴,92.02
20250317,11,서울특별시,11410,서대문구,신기한놀이터 떼굴떼굴,88.04
20250318,11,서울특별시,11410,서대문구,신기한놀이터 떼굴떼굴,88.01
20250319,11,서울특별시,11410,서대문구,신기한놀이터 떼굴떼굴,88.01
20250320,11,서울특별시,11410,서대문구,신기한놀이터 떼굴떼굴,88.04
20250321,11,서울특별시,11410,서대문구,신기한놀이터 떼굴떼굴,88.01
20250322,11,서울특별시,11410,서대문구,신기한놀이터 떼굴떼굴,93.52
20250323,11,서울특별시,11410,서대문구,신기한놀이터 떼굴떼굴,92.16
20250324,11,서울특별시,11410,서대문구,신기한놀이터 떼굴떼굴,88.04
20250325,11,서울특별시,11410,서대문구,신기한놀이터 떼굴떼굴,87.99
20250326,11,서울특별시,11410,서대문구,신기한놀이터 떼굴떼굴,88.04
20250327,11,서울특별시,11410,서대문구,신기한놀이터 떼굴떼굴,88.04
20250328,11,서울특별시,11410,서대문구,신기한놀이터 떼굴떼굴,87.99
20250329,11,서울특별시,11410,서대문구,신기한놀이터 떼굴떼굴,91.9
20250330,11,서울특별시,11410,서대문구,신기한놀이터 떼굴떼굴,92
20250331,11,서울특별시,11410,서대문구,신기한놀이터 떼굴떼굴,90.16
20250401,11,서울특별시,11410,서대문구,신기한놀이터 떼굴떼굴,88.04
20250402,11,서울특별시,11410,서대문구,신기한놀이터 떼굴떼굴,90.16
20250403,11,서울특별시,11410,서대문구,신기한놀이터 떼굴떼굴,90.16
20250404,11,서울특별시,11410,서대문구,신기한놀이터 떼굴떼굴,88.04
20250405,11,서울특별시,11410,서대문구,신기한놀이터 떼굴떼굴,92
20250406,11,서울특별시,11410,서대문구,신기한놀이터 떼굴떼굴,87.99
20250407,11,서울특별시,11410,서대문구,신기한놀이터 떼굴떼굴,90.16
20250408,11,서울특별시,11410,서대문구,신기한놀이터 떼굴떼굴,90.16
20250409,11,서울특별시,11410,서대문구,신기한놀이터 떼굴떼굴,90.16
20250410,11,서울특별시,11410,서대문구,신기한놀이터 떼굴떼굴,90.19
20250411,11,서울특별시,11410,서대문구,신기한놀이터 떼굴떼굴,90.16
20250313,11,서울특별시,11410,서대문구,신촌 플레이버스,76.43
20250314,11,서울특별시,11410,서대문구,신촌 플레이버스,77.05
20250315,11,서울특별시,11410,서대문구,신촌 플레이버스,74.19
20250316,11,서울특별시,11410,서대문구,신촌 플레이버스,76.78
20250317,11,서울특별시,11410,서대문구,신촌 플레이버스,75.44
20250318,11,서울특별시,11410,서대문구,신촌 플레이버스,77.05
20250319,11,서울특별시,11410,서대문구,신촌 플레이버스,76.43
20250320,11,서울특별시,11410,서대문구,신촌 플레이버스,75.44
20250321,11,서울특별시,11410,서대문구,신촌 플레이버스,76.43
20250322,11,서울특별시,11410,서대문구,신촌 플레이버스,74.19
20250323,11,서울특별시,11410,서대문구,신촌 플레이버스,76.77
20250324,11,서울특별시,11410,서대문구,신촌 플레이버스,75.44
20250325,11,서울특별시,11410,서대문구,신촌 플레이버스,76.43
20250326,11,서울특별시,11410,서대문구,신촌 플레이버스,75.44
20250327,11,서울특별시,11410,서대문구,신촌 플레이버스,75.44
20250328,11,서울특별시,11410,서대문구,신촌 플레이버스,75.44
20250329,11,서울특별시,11410,서대문구,신촌 플레이버스,72.6
20250330,11,서울특별시,11410,서대문구,신촌 플레이버스,74.14
20250331,11,서울특별시,11410,서대문구,신촌 플레이버스,79.61
20250401,11,서울특별시,11410,서대문구,신촌 플레이버스,75.44
20250402,11,서울특별시,11410,서대문구,신촌 플레이버스,79.61
20250403,11,서울특별시,11410,서대문구,신촌 플레이버스,79.61
20250404,11,서울특별시,11410,서대문구,신촌 플레이버스,80.3
20250405,11,서울특별시,11410,서대문구,신촌 플레이버스,74.14
20250406,11,서울특별시,11410,서대문구,신촌 플레이버스,76.43
20250407,11,서울특별시,11410,서대문구,신촌 플레이버스,74.46
20250408,11,서울특별시,11410,서대문구,신촌 플레이버스,79.61
20250409,11,서울특별시,11410,서대문구,신촌 플레이버스,79.61
20250410,11,서울특별시,11410,서대문구,신촌 플레이버스,74.46
20250411,11,서울특별시,11410,서대문구,신촌 플레이버스,79.61
20250313,11,서울특별시,11410,서대문구,연세로,92.84
20250314,11,서울특별시,11410,서대문구,연세로,92.77
20250315,11,서울특별시,11410,서대문구,연세로,93.85
20250316,11,서울특별시,11410,서대문구,연세로,92.8
20250317,11,서울특별시,11410,서대문구,연세로,92.79
20250318,11,서울특별시,11410,서대문구,연세로,92.77
20250319,11,서울특별시,11410,서대문구,연세로,92.84
20250320,11,서울특별시,11410,서대문구,연세로,92.79
20250321,11,서울특별시,11410,서대문구,연세로,92.84
20250322,11,서울특별시,11410,서대문구,연세로,93.85
20250323,11,서울특별시,11410,서대문구,연세로,92.8
20250324,11,서울특별시,11410,서대문구,연세로,92.79
20250325,11,서울특별시,11410,서대문구,연세로,92.84
20250326,11,서울특별시,11410,서대문구,연세로,92.79
20250327,11,서울특별시,11410,서대문구,연세로,92.85
20250328,11,서울특별시,11410,서대문구,연세로,92.79
20250329,11,서울특별시,11410,서대문구,연세로,94
20250330,11,서울특별시,11410,서대문구,연세로,92.8
20250331,11,서울특별시,11410,서대문구,연세로,92.76
20250401,11,서울특별시,11410,서대문구,연세로,92.85
20250402,11,서울특별시,11410,서대문구,연세로,92.76
20250403,11,서울특별시,11410,서대문구,연세로,92.77
20250404,11,서울특별시,11410,서대문구,연세로,92.85
20250405,11,서울특별시,11410,서대문구,연세로,92.8
20250406,11,서울특별시,11410,서대문구,연세로,92.84
20250407,11,서울특별시,11410,서대문구,연세로,92.77
20250408,11,서울특별시,11410,서대문구,연세로,92.76
20250409,11,서울특별시,11410,서대문구,연세로,92.77
20250410,11,서울특별시,11410,서대문구,연세로,92.18
20250411,11,서울특별시,11410,서대문구,연세로,92.76
20250313,11,서울특별시,11410,서대문구,옥천암(서울),82.38
20250314,11,서울특별시,11410,서대문구,옥천암(서울),82.74
20250315,11,서울특별시,11410,서대문구,옥천암(서울),75.33
20250316,11,서울특별시,11410,서대문구,옥천암(서울),83.71
20250317,11,서울특별시,11410,서대문구,옥천암(서울),69.26
20250318,11,서울특별시,11410,서대문구,옥천암(서울),82.74
20250319,11,서울특별시,11410,서대문구,옥천암(서울),81.85
20250320,11,서울특별시,11410,서대문구,옥천암(서울),69.26
20250321,11,서울특별시,11410,서대문구,옥천암(서울),81.85
20250322,11,서울특별시,11410,서대문구,옥천암(서울),75.33
20250323,11,서울특별시,11410,서대문구,옥천암(서울),82.62
20250324,11,서울특별시,11410,서대문구,옥천암(서울),71.81
20250325,11,서울특별시,11410,서대문구,옥천암(서울),82.38
20250326,11,서울특별시,11410,서대문구,옥천암(서울),69.26
20250327,11,서울특별시,11410,서대문구,옥천암(서울),71.39
20250328,11,서울특별시,11410,서대문구,옥천암(서울),69.26
20250329,11,서울특별시,11410,서대문구,옥천암(서울),82.02
20250330,11,서울특별시,11410,서대문구,옥천암(서울),80.86
20250331,11,서울특별시,11410,서대문구,옥천암(서울),71.23
20250401,11,서울특별시,11410,서대문구,옥천암(서울),71.39
20250402,11,서울특별시,11410,서대문구,옥천암(서울),71.23
20250403,11,서울특별시,11410,서대문구,옥천암(서울),71.05
20250404,11,서울특별시,11410,서대문구,옥천암(서울),71.39
20250405,11,서울특별시,11410,서대문구,옥천암(서울),80.86
20250406,11,서울특별시,11410,서대문구,옥천암(서울),82.38
20250407,11,서울특별시,11410,서대문구,옥천암(서울),71.05
20250408,11,서울특별시,11410,서대문구,옥천암(서울),71.23
20250409,11,서울특별시,11410,서대문구,옥천암(서울),71.05
20250410,11,서울특별시,11410,서대문구,옥천암(서울),68.96
20250411,11,서울특별시,11410,서대문구,옥천암(서울),71.23
20250313,11,서울특별시,11410,서대문구,우석뮤지엄,99.42
20250314,11,서울특별시,11410,서대문구,우석뮤지엄,94.82
20250315,11,서울특별시,11410,서대문구,우석뮤지엄,97.28
20250316,11,서울특별시,11410,서대문구,우석뮤지엄,95.08
20250317,11,서울특별시,11410,서대문구,우석뮤지엄,97.04
20250318,11,서울특별시,11410,서대문구,우석뮤지엄,94.82
20250319,11,서울특별시,11410,서대문구,우석뮤지엄,94.84
20250320,11,서울특별시,11410,서대문구,우석뮤지엄,97.04
20250321,11,서울특별시,11410,서대문구,우석뮤지엄,94.84
20250322,11,서울특별시,11410,서대문구,우석뮤지엄,97.28
20250323,11,서울특별시,11410,서대문구,우석뮤지엄,95.25
20250324,11,서울특별시,11410,서대문구,우석뮤지엄,97.15
20250325,11,서울특별시,11410,서대문구,우석뮤지엄,99.42
20250326,11,서울특별시,11410,서대문구,우석뮤지엄,97.04
20250327,11,서울특별시,11410,서대문구,우석뮤지엄,97.15
20250328,11,서울특별시,11410,서대문구,우석뮤지엄,97.04
20250329,11,서울특별시,11410,서대문구,우석뮤지엄,95.26
20250330,11,서울특별시,11410,서대문구,우석뮤지엄,94.34
20250331,11,서울특별시,11410,서대문구,우석뮤지엄,97.22
20250401,11,서울특별시,11410,서대문구,우석뮤지엄,97.15
20250402,11,서울특별시,11410,서대문구,우석뮤지엄,97.22
20250403,11,서울특별시,11410,서대문구,우석뮤지엄,97.22
20250404,11,서울특별시,11410,서대문구,우석뮤지엄,97.05
20250405,11,서울특별시,11410,서대문구,우석뮤지엄,94.34
20250406,11,서울특별시,11410,서대문구,우석뮤지엄,99.42
20250407,11,서울특별시,11410,서대문구,우석뮤지엄,97.22
20250408,11,서울특별시,11410,서대문구,우석뮤지엄,97.22
20250409,11,서울특별시,11410,서대문구,우석뮤지엄,97.22
20250410,11,서울특별시,11410,서대문구,우석뮤지엄,97.22
20250411,11,서울특별시,11410,서대문구,우석뮤지엄,97.22
20250313,11,서울특별시,11410,서대문구,은가어린이공원,99.99
20250314,11,서울특별시,11410,서대문구,은가어린이공원,99.99
20250315,11,서울특별시,11410,서대문구,은가어린이공원,100
20250316,11,서울특별시,11410,서대문구,은가어린이공원,100
20250317,11,서울특별시,11410,서대문구,은가어린이공원,99.99
20250318,11,서울특별시,11410,서대문구,은가어린이공원,99.99
20250319,11,서울특별시,11410,서대문구,은가어린이공원,99.99
20250320,11,서울특별시,11410,서대문구,은가어린이공원,99.99
20250321,11,서울특별시,11410,서대문구,은가어린이공원,99.99
20250322,11,서울특별시,11410,서대문구,은가어린이공원,100
20250313,11,서울특별시,11440,마포구,KT&G 상상마당(홍대),99.25
20250314,11,서울특별시,11440,마포구,KT&G 상상마당(홍대),99.25
20250315,11,서울특별시,11440,마포구,KT&G 상상마당(홍대),99.04
20250316,11,서울특별시,11440,마포구,KT&G 상상마당(홍대),99.34
20250317,11,서울특별시,11440,마포구,KT&G 상상마당(홍대),99.1
20250318,11,서울특별시,11440,마포구,KT&G 상상마당(홍대),99.22
20250319,11,서울특별시,11440,마포구,KT&G 상상마당(홍대),99.21
20250320,11,서울특별시,11440,마포구,KT&G 상상마당(홍대),99.55
20250321,11,서울특별시,11440,마포구,KT&G 상상마당(홍대),99.43
20250322,11,서울특별시,11440,마포구,KT&G 상상마당(홍대),99.1
20250323,11,서울특별시,11440,마포구,KT&G 상상마당(홍대),99.35
20250324,11,서울특별시,11440,마포구,KT&G 상상마당(홍대),99.1
20250325,11,서울특별시,11440,마포구,KT&G 상상마당(홍대),99.22
20250326,11,서울특별시,11440,마포구,KT&G 상상마당(홍대),99.21
20250327,11,서울특별시,11440,마포구,KT&G 상상마당(홍대),99.25
20250328,11,서울특별시,11440,마포구,KT&G 상상마당(홍대),99.43
20250329,11,서울특별시,11440,마포구,KT&G 상상마당(홍대),99.1
20250330,11,서울특별시,11440,마포구,KT&G 상상마당(홍대),99.35
20250331,11,서울특별시,11440,마포구,KT&G 상상마당(홍대),99.1
20250401,11,서울특별시,11440,마포구,KT&G 상상마당(홍대),99.22
20250402,11,서울특별시,11440,마포구,KT&G 상상마당(홍대),99.21
20250403,11,서울특별시,11440,마포구,KT&G 상상마당(홍대),99.43
20250404,11,서울특별시,11440,마포구,KT&G 상상마당(홍대),99.27
20250405,11,서울특별시,11440,마포구,KT&G 상상마당(홍대),98.99
20250406,11,서울특별시,11440,마포구,KT&G 상상마당(홍대),99.35
20250407,11,서울특별시,11440,마포구,KT&G 상상마당(홍대),99.12
20250408,11,서울특별시,11440,마포구,KT&G 상상마당(홍대),99.26
20250409,11,서울특별시,11440,마포구,KT&G 상상마당(홍대),99.22
20250410,11,서울특별시,11440,마포구,KT&G 상상마당(홍대),99.55
20250411,11,서울특별시,11440,마포구,KT&G 상상마당(홍대),99.24
20250313,11,서울특별시,11440,마포구,S-PLEX 센터,44.59
20250314,11,서울특별시,11440,마포구,S-PLEX 센터,46.08
20250315,11,서울특별시,11440,마포구,S-PLEX 센터,24.9
20250316,11,서울특별시,11440,마포구,S-PLEX 센터,31.72
20250317,11,서울특별시,11440,마포구,S-PLEX 센터,45.09
20250318,11,서울특별시,11440,마포구,S-PLEX 센터,46.63
20250319,11,서울특별시,11440,마포구,S-PLEX 센터,37.95
20250320,11,서울특별시,11440,마포구,S-PLEX 센터,44.73
20250321,11,서울특별시,11440,마포구,S-PLEX 센터,44.59
20250322,11,서울특별시,11440,마포구,S-PLEX 센터,25.64
20250323,11,서울특별시,11440,마포구,S-PLEX 센터,26.08
20250324,11,서울특별시,11440,마포구,S-PLEX 센터,48.14
20250325,11,서울특별시,11440,마포구,S-PLEX 센터,46.63
20250326,11,서울특별시,11440,마포구,S-PLEX 센터,37.95
20250327,11,서울특별시,11440,마포구,S-PLEX 센터,44.59
20250328,11,서울특별시,11440,마포구,S-PLEX 센터,44.73
20250329,11,서울특별시,11440,마포구,S-PLEX 센터,25.64
20250330,11,서울특별시,11440,마포구,S-PLEX 센터,28.53
20250331,11,서울특별시,11440,마포구,S-PLEX 센터,45.09
20250401,11,서울특별시,11440,마포구,S-PLEX 센터,46.63
20250402,11,서울특별시,11440,마포구,S-PLEX 센터,37.95
20250403,11,서울특별시,11440,마포구,S-PLEX 센터,44.59
20250404,11,서울특별시,11440,마포구,S-PLEX 센터,37.95
20250405,11,서울특별시,11440,마포구,S-PLEX 센터,25.64
20250406,11,서울특별시,11440,마포구,S-PLEX 센터,28.53
20250407,11,서울특별시,11440,마포구,S-PLEX 센터,48.3
20250408,11,서울특별시,11440,마포구,S-PLEX 센터,45.77
20250409,11,서울특별시,11440,마포구,S-PLEX 센터,37.98
20250410,11,서울특별시,11440,마포구,S-PLEX 센터,44.73
20250411,11,서울특별시,11440,마포구,S-PLEX 센터,37.95
20250313,11,서울특별시,11440,마포구,경의선 숲길,91.77
20250314,11,서울특별시,11440,마포구,경의선 숲길,92.06
20250315,11,서울특별시,11440,마포구,경의선 숲길,96.81
20250316,11,서울특별시,11440,마포구,경의선 숲길,96.21
20250317,11,서울특별시,11440,마포구,경의선 숲길,99.37
20250318,11,서울특별시,11440,마포구,경의선 숲길,98.7
20250319,11,서울특별시,11440,마포구,경의선 숲길,91.42
20250320,11,서울특별시,11440,마포구,경의선 숲길,92.23
20250321,11,서울특별시,11440,마포구,경의선 숲길,92.01
20250322,11,서울특별시,11440,마포구,경의선 숲길,95.99
20250323,11,서울특별시,11440,마포구,경의선 숲길,96.83
20250324,11,서울특별시,11440,마포구,경의선 숲길,98.72
20250325,11,서울특별시,11440,마포구,경의선 숲길,98.7
20250326,11,서울특별시,11440,마포구,경의선 숲길,91.42
20250327,11,서울특별시,11440,마포구,경의선 숲길,91.77
20250328,11,서울특별시,11440,마포구,경의선 숲길,92.01
20250329,11,서울특별시,11440,마포구,경의선 숲길,95.99
20250330,11,서울특별시,11440,마포구,경의선 숲길,96.83
20250331,11,서울특별시,11440,마포구,경의선 숲길,98.72
20250401,11,서울특별시,11440,마포구,경의선 숲길,98.7
20250402,11,서울특별시,11440,마포구,경의선 숲길,91.42
20250403,11,서울특별시,11440,마포구,경의선 숲길,92.01
20250404,11,서울특별시,11440,마포구,경의선 숲길,91.7
20250405,11,서울특별시,11440,마포구,경의선 숲길,96.38
20250406,11,서울특별시,11440,마포구,경의선 숲길,96.83
20250407,11,서울특별시,11440,마포구,경의선 숲길,98.72
20250408,11,서울특별시,11440,마포구,경의선 숲길,91.84
20250409,11,서울특별시,11440,마포구,경의선 숲길,90.85
20250410,11,서울특별시,11440,마포구,경의선 숲길,92.23
20250411,11,서울특별시,11440,마포구,경의선 숲길,91.13
20250313,11,서울특별시,11440,마포구,경의선책거리,97.46
20250314,11,서울특별시,11440,마포구,경의선책거리,98.39
20250315,11,서울특별시,11440,마포구,경의선책거리,90.39
20250316,11,서울특별시,11440,마포구,경의선책거리,99.14
20250317,11,서울특별시,11440,마포구,경의선책거리,92.2
20250318,11,서울특별시,11440,마포구,경의선책거리,93.77
20250319,11,서울특별시,11440,마포구,경의선책거리,98.55
20250320,11,서울특별시,11440,마포구,경의선책거리,97.52
20250321,11,서울특별시,11440,마포구,경의선책거리,97.46
20250322,11,서울특별시,11440,마포구,경의선책거리,91.06
20250323,11,서울특별시,11440,마포구,경의선책거리,98.5
20250324,11,서울특별시,11440,마포구,경의선책거리,92.2
20250325,11,서울특별시,11440,마포구,경의선책거리,93.77
20250326,11,서울특별시,11440,마포구,경의선책거리,98.55
20250327,11,서울특별시,11440,마포구,경의선책거리,97.46
20250328,11,서울특별시,11440,마포구,경의선책거리,97.52
20250329,11,서울특별시,11440,마포구,경의선책거리,91.06
20250330,11,서울특별시,11440,마포구,경의선책거리,98.5
20250331,11,서울특별시,11440,마포구,경의선책거리,92.2
20250401,11,서울특별시,11440,마포구,경의선책거리,93.77
20250402,11,서울특별시,11440,마포구,경의선책거리,98.55
20250403,11,서울특별시,11440,마포구,경의선책거리,97.46
20250404,11,서울특별시,11440,마포구,경의선책거리,96.52
20250405,11,서울특별시,11440,마포구,경의선책거리,90.44
20250406,11,서울특별시,11440,마포구,경의선책거리,98.5
20250407,11,서울특별시,11440,마포구,경의선책거리,93.77
20250408,11,서울특별시,11440,마포구,경의선책거리,92.16
20250409,11,서울특별시,11440,마포구,경의선책거리,98.55
20250410,11,서울특별시,11440,마포구,경의선책거리,97.52
20250411,11,서울특별시,11440,마포구,경의선책거리,98.64
20250313,11,서울특별시,11440,마포구,공덕시장,83.67
20250314,11,서울특별시,11440,마포구,공덕시장,87.38
20250315,11,서울특별시,11440,마포구,공덕시장,86.38
20250316,11,서울특별시,11440,마포구,공덕시장,85.27
20250317,11,서울특별시,11440,마포구,공덕시장,82.51
20250318,11,서울특별시,11440,마포구,공덕시장,85.63
20250319,11,서울특별시,11440,마포구,공덕시장,78.95
20250320,11,서울특별시,11440,마포구,공덕시장,83.71
20250321,11,서울특별시,11440,마포구,공덕시장,83.69
20250322,11,서울특별시,11440,마포구,공덕시장,92.72
20250323,11,서울특별시,11440,마포구,공덕시장,87.12
20250324,11,서울특별시,11440,마포구,공덕시장,81.46
20250325,11,서울특별시,11440,마포구,공덕시장,85.63
20250326,11,서울특별시,11440,마포구,공덕시장,78.95
20250327,11,서울특별시,11440,마포구,공덕시장,83.67
20250328,11,서울특별시,11440,마포구,공덕시장,83.69
20250329,11,서울특별시,11440,마포구,공덕시장,92.72
20250330,11,서울특별시,11440,마포구,공덕시장,87.12
20250331,11,서울특별시,11440,마포구,공덕시장,81.46
20250401,11,서울특별시,11440,마포구,공덕시장,85.63
20250402,11,서울특별시,11440,마포구,공덕시장,78.95
20250403,11,서울특별시,11440,마포구,공덕시장,83.69
20250404,11,서울특별시,11440,마포구,공덕시장,69.17
20250405,11,서울특별시,11440,마포구,공덕시장,92.47
20250406,11,서울특별시,11440,마포구,공덕시장,87.12
20250407,11,서울특별시,11440,마포구,공덕시장,84.25
20250408,11,서울특별시,11440,마포구,공덕시장,87.16
20250409,11,서울특별시,11440,마포구,공덕시장,78.95
20250410,11,서울특별시,11440,마포구,공덕시장,83.71
20250411,11,서울특별시,11440,마포구,공덕시장,71.63
20250313,11,서울특별시,11440,마포구,광흥당,68.7
20250314,11,서울특별시,11440,마포구,광흥당,68.22
20250315,11,서울특별시,11440,마포구,광흥당,66.71
20250316,11,서울특별시,11440,마포구,광흥당,68.05
20250317,11,서울특별시,11440,마포구,광흥당,71.09
20250318,11,서울특별시,11440,마포구,광흥당,66
20250319,11,서울특별시,11440,마포구,광흥당,71.35
20250320,11,서울특별시,11440,마포구,광흥당,68.29
20250321,11,서울특별시,11440,마포구,광흥당,68.7
20250322,11,서울특별시,11440,마포구,광흥당,69.53
20250323,11,서울특별시,11440,마포구,광흥당,68.07
20250324,11,서울특별시,11440,마포구,광흥당,70.39
20250325,11,서울특별시,11440,마포구,광흥당,66
20250326,11,서울특별시,11440,마포구,광흥당,71.11
20250327,11,서울특별시,11440,마포구,광흥당,68.7
20250328,11,서울특별시,11440,마포구,광흥당,68.29
20250329,11,서울특별시,11440,마포구,광흥당,69.53
20250330,11,서울특별시,11440,마포구,광흥당,68.07
20250331,11,서울특별시,11440,마포구,광흥당,70.39
20250401,11,서울특별시,11440,마포구,광흥당,66
20250402,11,서울특별시,11440,마포구,광흥당,71.11
20250403,11,서울특별시,11440,마포구,광흥당,68.7
20250404,11,서울특별시,11440,마포구,광흥당,68.24
20250405,11,서울특별시,11440,마포구,광흥당,66.79
20250406,11,서울특별시,11440,마포구,광흥당,68.07
20250407,11,서울특별시,11440,마포구,광흥당,71.85
20250408,11,서울특별시,11440,마포구,광흥당,66.25
20250409,11,서울특별시,11440,마포구,광흥당,71.35
20250410,11,서울특별시,11440,마포구,광흥당,68.24
20250411,11,서울특별시,11440,마포구,광흥당,71.11
20250313,11,서울특별시,11440,마포구,난지미술창작스튜디오,96.76
20250314,11,서울특별시,11440,마포구,난지미술창작스튜디오,96.85
20250315,11,서울특별시,11440,마포구,난지미술창작스튜디오,69.26
20250316,11,서울특별시,11440,마포구,난지미술창작스튜디오,77.44
20250317,11,서울특별시,11440,마포구,난지미술창작스튜디오,97.54
20250318,11,서울특별시,11440,마포구,난지미술창작스튜디오,88.29
20250319,11,서울특별시,11440,마포구,난지미술창작스튜디오,94.04
20250320,11,서울특별시,11440,마포구,난지미술창작스튜디오,96.75
20250321,11,서울특별시,11440,마포구,난지미술창작스튜디오,96.75
20250322,11,서울특별시,11440,마포구,난지미술창작스튜디오,71.39
20250323,11,서울특별시,11440,마포구,난지미술창작스튜디오,75.05
20250324,11,서울특별시,11440,마포구,난지미술창작스튜디오,83.74
20250325,11,서울특별시,11440,마포구,난지미술창작스튜디오,88.29
20250326,11,서울특별시,11440,마포구,난지미술창작스튜디오,93.75
20250327,11,서울특별시,11440,마포구,난지미술창작스튜디오,96.76
20250328,11,서울특별시,11440,마포구,난지미술창작스튜디오,96.75
20250329,11,서울특별시,11440,마포구,난지미술창작스튜디오,72.66
20250330,11,서울특별시,11440,마포구,난지미술창작스튜디오,75.05
20250331,11,서울특별시,11440,마포구,난지미술창작스튜디오,83.74
20250401,11,서울특별시,11440,마포구,난지미술창작스튜디오,88.29
20250402,11,서울특별시,11440,마포구,난지미술창작스튜디오,93.75
20250403,11,서울특별시,11440,마포구,난지미술창작스튜디오,96.75
20250404,11,서울특별시,11440,마포구,난지미술창작스튜디오,96.48
20250405,11,서울특별시,11440,마포구,난지미술창작스튜디오,72.24
20250406,11,서울특별시,11440,마포구,난지미술창작스튜디오,75.05
20250407,11,서울특별시,11440,마포구,난지미술창작스튜디오,88.25
20250408,11,서울특별시,11440,마포구,난지미술창작스튜디오,93.37
20250409,11,서울특별시,11440,마포구,난지미술창작스튜디오,94.04
20250410,11,서울특별시,11440,마포구,난지미술창작스튜디오,96.48
20250411,11,서울특별시,11440,마포구,난지미술창작스튜디오,93.85
20250313,11,서울특별시,11440,마포구,난지천공원,99.96
20250314,11,서울특별시,11440,마포구,난지천공원,100
20250315,11,서울특별시,11440,마포구,난지천공원,99.95
20250316,11,서울특별시,11440,마포구,난지천공원,100
20250317,11,서울특별시,11440,마포구,난지천공원,99.96
20250318,11,서울특별시,11440,마포구,난지천공원,99.97
20250319,11,서울특별시,11440,마포구,난지천공원,100
20250320,11,서울특별시,11440,마포구,난지천공원,100
20250321,11,서울특별시,11440,마포구,난지천공원,99.96
20250322,11,서울특별시,11440,마포구,난지천공원,99.96
20250323,11,서울특별시,11440,마포구,난지천공원,99.99
20250324,11,서울특별시,11440,마포구,난지천공원,99.96
20250325,11,서울특별시,11440,마포구,난지천공원,99.97
20250326,11,서울특별시,11440,마포구,난지천공원,100
20250327,11,서울특별시,11440,마포구,난지천공원,99.96
20250328,11,서울특별시,11440,마포구,난지천공원,99.96
20250329,11,서울특별시,11440,마포구,난지천공원,99.96
20250330,11,서울특별시,11440,마포구,난지천공원,99.99
20250331,11,서울특별시,11440,마포구,난지천공원,99.96
20250401,11,서울특별시,11440,마포구,난지천공원,99.97
20250402,11,서울특별시,11440,마포구,난지천공원,100
20250403,11,서울특별시,11440,마포구,난지천공원,99.96
20250404,11,서울특별시,11440,마포구,난지천공원,100
20250405,11,서울특별시,11440,마포구,난지천공원,99.9
20250406,11,서울특별시,11440,마포구,난지천공원,99.99
20250407,11,서울특별시,11440,마포구,난지천공원,99.96
20250408,11,서울특별시,11440,마포구,난지천공원,100
20250409,11,서울특별시,11440,마포구,난지천공원,100
20250410,11,서울특별시,11440,마포구,난지천공원,100
20250411,11,서울특별시,11440,마포구,난지천공원,100
20250313,11,서울특별시,11440,마포구,난지한강공원,89.22
20250314,11,서울특별시,11440,마포구,난지한강공원,90.73
20250315,11,서울특별시,11440,마포구,난지한강공원,83.82
20250316,11,서울특별시,11440,마포구,난지한강공원,78.44
20250317,11,서울특별시,11440,마포구,난지한강공원,81.81
20250318,11,서울특별시,11440,마포구,난지한강공원,87.95
20250319,11,서울특별시,11440,마포구,난지한강공원,86.83
20250320,11,서울특별시,11440,마포구,난지한강공원,83.98
20250321,11,서울특별시,11440,마포구,난지한강공원,83.98
20250322,11,서울특별시,11440,마포구,난지한강공원,87.38
20250323,11,서울특별시,11440,마포구,난지한강공원,78.95
20250324,11,서울특별시,11440,마포구,난지한강공원,90.54
20250325,11,서울특별시,11440,마포구,난지한강공원,87.95
20250326,11,서울특별시,11440,마포구,난지한강공원,88.12
20250327,11,서울특별시,11440,마포구,난지한강공원,89.22
20250328,11,서울특별시,11440,마포구,난지한강공원,83.98
20250329,11,서울특별시,11440,마포구,난지한강공원,94.79
20250330,11,서울특별시,11440,마포구,난지한강공원,78.8
20250331,11,서울특별시,11440,마포구,난지한강공원,81.81
20250401,11,서울특별시,11440,마포구,난지한강공원,87.95
20250402,11,서울특별시,11440,마포구,난지한강공원,88.12
20250403,11,서울특별시,11440,마포구,난지한강공원,83.98
20250404,11,서울특별시,11440,마포구,난지한강공원,88.08
20250405,11,서울특별시,11440,마포구,난지한강공원,84.4
20250406,11,서울특별시,11440,마포구,난지한강공원,78.8
20250407,11,서울특별시,11440,마포구,난지한강공원,90.6
20250408,11,서울특별시,11440,마포구,난지한강공원,90.86
20250409,11,서울특별시,11440,마포구,난지한강공원,86.83
20250410,11,서울특별시,11440,마포구,난지한강공원,88.08
20250411,11,서울특별시,11440,마포구,난지한강공원,88.12
20250313,11,서울특별시,11440,마포구,노을공원,99.05
20250314,11,서울특별시,11440,마포구,노을공원,98.98
20250315,11,서울특별시,11440,마포구,노을공원,97.84
20250316,11,서울특별시,11440,마포구,노을공원,98.99
20250317,11,서울특별시,11440,마포구,노을공원,80.03
20250318,11,서울특별시,11440,마포구,노을공원,85.03
20250319,11,서울특별시,11440,마포구,노을공원,93.84
20250320,11,서울특별시,11440,마포구,노을공원,98.85
20250321,11,서울특별시,11440,마포구,노을공원,98.85
20250322,11,서울특별시,11440,마포구,노을공원,99.8
20250323,11,서울특별시,11440,마포구,노을공원,98.01
20250324,11,서울특별시,11440,마포구,노을공원,80.03
20250325,11,서울특별시,11440,마포구,노을공원,85.03
20250326,11,서울특별시,11440,마포구,노을공원,93.54
20250327,11,서울특별시,11440,마포구,노을공원,99.05
20250328,11,서울특별시,11440,마포구,노을공원,98.85
20250329,11,서울특별시,11440,마포구,노을공원,99.8
20250330,11,서울특별시,11440,마포구,노을공원,98.01
20250331,11,서울특별시,11440,마포구,노을공원,80.03
20250401,11,서울특별시,11440,마포구,노을공원,85.03
20250402,11,서울특별시,11440,마포구,노을공원,93.54
20250403,11,서울특별시,11440,마포구,노을공원,98.85
20250404,11,서울특별시,11440,마포구,노을공원,93.38
20250405,11,서울특별시,11440,마포구,노을공원,97.94
20250406,11,서울특별시,11440,마포구,노을공원,98.01
20250407,11,서울특별시,11440,마포구,노을공원,83.66
20250408,11,서울특별시,11440,마포구,노을공원,99.14
20250409,11,서울특별시,11440,마포구,노을공원,93.84
20250410,11,서울특별시,11440,마포구,노을공원,93.38
20250411,11,서울특별시,11440,마포구,노을공원,93.02
20250313,11,서울특별시,11440,마포구,동진시장,86.73
20250314,11,서울특별시,11440,마포구,동진시장,81.81
20250315,11,서울특별시,11440,마포구,동진시장,65.57
20250316,11,서울특별시,11440,마포구,동진시장,90.01
20250317,11,서울특별시,11440,마포구,동진시장,72.71
20250318,11,서울특별시,11440,마포구,동진시장,77.4
20250319,11,서울특별시,11440,마포구,동진시장,86.41
20250320,11,서울특별시,11440,마포구,동진시장,85.64
20250321,11,서울특별시,11440,마포구,동진시장,85.64
20250322,11,서울특별시,11440,마포구,동진시장,68.72
20250323,11,서울특별시,11440,마포구,동진시장,90.42
20250324,11,서울특별시,11440,마포구,동진시장,72.71
20250325,11,서울특별시,11440,마포구,동진시장,77.4
20250326,11,서울특별시,11440,마포구,동진시장,85.66
20250327,11,서울특별시,11440,마포구,동진시장,86.73
20250328,11,서울특별시,11440,마포구,동진시장,85.64
20250329,11,서울특별시,11440,마포구,동진시장,68.72
20250330,11,서울특별시,11440,마포구,동진시장,90.42
20250331,11,서울특별시,11440,마포구,동진시장,72.71
20250401,11,서울특별시,11440,마포구,동진시장,77.4
20250402,11,서울특별시,11440,마포구,동진시장,85.66
20250403,11,서울특별시,11440,마포구,동진시장,86.73
20250404,11,서울특별시,11440,마포구,동진시장,85.12
20250405,11,서울특별시,11440,마포구,동진시장,68.69
20250406,11,서울특별시,11440,마포구,동진시장,90.42
20250407,11,서울특별시,11440,마포구,동진시장,73
20250408,11,서울특별시,11440,마포구,동진시장,74.46
20250409,11,서울특별시,11440,마포구,동진시장,86.41
20250410,11,서울특별시,11440,마포구,동진시장,85.12
20250411,11,서울특별시,11440,마포구,동진시장,85.66
20250313,11,서울특별시,11440,마포구,레치키치 스튜디오,86.44
20250314,11,서울특별시,11440,마포구,레치키치 스튜디오,85.08
20250315,11,서울특별시,11440,마포구,레치키치 스튜디오,88.5
20250316,11,서울특별시,11440,마포구,레치키치 스튜디오,89.43
20250317,11,서울특별시,11440,마포구,레치키치 스튜디오,79.06
20250318,11,서울특별시,11440,마포구,레치키치 스튜디오,82
20250319,11,서울특별시,11440,마포구,레치키치 스튜디오,88.06
20250320,11,서울특별시,11440,마포구,레치키치 스튜디오,86.48
20250321,11,서울특별시,11440,마포구,레치키치 스튜디오,86.48
20250322,11,서울특별시,11440,마포구,레치키치 스튜디오,88.48
20250323,11,서울특별시,11440,마포구,레치키치 스튜디오,89.46
20250324,11,서울특별시,11440,마포구,레치키치 스튜디오,79.91
20250325,11,서울특별시,11440,마포구,레치키치 스튜디오,82
20250326,11,서울특별시,11440,마포구,레치키치 스튜디오,88.17
20250327,11,서울특별시,11440,마포구,레치키치 스튜디오,86.44
20250328,11,서울특별시,11440,마포구,레치키치 스튜디오,86.48
20250329,11,서울특별시,11440,마포구,레치키치 스튜디오,88.51
20250330,11,서울특별시,11440,마포구,레치키치 스튜디오,89.46
20250331,11,서울특별시,11440,마포구,레치키치 스튜디오,79.91
20250401,11,서울특별시,11440,마포구,레치키치 스튜디오,82
20250402,11,서울특별시,11440,마포구,레치키치 스튜디오,88.17
20250403,11,서울특별시,11440,마포구,레치키치 스튜디오,86.48
20250404,11,서울특별시,11440,마포구,레치키치 스튜디오,89.96
20250405,11,서울특별시,11440,마포구,레치키치 스튜디오,88.51
20250406,11,서울특별시,11440,마포구,레치키치 스튜디오,89.46
20250407,11,서울특별시,11440,마포구,레치키치 스튜디오,79.67
20250408,11,서울특별시,11440,마포구,레치키치 스튜디오,84.79
20250409,11,서울특별시,11440,마포구,레치키치 스튜디오,88.06
20250410,11,서울특별시,11440,마포구,레치키치 스튜디오,89.96
20250411,11,서울특별시,11440,마포구,레치키치 스튜디오,87.54
20250313,11,서울특별시,11440,마포구,망원시장,87.18
20250314,11,서울특별시,11440,마포구,망원시장,87.16
20250315,11,서울특별시,11440,마포구,망원시장,82.22
20250316,11,서울특별시,11440,마포구,망원시장,83.83
20250317,11,서울특별시,11440,마포구,망원시장,91.28
20250318,11,서울특별시,11440,마포구,망원시장,85.97
20250319,11,서울특별시,11440,마포구,망원시장,82.74
20250320,11,서울특별시,11440,마포구,망원시장,84.32
20250321,11,서울특별시,11440,마포구,망원시장,84.32
20250322,11,서울특별시,11440,마포구,망원시장,78.82
20250323,11,서울특별시,11440,마포구,망원시장,83.88
20250324,11,서울특별시,11440,마포구,망원시장,85.99
20250325,11,서울특별시,11440,마포구,망원시장,85.97
20250326,11,서울특별시,11440,마포구,망원시장,82.78
20250327,11,서울특별시,11440,마포구,망원시장,87.18
20250328,11,서울특별시,11440,마포구,망원시장,84.32
20250329,11,서울특별시,11440,마포구,망원시장,78.82
20250330,11,서울특별시,11440,마포구,망원시장,83.81
20250331,11,서울특별시,11440,마포구,망원시장,91.28
20250401,11,서울특별시,11440,마포구,망원시장,85.97
20250402,11,서울특별시,11440,마포구,망원시장,82.78
20250403,11,서울특별시,11440,마포구,망원시장,87.18
20250404,11,서울특별시,11440,마포구,망원시장,83.85
20250405,11,서울특별시,11440,마포구,망원시장,79.89
20250406,11,서울특별시,11440,마포구,망원시장,83.81
20250407,11,서울특별시,11440,마포구,망원시장,86
20250408,11,서울특별시,11440,마포구,망원시장,86.65
20250409,11,서울특별시,11440,마포구,망원시장,82.74
20250410,11,서울특별시,11440,마포구,망원시장,83.87
20250411,11,서울특별시,11440,마포구,망원시장,82.78
20250313,11,서울특별시,11440,마포구,망원정지,73.34
20250314,11,서울특별시,11440,마포구,망원정지,73.37
20250315,11,서울특별시,11440,마포구,망원정지,86.47
20250316,11,서울특별시,11440,마포구,망원정지,83.12
20250317,11,서울특별시,11440,마포구,망원정지,77.28
20250318,11,서울특별시,11440,마포구,망원정지,77.95
20250319,11,서울특별시,11440,마포구,망원정지,71.54
20250320,11,서울특별시,11440,마포구,망원정지,73.48
20250321,11,서울특별시,11440,마포구,망원정지,73.48
20250322,11,서울특별시,11440,마포구,망원정지,85.93
20250313,11,서울특별시,11470,양천구,갈산근린공원,57.34
20250314,11,서울특별시,11470,양천구,갈산근린공원,58.79
20250315,11,서울특별시,11470,양천구,갈산근린공원,73.46
20250316,11,서울특별시,11470,양천구,갈산근린공원,71.35
20250317,11,서울특별시,11470,양천구,갈산근린공원,51.55
20250318,11,서울특별시,11470,양천구,갈산근린공원,56.99
20250319,11,서울특별시,11470,양천구,갈산근린공원,67.63
20250320,11,서울특별시,11470,양천구,갈산근린공원,58.79
20250321,11,서울특별시,11470,양천구,갈산근린공원,67.81
20250322,11,서울특별시,11470,양천구,갈산근린공원,80.95
20250323,11,서울특별시,11470,양천구,갈산근린공원,72.45
20250324,11,서울특별시,11470,양천구,갈산근린공원,70.36
20250325,11,서울특별시,11470,양천구,갈산근린공원,48.73
20250326,11,서울특별시,11470,양천구,갈산근린공원,52.01
20250327,11,서울특별시,11470,양천구,갈산근린공원,59.15
20250328,11,서울특별시,11470,양천구,갈산근린공원,66.83
20250329,11,서울특별시,11470,양천구,갈산근린공원,81.59
20250330,11,서울특별시,11470,양천구,갈산근린공원,79.8
20250331,11,서울특별시,11470,양천구,갈산근린공원,56.99
20250401,11,서울특별시,11470,양천구,갈산근린공원,55.71
20250402,11,서울특별시,11470,양천구,갈산근린공원,67.97
20250403,11,서울특별시,11470,양천구,갈산근린공원,51.83
20250404,11,서울특별시,11470,양천구,갈산근린공원,63.45
20250405,11,서울특별시,11470,양천구,갈산근린공원,81.59
20250406,11,서울특별시,11470,양천구,갈산근린공원,79.85
20250407,11,서울특별시,11470,양천구,갈산근린공원,55.96
20250408,11,서울특별시,11470,양천구,갈산근린공원,61.86
20250409,11,서울특별시,11470,양천구,갈산근린공원,63.55
20250410,11,서울특별시,11470,양천구,갈산근린공원,67.81
20250411,11,서울특별시,11470,양천구,갈산근린공원,49.5
20250313,11,서울특별시,11470,양천구,경창시장,95.21
20250314,11,서울특별시,11470,양천구,경창시장,95.33
20250315,11,서울특별시,11470,양천구,경창시장,96.07
20250316,11,서울특별시,11470,양천구,경창시장,96.24
20250317,11,서울특별시,11470,양천구,경창시장,95.24
20250318,11,서울특별시,11470,양천구,경창시장,96.18
20250319,11,서울특별시,11470,양천구,경창시장,95.24
20250320,11,서울특별시,11470,양천구,경창시장,95.33
20250321,11,서울특별시,11470,양천구,경창시장,95.24
20250322,11,서울특별시,11470,양천구,경창시장,96.14
20250323,11,서울특별시,11470,양천구,경창시장,96.11
20250324,11,서울특별시,11470,양천구,경창시장,96.25
20250325,11,서울특별시,11470,양천구,경창시장,96.42
20250326,11,서울특별시,11470,양천구,경창시장,95.24
20250327,11,서울특별시,11470,양천구,경창시장,95.33
20250328,11,서울특별시,11470,양천구,경창시장,96.25
20250329,11,서울특별시,11470,양천구,경창시장,98.59
20250330,11,서울특별시,11470,양천구,경창시장,96.16
20250331,11,서울특별시,11470,양천구,경창시장,96.18
20250401,11,서울특별시,11470,양천구,경창시장,96.48
20250402,11,서울특별시,11470,양천구,경창시장,95.24
20250403,11,서울특별시,11470,양천구,경창시장,95.28
20250404,11,서울특별시,11470,양천구,경창시장,96.25
20250405,11,서울특별시,11470,양천구,경창시장,98.56
20250406,11,서울특별시,11470,양천구,경창시장,96.16
20250407,11,서울특별시,11470,양천구,경창시장,96.48
20250408,11,서울특별시,11470,양천구,경창시장,99.81
20250409,11,서울특별시,11470,양천구,경창시장,96.18
20250410,11,서울특별시,11470,양천구,경창시장,95.24
20250411,11,서울특별시,11470,양천구,경창시장,96.42
20250313,11,서울특별시,11470,양천구,"계남공원(유아숲체험장, 우렁바위)",92.42
20250314,11,서울특별시,11470,양천구,"계남공원(유아숲체험장, 우렁바위)",92.54
20250315,11,서울특별시,11470,양천구,"계남공원(유아숲체험장, 우렁바위)",92.7
20250316,11,서울특별시,11470,양천구,"계남공원(유아숲체험장, 우렁바위)",91.62
20250317,11,서울특별시,11470,양천구,"계남공원(유아숲체험장, 우렁바위)",92.16
20250318,11,서울특별시,11470,양천구,"계남공원(유아숲체험장, 우렁바위)",93.06
20250319,11,서울특별시,11470,양천구,"계남공원(유아숲체험장, 우렁바위)",92.29
20250320,11,서울특별시,11470,양천구,"계남공원(유아숲체험장, 우렁바위)",92.69
20250321,11,서울특별시,11470,양천구,"계남공원(유아숲체험장, 우렁바위)",92.09
20250322,11,서울특별시,11470,양천구,"계남공원(유아숲체험장, 우렁바위)",93.84
20250323,11,서울특별시,11470,양천구,"계남공원(유아숲체험장, 우렁바위)",92.97
20250324,11,서울특별시,11470,양천구,"계남공원(유아숲체험장, 우렁바위)",92.78
20250325,11,서울특별시,11470,양천구,"계남공원(유아숲체험장, 우렁바위)",93.03
20250326,11,서울특별시,11470,양천구,"계남공원(유아숲체험장, 우렁바위)",92.2
20250327,11,서울특별시,11470,양천구,"계남공원(유아숲체험장, 우렁바위)",92.38
20250328,11,서울특별시,11470,양천구,"계남공원(유아숲체험장, 우렁바위)",92.82
20250329,11,서울특별시,11470,양천구,"계남공원(유아숲체험장, 우렁바위)",91.83
20250330,11,서울특별시,11470,양천구,"계남공원(유아숲체험장, 우렁바위)",93.46
20250331,11,서울특별시,11470,양천구,"계남공원(유아숲체험장, 우렁바위)",93.06
20250401,11,서울특별시,11470,양천구,"계남공원(유아숲체험장, 우렁바위)",92.97
20250402,11,서울특별시,11470,양천구,"계남공원(유아숲체험장, 우렁바위)",92.11
20250403,11,서울특별시,11470,양천구,"계남공원(유아숲체험장, 우렁바위)",92.15
20250404,11,서울특별시,11470,양천구,"계남공원(유아숲체험장, 우렁바위)",92.84
20250405,11,서울특별시,11470,양천구,"계남공원(유아숲체험장, 우렁바위)",91.33
20250406,11,서울특별시,11470,양천구,"계남공원(유아숲체험장, 우렁바위)",93.58
20250407,11,서울특별시,11470,양천구,"계남공원(유아숲체험장, 우렁바위)",92.99
20250408,11,서울특별시,11470,양천구,"계남공원(유아숲체험장, 우렁바위)",93.2
20250409,11,서울특별시,11470,양천구,"계남공원(유아숲체험장, 우렁바위)",93.09
20250410,11,서울특별시,11470,양천구,"계남공원(유아숲체험장, 우렁바위)",92.09
20250411,11,서울특별시,11470,양천구,"계남공원(유아숲체험장, 우렁바위)",93.03
20250313,11,서울특별시,11470,양천구,국제선센터,59.84
20250314,11,서울특별시,11470,양천구,국제선센터,47.3
20250315,11,서울특별시,11470,양천구,국제선센터,99.47
20250316,11,서울특별시,11470,양천구,국제선센터,99.57
20250317,11,서울특별시,11470,양천구,국제선센터,52.14
20250318,11,서울특별시,11470,양천구,국제선센터,49.93
20250319,11,서울특별시,11470,양천구,국제선센터,54.98
20250320,11,서울특별시,11470,양천구,국제선센터,47.42
20250321,11,서울특별시,11470,양천구,국제선센터,56.13
20250322,11,서울특별시,11470,양천구,국제선센터,100
20250323,11,서울특별시,11470,양천구,국제선센터,100
20250324,11,서울특별시,11470,양천구,국제선센터,52.65
20250325,11,서울특별시,11470,양천구,국제선센터,47.14
20250326,11,서울특별시,11470,양천구,국제선센터,54.98
20250327,11,서울특별시,11470,양천구,국제선센터,47.42
20250328,11,서울특별시,11470,양천구,국제선센터,52.73
20250329,11,서울특별시,11470,양천구,국제선센터,100
20250330,11,서울특별시,11470,양천구,국제선센터,100
20250331,11,서울특별시,11470,양천구,국제선센터,49.93
20250401,11,서울특별시,11470,양천구,국제선센터,98.83
20250402,11,서울특별시,11470,양천구,국제선센터,56.13
20250403,11,서울특별시,11470,양천구,국제선센터,55.41
20250404,11,서울특별시,11470,양천구,국제선센터,51.85
20250405,11,서울특별시,11470,양천구,국제선센터,100
20250406,11,서울특별시,11470,양천구,국제선센터,100
20250407,11,서울특별시,11470,양천구,국제선센터,98.83
20250408,11,서울특별시,11470,양천구,국제선센터,100
20250409,11,서울특별시,11470,양천구,국제선센터,50.04
20250410,11,서울특별시,11470,양천구,국제선센터,56.13
20250411,11,서울특별시,11470,양천구,국제선센터,47.14
20250313,11,서울특별시,11470,양천구,도시농업공원,86.89
20250314,11,서울특별시,11470,양천구,도시농업공원,86.17
20250315,11,서울특별시,11470,양천구,도시농업공원,82.77
20250316,11,서울특별시,11470,양천구,도시농업공원,83.06
20250317,11,서울특별시,11470,양천구,도시농업공원,85.03
20250318,11,서울특별시,11470,양천구,도시농업공원,83.69
20250319,11,서울특별시,11470,양천구,도시농업공원,85.59
20250320,11,서울특별시,11470,양천구,도시농업공원,86.17
20250321,11,서울특별시,11470,양천구,도시농업공원,85.26
20250322,11,서울특별시,11470,양천구,도시농업공원,85.42
20250323,11,서울특별시,11470,양천구,도시농업공원,88.13
20250324,11,서울특별시,11470,양천구,도시농업공원,85.02
20250325,11,서울특별시,11470,양천구,도시농업공원,84.09
20250326,11,서울특별시,11470,양천구,도시농업공원,85
20250327,11,서울특별시,11470,양천구,도시농업공원,85.77
20250328,11,서울특별시,11470,양천구,도시농업공원,85.35
20250329,11,서울특별시,11470,양천구,도시농업공원,85.44
20250330,11,서울특별시,11470,양천구,도시농업공원,85.08
20250331,11,서울특별시,11470,양천구,도시농업공원,83.69
20250401,11,서울특별시,11470,양천구,도시농업공원,84.15
20250402,11,서울특별시,11470,양천구,도시농업공원,85.26
20250403,11,서울특별시,11470,양천구,도시농업공원,84.93
20250404,11,서울특별시,11470,양천구,도시농업공원,84.23
20250405,11,서울특별시,11470,양천구,도시농업공원,85.44
20250406,11,서울특별시,11470,양천구,도시농업공원,77.99
20250407,11,서울특별시,11470,양천구,도시농업공원,84.09
20250408,11,서울특별시,11470,양천구,도시농업공원,84.35
20250409,11,서울특별시,11470,양천구,도시농업공원,84.46
20250410,11,서울특별시,11470,양천구,도시농업공원,85.26
20250411,11,서울특별시,11470,양천구,도시농업공원,84.09
20250313,11,서울특별시,11470,양천구,목3동시장(목동깨비시장),48.65
20250314,11,서울특별시,11470,양천구,목3동시장(목동깨비시장),78
20250315,11,서울특별시,11470,양천구,목3동시장(목동깨비시장),59.2
20250316,11,서울특별시,11470,양천구,목3동시장(목동깨비시장),71.39
20250317,11,서울특별시,11470,양천구,목3동시장(목동깨비시장),61.43
20250318,11,서울특별시,11470,양천구,목3동시장(목동깨비시장),49.98
20250319,11,서울특별시,11470,양천구,목3동시장(목동깨비시장),62.85
20250320,11,서울특별시,11470,양천구,목3동시장(목동깨비시장),72.61
20250321,11,서울특별시,11470,양천구,목3동시장(목동깨비시장),60.93
20250322,11,서울특별시,11470,양천구,목3동시장(목동깨비시장),59.74
20250323,11,서울특별시,11470,양천구,목3동시장(목동깨비시장),60.34
20250324,11,서울특별시,11470,양천구,목3동시장(목동깨비시장),59.41
20250325,11,서울특별시,11470,양천구,목3동시장(목동깨비시장),76.03
20250326,11,서울특별시,11470,양천구,목3동시장(목동깨비시장),61.43
20250327,11,서울특별시,11470,양천구,목3동시장(목동깨비시장),71.2
20250328,11,서울특별시,11470,양천구,목3동시장(목동깨비시장),59.41
20250329,11,서울특별시,11470,양천구,목3동시장(목동깨비시장),59.36
20250330,11,서울특별시,11470,양천구,목3동시장(목동깨비시장),60.05
20250331,11,서울특별시,11470,양천구,목3동시장(목동깨비시장),49.98
20250401,11,서울특별시,11470,양천구,목3동시장(목동깨비시장),75.75
20250402,11,서울특별시,11470,양천구,목3동시장(목동깨비시장),60.93
20250403,11,서울특별시,11470,양천구,목3동시장(목동깨비시장),61.43
20250404,11,서울특별시,11470,양천구,목3동시장(목동깨비시장),54.23
20250405,11,서울특별시,11470,양천구,목3동시장(목동깨비시장),64.11
20250406,11,서울특별시,11470,양천구,목3동시장(목동깨비시장),59.87
20250407,11,서울특별시,11470,양천구,목3동시장(목동깨비시장),74.86
20250408,11,서울특별시,11470,양천구,목3동시장(목동깨비시장),79.45
20250409,11,서울특별시,11470,양천구,목3동시장(목동깨비시장),54.3
20250410,11,서울특별시,11470,양천구,목3동시장(목동깨비시장),60.93
20250411,11,서울특별시,11470,양천구,목3동시장(목동깨비시장),76.03
20250313,11,서울특별시,11470,양천구,무중력지대 양천,37.75
20250314,11,서울특별시,11470,양천구,무중력지대 양천,34.9
20250315,11,서울특별시,11470,양천구,무중력지대 양천,72.12
20250316,11,서울특별시,11470,양천구,무중력지대 양천,31.4
20250317,11,서울특별시,11470,양천구,무중력지대 양천,45.99
20250318,11,서울특별시,11470,양천구,무중력지대 양천,64.82
20250319,11,서울특별시,11470,양천구,무중력지대 양천,46.83
20250320,11,서울특별시,11470,양천구,무중력지대 양천,28.93
20250321,11,서울특별시,11470,양천구,무중력지대 양천,31.56
20250322,11,서울특별시,11470,양천구,무중력지대 양천,73.52
20250323,11,서울특별시,11470,양천구,무중력지대 양천,94.47
20250324,11,서울특별시,11470,양천구,무중력지대 양천,60.31
20250325,11,서울특별시,11470,양천구,무중력지대 양천,63.06
20250326,11,서울특별시,11470,양천구,무중력지대 양천,41.29
20250327,11,서울특별시,11470,양천구,무중력지대 양천,29.66
20250328,11,서울특별시,11470,양천구,무중력지대 양천,60.34
20250329,11,서울특별시,11470,양천구,무중력지대 양천,58.73
20250330,11,서울특별시,11470,양천구,무중력지대 양천,73.36
20250331,11,서울특별시,11470,양천구,무중력지대 양천,64.82
20250401,11,서울특별시,11470,양천구,무중력지대 양천,66.5
20250402,11,서울특별시,11470,양천구,무중력지대 양천,29.13
20250403,11,서울특별시,11470,양천구,무중력지대 양천,39.67
20250404,11,서울특별시,11470,양천구,무중력지대 양천,88.65
20250405,11,서울특별시,11470,양천구,무중력지대 양천,58.73
20250406,11,서울특별시,11470,양천구,무중력지대 양천,71.2
20250407,11,서울특별시,11470,양천구,무중력지대 양천,62.96
20250408,11,서울특별시,11470,양천구,무중력지대 양천,98.11
20250409,11,서울특별시,11470,양천구,무중력지대 양천,64.82
20250410,11,서울특별시,11470,양천구,무중력지대 양천,31.56
20250411,11,서울특별시,11470,양천구,무중력지대 양천,63.06
20250313,11,서울특별시,11470,양천구,법안정사,49.06
20250314,11,서울특별시,11470,양천구,법안정사,39.76
20250315,11,서울특별시,11470,양천구,법안정사,12.44
20250316,11,서울특별시,11470,양천구,법안정사,11.95
20250317,11,서울특별시,11470,양천구,법안정사,39.35
20250318,11,서울특별시,11470,양천구,법안정사,27.17
20250319,11,서울특별시,11470,양천구,법안정사,33
20250320,11,서울특별시,11470,양천구,법안정사,39.76
20250321,11,서울특별시,11470,양천구,법안정사,29.41
20250322,11,서울특별시,11470,양천구,법안정사,22.74
20250323,11,서울특별시,11470,양천구,법안정사,23.09
20250324,11,서울특별시,11470,양천구,법안정사,28.92
20250325,11,서울특별시,11470,양천구,법안정사,34.82
20250326,11,서울특별시,11470,양천구,법안정사,33
20250327,11,서울특별시,11470,양천구,법안정사,39.76
20250328,11,서울특별시,11470,양천구,법안정사,29.75
20250329,11,서울특별시,11470,양천구,법안정사,22.57
20250330,11,서울특별시,11470,양천구,법안정사,23.29
20250331,11,서울특별시,11470,양천구,법안정사,27.17
20250401,11,서울특별시,11470,양천구,법안정사,12.19
20250402,11,서울특별시,11470,양천구,법안정사,29.45
20250403,11,서울특별시,11470,양천구,법안정사,38.91
20250404,11,서울특별시,11470,양천구,법안정사,28.43
20250405,11,서울특별시,11470,양천구,법안정사,22.57
20250406,11,서울특별시,11470,양천구,법안정사,23.01
20250407,11,서울특별시,11470,양천구,법안정사,31.16
20250408,11,서울특별시,11470,양천구,법안정사,12.24
20250409,11,서울특별시,11470,양천구,법안정사,27.2
20250410,11,서울특별시,11470,양천구,법안정사,29.41
20250411,11,서울특별시,11470,양천구,법안정사,34.82
20250313,11,서울특별시,11470,양천구,생명과학박물관,88.33
20250314,11,서울특별시,11470,양천구,생명과학박물관,88.64
20250315,11,서울특별시,11470,양천구,생명과학박물관,91.97
20250316,11,서울특별시,11470,양천구,생명과학박물관,91.76
20250317,11,서울특별시,11470,양천구,생명과학박물관,88.7
20250318,11,서울특별시,11470,양천구,생명과학박물관,88.81
20250319,11,서울특별시,11470,양천구,생명과학박물관,88.71
20250320,11,서울특별시,11470,양천구,생명과학박물관,88.6
20250321,11,서울특별시,11470,양천구,생명과학박물관,88.76
20250322,11,서울특별시,11470,양천구,생명과학박물관,93.61
20250323,11,서울특별시,11470,양천구,생명과학박물관,92.51
20250324,11,서울특별시,11470,양천구,생명과학박물관,88.77
20250325,11,서울특별시,11470,양천구,생명과학박물관,87.87
20250326,11,서울특별시,11470,양천구,생명과학박물관,88.7
20250327,11,서울특별시,11470,양천구,생명과학박물관,88.6
20250328,11,서울특별시,11470,양천구,생명과학박물관,88.77
20250329,11,서울특별시,11470,양천구,생명과학박물관,93.6
20250330,11,서울특별시,11470,양천구,생명과학박물관,93.69
20250331,11,서울특별시,11470,양천구,생명과학박물관,88.81
20250401,11,서울특별시,11470,양천구,생명과학박물관,89.25
20250402,11,서울특별시,11470,양천구,생명과학박물관,88.76
20250403,11,서울특별시,11470,양천구,생명과학박물관,88.78
20250404,11,서울특별시,11470,양천구,생명과학박물관,88.78
20250405,11,서울특별시,11470,양천구,생명과학박물관,99.06
20250406,11,서울특별시,11470,양천구,생명과학박물관,92.41
20250407,11,서울특별시,11470,양천구,생명과학박물관,89.13
20250408,11,서울특별시,11470,양천구,생명과학박물관,89.62
20250409,11,서울특별시,11470,양천구,생명과학박물관,88.81
20250410,11,서울특별시,11470,양천구,생명과학박물관,88.76
20250411,11,서울특별시,11470,양천구,생명과학박물관,88.01
20250313,11,서울특별시,11470,양천구,서서울호수공원,81.95
20250314,11,서울특별시,11470,양천구,서서울호수공원,81.99
20250315,11,서울특별시,11470,양천구,서서울호수공원,82
20250316,11,서울특별시,11470,양천구,서서울호수공원,81.99
20250317,11,서울특별시,11470,양천구,서서울호수공원,81.99
20250318,11,서울특별시,11470,양천구,서서울호수공원,82
20250319,11,서울특별시,11470,양천구,서서울호수공원,82
20250320,11,서울특별시,11470,양천구,서서울호수공원,81.99
20250321,11,서울특별시,11470,양천구,서서울호수공원,82
20250322,11,서울특별시,11470,양천구,서서울호수공원,82.01
20250323,11,서울특별시,11470,양천구,서서울호수공원,82
20250324,11,서울특별시,11470,양천구,서서울호수공원,82
20250325,11,서울특별시,11470,양천구,서서울호수공원,82
20250326,11,서울특별시,11470,양천구,서서울호수공원,82
20250327,11,서울특별시,11470,양천구,서서울호수공원,81.99
20250328,11,서울특별시,11470,양천구,서서울호수공원,82
20250329,11,서울특별시,11470,양천구,서서울호수공원,82.01
20250330,11,서울특별시,11470,양천구,서서울호수공원,82.01
20250331,11,서울특별시,11470,양천구,서서울호수공원,82
20250401,11,서울특별시,11470,양천구,서서울호수공원,82
20250402,11,서울특별시,11470,양천구,서서울호수공원,82
20250403,11,서울특별시,11470,양천구,서서울호수공원,81.99
20250404,11,서울특별시,11470,양천구,서서울호수공원,82
20250405,11,서울특별시,11470,양천구,서서울호수공원,82.01
20250406,11,서울특별시,11470,양천구,서서울호수공원,82.01
20250407,11,서울특별시,11470,양천구,서서울호수공원,82
20250408,11,서울특별시,11470,양천구,서서울호수공원,82
20250409,11,서울특별시,11470,양천구,서서울호수공원,82
20250410,11,서울특별시,11470,양천구,서서울호수공원,82
20250411,11,서울특별시,11470,양천구,서서울호수공원,82
20250313,11,서울특별시,11470,양천구,신곡종합시장,73.76
20250314,11,서울특별시,11470,양천구,신곡종합시장,85.73
20250315,11,서울특별시,11470,양천구,신곡종합시장,72.51
20250316,11,서울특별시,11470,양천구,신곡종합시장,86.44
20250317,11,서울특별시,11470,양천구,신곡종합시장,71.5
20250318,11,서울특별시,11470,양천구,신곡종합시장,71.96
20250319,11,서울특별시,11470,양천구,신곡종합시장,72.17
20250320,11,서울특별시,11470,양천구,신곡종합시장,85.54
20250321,11,서울특별시,11470,양천구,신곡종합시장,72.17
20250322,11,서울특별시,11470,양천구,신곡종합시장,77.17
20250323,11,서울특별시,11470,양천구,신곡종합시장,68.1
20250324,11,서울특별시,11470,양천구,신곡종합시장,71
20250325,11,서울특별시,11470,양천구,신곡종합시장,71.76
20250326,11,서울특별시,11470,양천구,신곡종합시장,72.17
20250327,11,서울특별시,11470,양천구,신곡종합시장,85.54
20250328,11,서울특별시,11470,양천구,신곡종합시장,72.14
20250329,11,서울특별시,11470,양천구,신곡종합시장,75.47
20250330,11,서울특별시,11470,양천구,신곡종합시장,77.21
20250331,11,서울특별시,11470,양천구,신곡종합시장,71.96
20250401,11,서울특별시,11470,양천구,신곡종합시장,71.76
20250402,11,서울특별시,11470,양천구,신곡종합시장,72.11
20250403,11,서울특별시,11470,양천구,신곡종합시장,71.5
20250404,11,서울특별시,11470,양천구,신곡종합시장,71.93
20250405,11,서울특별시,11470,양천구,신곡종합시장,75.47
20250406,11,서울특별시,11470,양천구,신곡종합시장,71.36
20250407,11,서울특별시,11470,양천구,신곡종합시장,71.76
20250408,11,서울특별시,11470,양천구,신곡종합시장,73.52
20250409,11,서울특별시,11470,양천구,신곡종합시장,72.01
20250410,11,서울특별시,11470,양천구,신곡종합시장,72.17
20250411,11,서울특별시,11470,양천구,신곡종합시장,71.76
20250313,11,서울특별시,11470,양천구,신영시장,100
20250314,11,서울특별시,11470,양천구,신영시장,100
20250315,11,서울특별시,11470,양천구,신영시장,100
20250316,11,서울특별시,11470,양천구,신영시장,100
20250317,11,서울특별시,11470,양천구,신영시장,100
20250318,11,서울특별시,11470,양천구,신영시장,100
20250319,11,서울특별시,11470,양천구,신영시장,100
20250320,11,서울특별시,11470,양천구,신영시장,100
20250321,11,서울특별시,11470,양천구,신영시장,100
20250322,11,서울특별시,11470,양천구,신영시장,100
20250323,11,서울특별시,11470,양천구,신영시장,100
20250324,11,서울특별시,11470,양천구,신영시장,100
20250325,11,서울특별시,11470,양천구,신영시장,100
20250326,11,서울특별시,11470,양천구,신영시장,100
20250327,11,서울특별시,11470,양천구,신영시장,100
20250328,11,서울특별시,11470,양천구,신영시장,100
20250329,11,서울특별시,11470,양천구,신영시장,100
20250330,11,서울특별시,11470,양천구,신영시장,100
20250331,11,서울특별시,11470,양천구,신영시장,100
20250401,11,서울특별시,11470,양천구,신영시장,100
20250402,11,서울특별시,11470,양천구,신영시장,100
20250403,11,서울특별시,11470,양천구,신영시장,100
20250404,11,서울특별시,11470,양천구,신영시장,100
20250405,11,서울특별시,11470,양천구,신영시장,100
20250406,11,서울특별시,11470,양천구,신영시장,100
20250407,11,서울특별시,11470,양천구,신영시장,100
20250408,11,서울특별시,11470,양천구,신영시장,100
20250409,11,서울특별시,11470,양천구,신영시장,100
20250410,11,서울특별시,11470,양천구,신영시장,100
20250411,11,서울특별시,11470,양천구,신영시장,100
20250313,11,서울특별시,11470,양천구,"신트리공원(농촌체험,자연학습장)",82.23
20250314,11,서울특별시,11470,양천구,"신트리공원(농촌체험,자연학습장)",83.12
20250315,11,서울특별시,11470,양천구,"신트리공원(농촌체험,자연학습장)",88.81
20250316,11,서울특별시,11470,양천구,"신트리공원(농촌체험,자연학습장)",88.42
20250317,11,서울특별시,11470,양천구,"신트리공원(농촌체험,자연학습장)",77.69
20250318,11,서울특별시,11470,양천구,"신트리공원(농촌체험,자연학습장)",88.32
20250319,11,서울특별시,11470,양천구,"신트리공원(농촌체험,자연학습장)",77.81
20250320,11,서울특별시,11470,양천구,"신트리공원(농촌체험,자연학습장)",83.05
20250321,11,서울특별시,11470,양천구,"신트리공원(농촌체험,자연학습장)",76.97
20250322,11,서울특별시,11470,양천구,"신트리공원(농촌체험,자연학습장)",88.82
20250323,11,서울특별시,11470,양천구,"신트리공원(농촌체험,자연학습장)",88.81
20250324,11,서울특별시,11470,양천구,"신트리공원(농촌체험,자연학습장)",77.63
20250325,11,서울특별시,11470,양천구,"신트리공원(농촌체험,자연학습장)",88.38
20250326,11,서울특별시,11470,양천구,"신트리공원(농촌체험,자연학습장)",77.81
20250327,11,서울특별시,11470,양천구,"신트리공원(농촌체험,자연학습장)",83.05
20250328,11,서울특별시,11470,양천구,"신트리공원(농촌체험,자연학습장)",77.63
20250329,11,서울특별시,11470,양천구,"신트리공원(농촌체험,자연학습장)",88.94
20250330,11,서울특별시,11470,양천구,"신트리공원(농촌체험,자연학습장)",88.89
20250331,11,서울특별시,11470,양천구,"신트리공원(농촌체험,자연학습장)",88.32
20250401,11,서울특별시,11470,양천구,"신트리공원(농촌체험,자연학습장)",88.38
20250402,11,서울특별시,11470,양천구,"신트리공원(농촌체험,자연학습장)",76.97
20250403,11,서울특별시,11470,양천구,"신트리공원(농촌체험,자연학습장)",77.67
20250404,11,서울특별시,11470,양천구,"신트리공원(농촌체험,자연학습장)",79.44
20250405,11,서울특별시,11470,양천구,"신트리공원(농촌체험,자연학습장)",88.94
20250406,11,서울특별시,11470,양천구,"신트리공원(농촌체험,자연학습장)",88.91
20250407,11,서울특별시,11470,양천구,"신트리공원(농촌체험,자연학습장)",88.38
20250408,11,서울특별시,11470,양천구,"신트리공원(농촌체험,자연학습장)",88.37
20250409,11,서울특별시,11470,양천구,"신트리공원(농촌체험,자연학습장)",88.44
20250410,11,서울특별시,11470,양천구,"신트리공원(농촌체험,자연학습장)",76.97
20250411,11,서울특별시,11470,양천구,"신트리공원(농촌체험,자연학습장)",88.38
20250313,11,서울특별시,11470,양천구,안양천 사계절 테마원,61.43
20250314,11,서울특별시,11470,양천구,안양천 사계절 테마원,61.39
20250315,11,서울특별시,11470,양천구,안양천 사계절 테마원,99.28
20250316,11,서울특별시,11470,양천구,안양천 사계절 테마원,99.28
20250317,11,서울특별시,11470,양천구,안양천 사계절 테마원,61.4
20250318,11,서울특별시,11470,양천구,안양천 사계절 테마원,63.27
20250319,11,서울특별시,11470,양천구,안양천 사계절 테마원,61.43
20250320,11,서울특별시,11470,양천구,안양천 사계절 테마원,61.39
20250321,11,서울특별시,11470,양천구,안양천 사계절 테마원,61.43
20250322,11,서울특별시,11470,양천구,안양천 사계절 테마원,99.19
20250313,11,서울특별시,11500,강서구,강서농산물도매시장,87.52
20250314,11,서울특별시,11500,강서구,강서농산물도매시장,87.82
20250315,11,서울특별시,11500,강서구,강서농산물도매시장,93.47
20250316,11,서울특별시,11500,강서구,강서농산물도매시장,89.25
20250317,11,서울특별시,11500,강서구,강서농산물도매시장,87.24
20250318,11,서울특별시,11500,강서구,강서농산물도매시장,87.52
20250319,11,서울특별시,11500,강서구,강서농산물도매시장,88
20250320,11,서울특별시,11500,강서구,강서농산물도매시장,87.24
20250321,11,서울특별시,11500,강서구,강서농산물도매시장,87.25
20250322,11,서울특별시,11500,강서구,강서농산물도매시장,93.47
20250323,11,서울특별시,11500,강서구,강서농산물도매시장,89.25
20250324,11,서울특별시,11500,강서구,강서농산물도매시장,86.79
20250325,11,서울특별시,11500,강서구,강서농산물도매시장,86.79
20250326,11,서울특별시,11500,강서구,강서농산물도매시장,86.85
20250327,11,서울특별시,11500,강서구,강서농산물도매시장,86.79
20250328,11,서울특별시,11500,강서구,강서농산물도매시장,87.52
20250329,11,서울특별시,11500,강서구,강서농산물도매시장,93.47
20250330,11,서울특별시,11500,강서구,강서농산물도매시장,89.25
20250331,11,서울특별시,11500,강서구,강서농산물도매시장,86.68
20250401,11,서울특별시,11500,강서구,강서농산물도매시장,86.85
20250402,11,서울특별시,11500,강서구,강서농산물도매시장,86.52
20250403,11,서울특별시,11500,강서구,강서농산물도매시장,86.85
20250404,11,서울특별시,11500,강서구,강서농산물도매시장,87.24
20250405,11,서울특별시,11500,강서구,강서농산물도매시장,90.44
20250406,11,서울특별시,11500,강서구,강서농산물도매시장,89.27
20250407,11,서울특별시,11500,강서구,강서농산물도매시장,86.85
20250408,11,서울특별시,11500,강서구,강서농산물도매시장,86.52
20250409,11,서울특별시,11500,강서구,강서농산물도매시장,86.61
20250410,11,서울특별시,11500,강서구,강서농산물도매시장,86.52
20250411,11,서울특별시,11500,강서구,강서농산물도매시장,88
20250313,11,서울특별시,11500,강서구,강서습지생태공원,73.4
20250314,11,서울특별시,11500,강서구,강서습지생태공원,67
20250315,11,서울특별시,11500,강서구,강서습지생태공원,78.22
20250316,11,서울특별시,11500,강서구,강서습지생태공원,79.29
20250317,11,서울특별시,11500,강서구,강서습지생태공원,71.55
20250318,11,서울특별시,11500,강서구,강서습지생태공원,71.55
20250319,11,서울특별시,11500,강서구,강서습지생태공원,94.32
20250320,11,서울특별시,11500,강서구,강서습지생태공원,95.43
20250321,11,서울특별시,11500,강서구,강서습지생태공원,73.37
20250322,11,서울특별시,11500,강서구,강서습지생태공원,77.85
20250323,11,서울특별시,11500,강서구,강서습지생태공원,79.46
20250324,11,서울특별시,11500,강서구,강서습지생태공원,94.32
20250325,11,서울특별시,11500,강서구,강서습지생태공원,94.32
20250326,11,서울특별시,11500,강서구,강서습지생태공원,93.8
20250327,11,서울특별시,11500,강서구,강서습지생태공원,94.32
20250328,11,서울특별시,11500,강서구,강서습지생태공원,73.4
20250329,11,서울특별시,11500,강서구,강서습지생태공원,78.31
20250330,11,서울특별시,11500,강서구,강서습지생태공원,79.44
20250331,11,서울특별시,11500,강서구,강서습지생태공원,94.38
20250401,11,서울특별시,11500,강서구,강서습지생태공원,93.8
20250402,11,서울특별시,11500,강서구,강서습지생태공원,93.8
20250403,11,서울특별시,11500,강서구,강서습지생태공원,93.8
20250404,11,서울특별시,11500,강서구,강서습지생태공원,95.69
20250405,11,서울특별시,11500,강서구,강서습지생태공원,79.29
20250406,11,서울특별시,11500,강서구,강서습지생태공원,79.66
20250407,11,서울특별시,11500,강서구,강서습지생태공원,93.8
20250408,11,서울특별시,11500,강서구,강서습지생태공원,93.8
20250409,11,서울특별시,11500,강서구,강서습지생태공원,94.09
20250410,11,서울특별시,11500,강서구,강서습지생태공원,93.8
20250411,11,서울특별시,11500,강서구,강서습지생태공원,94.32
20250313,11,서울특별시,11500,강서구,강서한강공원,74.25
20250314,11,서울특별시,11500,강서구,강서한강공원,68.98
20250315,11,서울특별시,11500,강서구,강서한강공원,73.05
20250316,11,서울특별시,11500,강서구,강서한강공원,66.21
20250317,11,서울특별시,11500,강서구,강서한강공원,70.13
20250318,11,서울특별시,11500,강서구,강서한강공원,70.13
20250319,11,서울특별시,11500,강서구,강서한강공원,73.83
20250320,11,서울특별시,11500,강서구,강서한강공원,71.39
20250321,11,서울특별시,11500,강서구,강서한강공원,72.06
20250322,11,서울특별시,11500,강서구,강서한강공원,61.84
20250323,11,서울특별시,11500,강서구,강서한강공원,64.76
20250324,11,서울특별시,11500,강서구,강서한강공원,73.83
20250325,11,서울특별시,11500,강서구,강서한강공원,73.83
20250326,11,서울특별시,11500,강서구,강서한강공원,62.03
20250327,11,서울특별시,11500,강서구,강서한강공원,73.83
20250328,11,서울특별시,11500,강서구,강서한강공원,73.82
20250329,11,서울특별시,11500,강서구,강서한강공원,66.47
20250330,11,서울특별시,11500,강서구,강서한강공원,64.91
20250331,11,서울특별시,11500,강서구,강서한강공원,64.08
20250401,11,서울특별시,11500,강서구,강서한강공원,62.03
20250402,11,서울특별시,11500,강서구,강서한강공원,62.63
20250403,11,서울특별시,11500,강서구,강서한강공원,62.03
20250404,11,서울특별시,11500,강서구,강서한강공원,71.39
20250405,11,서울특별시,11500,강서구,강서한강공원,64.95
20250406,11,서울특별시,11500,강서구,강서한강공원,66.18
20250407,11,서울특별시,11500,강서구,강서한강공원,63.48
20250408,11,서울특별시,11500,강서구,강서한강공원,62.63
20250409,11,서울특별시,11500,강서구,강서한강공원,62.68
20250410,11,서울특별시,11500,강서구,강서한강공원,63.48
20250411,11,서울특별시,11500,강서구,강서한강공원,73.83
20250313,11,서울특별시,11500,강서구,겸재정선미술관,43.62
20250314,11,서울특별시,11500,강서구,겸재정선미술관,56.76
20250315,11,서울특별시,11500,강서구,겸재정선미술관,54.23
20250316,11,서울특별시,11500,강서구,겸재정선미술관,57.14
20250317,11,서울특별시,11500,강서구,겸재정선미술관,40.89
20250318,11,서울특별시,11500,강서구,겸재정선미술관,40.89
20250319,11,서울특별시,11500,강서구,겸재정선미술관,41.23
20250320,11,서울특별시,11500,강서구,겸재정선미술관,41.23
20250321,11,서울특별시,11500,강서구,겸재정선미술관,43.62
20250322,11,서울특별시,11500,강서구,겸재정선미술관,54.23
20250323,11,서울특별시,11500,강서구,겸재정선미술관,57.28
20250324,11,서울특별시,11500,강서구,겸재정선미술관,41.23
20250325,11,서울특별시,11500,강서구,겸재정선미술관,41.23
20250326,11,서울특별시,11500,강서구,겸재정선미술관,52.48
20250327,11,서울특별시,11500,강서구,겸재정선미술관,41.23
20250328,11,서울특별시,11500,강서구,겸재정선미술관,43.62
20250329,11,서울특별시,11500,강서구,겸재정선미술관,58.35
20250330,11,서울특별시,11500,강서구,겸재정선미술관,57.35
20250331,11,서울특별시,11500,강서구,겸재정선미술관,43.33
20250401,11,서울특별시,11500,강서구,겸재정선미술관,52.48
20250402,11,서울특별시,11500,강서구,겸재정선미술관,52.48
20250403,11,서울특별시,11500,강서구,겸재정선미술관,52.48
20250404,11,서울특별시,11500,강서구,겸재정선미술관,41.23
20250405,11,서울특별시,11500,강서구,겸재정선미술관,57.14
20250406,11,서울특별시,11500,강서구,겸재정선미술관,57.28
20250407,11,서울특별시,11500,강서구,겸재정선미술관,52.48
20250408,11,서울특별시,11500,강서구,겸재정선미술관,52.48
20250409,11,서울특별시,11500,강서구,겸재정선미술관,53.54
20250410,11,서울특별시,11500,강서구,겸재정선미술관,52.48
20250411,11,서울특별시,11500,강서구,겸재정선미술관,41.23
20250313,11,서울특별시,11500,강서구,구암공원,67.86
20250314,11,서울특별시,11500,강서구,구암공원,67.86
20250315,11,서울특별시,11500,강서구,구암공원,67.88
20250316,11,서울특별시,11500,강서구,구암공원,67.86
20250317,11,서울특별시,11500,강서구,구암공원,67.86
20250318,11,서울특별시,11500,강서구,구암공원,67.86
20250319,11,서울특별시,11500,강서구,구암공원,67.86
20250320,11,서울특별시,11500,강서구,구암공원,67.86
20250321,11,서울특별시,11500,강서구,구암공원,67.86
20250322,11,서울특별시,11500,강서구,구암공원,67.86
20250323,11,서울특별시,11500,강서구,구암공원,67.86
20250324,11,서울특별시,11500,강서구,구암공원,67.86
20250325,11,서울특별시,11500,강서구,구암공원,67.86
20250326,11,서울특별시,11500,강서구,구암공원,67.86
20250327,11,서울특별시,11500,강서구,구암공원,67.86
20250328,11,서울특별시,11500,강서구,구암공원,67.86
20250329,11,서울특별시,11500,강서구,구암공원,67.86
20250330,11,서울특별시,11500,강서구,구암공원,67.86
20250331,11,서울특별시,11500,강서구,구암공원,67.86
20250401,11,서울특별시,11500,강서구,구암공원,67.86
20250402,11,서울특별시,11500,강서구,구암공원,67.86
20250403,11,서울특별시,11500,강서구,구암공원,67.86
20250404,11,서울특별시,11500,강서구,구암공원,67.86
20250405,11,서울특별시,11500,강서구,구암공원,67.86
20250406,11,서울특별시,11500,강서구,구암공원,67.86
20250407,11,서울특별시,11500,강서구,구암공원,67.86
20250408,11,서울특별시,11500,강서구,구암공원,67.86
20250409,11,서울특별시,11500,강서구,구암공원,67.85
20250410,11,서울특별시,11500,강서구,구암공원,67.86
20250411,11,서울특별시,11500,강서구,구암공원,67.86
20250313,11,서울특별시,11500,강서구,국립항공박물관,93.58
20250314,11,서울특별시,11500,강서구,국립항공박물관,86.44
20250315,11,서울특별시,11500,강서구,국립항공박물관,66.65
20250316,11,서울특별시,11500,강서구,국립항공박물관,78.92
20250317,11,서울특별시,11500,강서구,국립항공박물관,93.65
20250318,11,서울특별시,11500,강서구,국립항공박물관,93.65
20250319,11,서울특별시,11500,강서구,국립항공박물관,93.65
20250320,11,서울특별시,11500,강서구,국립항공박물관,93.65
20250321,11,서울특별시,11500,강서구,국립항공박물관,93.65
20250322,11,서울특별시,11500,강서구,국립항공박물관,73.08
20250323,11,서울특별시,11500,강서구,국립항공박물관,80.93
20250324,11,서울특별시,11500,강서구,국립항공박물관,93.65
20250325,11,서울특별시,11500,강서구,국립항공박물관,93.65
20250326,11,서울특별시,11500,강서구,국립항공박물관,94.14
20250327,11,서울특별시,11500,강서구,국립항공박물관,93.65
20250328,11,서울특별시,11500,강서구,국립항공박물관,93.58
20250329,11,서울특별시,11500,강서구,국립항공박물관,73.2
20250330,11,서울특별시,11500,강서구,국립항공박물관,78.92
20250331,11,서울특별시,11500,강서구,국립항공박물관,93.62
20250401,11,서울특별시,11500,강서구,국립항공박물관,94.14
20250402,11,서울특별시,11500,강서구,국립항공박물관,93.77
20250403,11,서울특별시,11500,강서구,국립항공박물관,94.14
20250404,11,서울특별시,11500,강서구,국립항공박물관,93.65
20250405,11,서울특별시,11500,강서구,국립항공박물관,78.09
20250406,11,서울특별시,11500,강서구,국립항공박물관,85.07
20250407,11,서울특별시,11500,강서구,국립항공박물관,93.8
20250408,11,서울특별시,11500,강서구,국립항공박물관,93.77
20250409,11,서울특별시,11500,강서구,국립항공박물관,93.77
20250410,11,서울특별시,11500,강서구,국립항공박물관,93.77
20250411,11,서울특별시,11500,강서구,국립항공박물관,93.65
20250313,11,서울특별시,11500,강서구,메이필드호텔서울,61.95
20250314,11,서울특별시,11500,강서구,메이필드호텔서울,65.53
20250315,11,서울특별시,11500,강서구,메이필드호텔서울,86.65
20250316,11,서울특별시,11500,강서구,메이필드호텔서울,84
20250317,11,서울특별시,11500,강서구,메이필드호텔서울,69.87
20250318,11,서울특별시,11500,강서구,메이필드호텔서울,69.87
20250319,11,서울특별시,11500,강서구,메이필드호텔서울,78.65
20250320,11,서울특별시,11500,강서구,메이필드호텔서울,80.54
20250321,11,서울특별시,11500,강서구,메이필드호텔서울,62.14
20250322,11,서울특별시,11500,강서구,메이필드호텔서울,86.03
20250323,11,서울특별시,11500,강서구,메이필드호텔서울,79.54
20250324,11,서울특별시,11500,강서구,메이필드호텔서울,78.65
20250325,11,서울특별시,11500,강서구,메이필드호텔서울,78.65
20250326,11,서울특별시,11500,강서구,메이필드호텔서울,68.81
20250327,11,서울특별시,11500,강서구,메이필드호텔서울,78.65
20250328,11,서울특별시,11500,강서구,메이필드호텔서울,64.6
20250329,11,서울특별시,11500,강서구,메이필드호텔서울,86.25
20250330,11,서울특별시,11500,강서구,메이필드호텔서울,83.73
20250331,11,서울특별시,11500,강서구,메이필드호텔서울,78.65
20250401,11,서울특별시,11500,강서구,메이필드호텔서울,68.81
20250402,11,서울특별시,11500,강서구,메이필드호텔서울,66.15
20250403,11,서울특별시,11500,강서구,메이필드호텔서울,68.81
20250404,11,서울특별시,11500,강서구,메이필드호텔서울,80.54
20250405,11,서울특별시,11500,강서구,메이필드호텔서울,83.92
20250406,11,서울특별시,11500,강서구,메이필드호텔서울,96.98
20250407,11,서울특별시,11500,강서구,메이필드호텔서울,68.09
20250408,11,서울특별시,11500,강서구,메이필드호텔서울,66.15
20250409,11,서울특별시,11500,강서구,메이필드호텔서울,66.04
20250410,11,서울특별시,11500,강서구,메이필드호텔서울,68.09
20250411,11,서울특별시,11500,강서구,메이필드호텔서울,78.65
20250313,11,서울특별시,11500,강서구,미타사(강서),80.27
20250314,11,서울특별시,11500,강서구,미타사(강서),71.57
20250315,11,서울특별시,11500,강서구,미타사(강서),70.88
20250316,11,서울특별시,11500,강서구,미타사(강서),67.2
20250317,11,서울특별시,11500,강서구,미타사(강서),77.12
20250318,11,서울특별시,11500,강서구,미타사(강서),77.12
20250319,11,서울특별시,11500,강서구,미타사(강서),78.61
20250320,11,서울특별시,11500,강서구,미타사(강서),78.53
20250321,11,서울특별시,11500,강서구,미타사(강서),71.57
20250322,11,서울특별시,11500,강서구,미타사(강서),71.34
20250323,11,서울특별시,11500,강서구,미타사(강서),67.37
20250324,11,서울특별시,11500,강서구,미타사(강서),78.61
20250325,11,서울특별시,11500,강서구,미타사(강서),78.61
20250326,11,서울특별시,11500,강서구,미타사(강서),81.51
20250327,11,서울특별시,11500,강서구,미타사(강서),78.61
20250328,11,서울특별시,11500,강서구,미타사(강서),80.27
20250329,11,서울특별시,11500,강서구,미타사(강서),67.14
20250330,11,서울특별시,11500,강서구,미타사(강서),67.37
20250331,11,서울특별시,11500,강서구,미타사(강서),81.32
20250401,11,서울특별시,11500,강서구,미타사(강서),81.51
20250402,11,서울특별시,11500,강서구,미타사(강서),81.51
20250403,11,서울특별시,11500,강서구,미타사(강서),81.51
20250404,11,서울특별시,11500,강서구,미타사(강서),78.53
20250405,11,서울특별시,11500,강서구,미타사(강서),67.2
20250406,11,서울특별시,11500,강서구,미타사(강서),65.65
20250407,11,서울특별시,11500,강서구,미타사(강서),81.51
20250408,11,서울특별시,11500,강서구,미타사(강서),82
20250409,11,서울특별시,11500,강서구,미타사(강서),82
20250410,11,서울특별시,11500,강서구,미타사(강서),81.51
20250411,11,서울특별시,11500,강서구,미타사(강서),78.61
20250313,11,서울특별시,11500,강서구,방신재래시장,99.95
20250314,11,서울특별시,11500,강서구,방신재래시장,99.92
20250315,11,서울특별시,11500,강서구,방신재래시장,99.97
20250316,11,서울특별시,11500,강서구,방신재래시장,99.94
20250317,11,서울특별시,11500,강서구,방신재래시장,99.97
20250318,11,서울특별시,11500,강서구,방신재래시장,99.97
20250319,11,서울특별시,11500,강서구,방신재래시장,99.93
20250320,11,서울특별시,11500,강서구,방신재래시장,99.94
20250321,11,서울특별시,11500,강서구,방신재래시장,99.92
20250322,11,서울특별시,11500,강서구,방신재래시장,99.97
20250323,11,서울특별시,11500,강서구,방신재래시장,99.93
20250324,11,서울특별시,11500,강서구,방신재래시장,99.93
20250325,11,서울특별시,11500,강서구,방신재래시장,99.93
20250326,11,서울특별시,11500,강서구,방신재래시장,99.93
20250327,11,서울특별시,11500,강서구,방신재래시장,99.93
20250328,11,서울특별시,11500,강서구,방신재래시장,99.95
20250329,11,서울특별시,11500,강서구,방신재래시장,99.97
20250330,11,서울특별시,11500,강서구,방신재래시장,99.94
20250331,11,서울특별시,11500,강서구,방신재래시장,99.93
20250401,11,서울특별시,11500,강서구,방신재래시장,99.93
20250402,11,서울특별시,11500,강서구,방신재래시장,99.93
20250403,11,서울특별시,11500,강서구,방신재래시장,99.93
20250404,11,서울특별시,11500,강서구,방신재래시장,99.94
20250405,11,서울특별시,11500,강서구,방신재래시장,99.94
20250406,11,서울특별시,11500,강서구,방신재래시장,99.93
20250407,11,서울특별시,11500,강서구,방신재래시장,99.93
20250408,11,서울특별시,11500,강서구,방신재래시장,99.93
20250409,11,서울특별시,11500,강서구,방신재래시장,99.93
20250410,11,서울특별시,11500,강서구,방신재래시장,99.93
20250411,11,서울특별시,11500,강서구,방신재래시장,99.93
20250313,11,서울특별시,11500,강서구,서울 양천고성지,93.75
20250314,11,서울특별시,11500,강서구,서울 양천고성지,92.48
20250315,11,서울특별시,11500,강서구,서울 양천고성지,86.2
20250316,11,서울특별시,11500,강서구,서울 양천고성지,84.1
20250317,11,서울특별시,11500,강서구,서울 양천고성지,92.72
20250318,11,서울특별시,11500,강서구,서울 양천고성지,92.72
20250319,11,서울특별시,11500,강서구,서울 양천고성지,93.59
20250320,11,서울특별시,11500,강서구,서울 양천고성지,92.31
20250321,11,서울특별시,11500,강서구,서울 양천고성지,93.75
20250322,11,서울특별시,11500,강서구,서울 양천고성지,84.74
20250323,11,서울특별시,11500,강서구,서울 양천고성지,90.53
20250324,11,서울특별시,11500,강서구,서울 양천고성지,93.59
20250325,11,서울특별시,11500,강서구,서울 양천고성지,93.59
20250326,11,서울특별시,11500,강서구,서울 양천고성지,94.24
20250327,11,서울특별시,11500,강서구,서울 양천고성지,93.59
20250328,11,서울특별시,11500,강서구,서울 양천고성지,93.41
20250329,11,서울특별시,11500,강서구,서울 양천고성지,81.42
20250330,11,서울특별시,11500,강서구,서울 양천고성지,79.78
20250331,11,서울특별시,11500,강서구,서울 양천고성지,92.19
20250401,11,서울특별시,11500,강서구,서울 양천고성지,94.24
20250402,11,서울특별시,11500,강서구,서울 양천고성지,82.86
20250403,11,서울특별시,11500,강서구,서울 양천고성지,94.24
20250404,11,서울특별시,11500,강서구,서울 양천고성지,92.58
20250405,11,서울특별시,11500,강서구,서울 양천고성지,84.1
20250406,11,서울특별시,11500,강서구,서울 양천고성지,93.43
20250407,11,서울특별시,11500,강서구,서울 양천고성지,94.24
20250408,11,서울특별시,11500,강서구,서울 양천고성지,82.86
20250409,11,서울특별시,11500,강서구,서울 양천고성지,84.16
20250410,11,서울특별시,11500,강서구,서울 양천고성지,82.86
20250411,11,서울특별시,11500,강서구,서울 양천고성지,93.59
20250313,11,서울특별시,11500,강서구,서울식물원,90.57
20250314,11,서울특별시,11500,강서구,서울식물원,91.15
20250315,11,서울특별시,11500,강서구,서울식물원,87.72
20250316,11,서울특별시,11500,강서구,서울식물원,88.35
20250317,11,서울특별시,11500,강서구,서울식물원,88.82
20250318,11,서울특별시,11500,강서구,서울식물원,88.92
20250319,11,서울특별시,11500,강서구,서울식물원,88.9
20250320,11,서울특별시,11500,강서구,서울식물원,88.9
20250321,11,서울특별시,11500,강서구,서울식물원,90.94
20250322,11,서울특별시,11500,강서구,서울식물원,87.81
20250323,11,서울특별시,11500,강서구,서울식물원,88.44
20250324,11,서울특별시,11500,강서구,서울식물원,89.16
20250325,11,서울특별시,11500,강서구,서울식물원,89.16
20250326,11,서울특별시,11500,강서구,서울식물원,89.71
20250327,11,서울특별시,11500,강서구,서울식물원,89.16
20250328,11,서울특별시,11500,강서구,서울식물원,88.92
20250329,11,서울특별시,11500,강서구,서울식물원,89.74
20250330,11,서울특별시,11500,강서구,서울식물원,88.44
20250331,11,서울특별시,11500,강서구,서울식물원,88.92
20250401,11,서울특별시,11500,강서구,서울식물원,89.71
20250402,11,서울특별시,11500,강서구,서울식물원,89.71
20250403,11,서울특별시,11500,강서구,서울식물원,89.71
20250404,11,서울특별시,11500,강서구,서울식물원,88.9
20250405,11,서울특별시,11500,강서구,서울식물원,86.72
20250406,11,서울특별시,11500,강서구,서울식물원,86.31
20250407,11,서울특별시,11500,강서구,서울식물원,89.71
20250408,11,서울특별시,11500,강서구,서울식물원,89.71
20250409,11,서울특별시,11500,강서구,서울식물원,85.27
20250410,11,서울특별시,11500,강서구,서울식물원,89.71
20250411,11,서울특별시,11500,강서구,서울식물원,88.9
20250313,11,서울특별시,11500,강서구,성심사,99.69
20250314,11,서울특별시,11500,강서구,성심사,99.7
20250315,11,서울특별시,11500,강서구,성심사,99.74
20250316,11,서울특별시,11500,강서구,성심사,99.73
20250317,11,서울특별시,11500,강서구,성심사,99.69
20250318,11,서울특별시,11500,강서구,성심사,99.69
20250319,11,서울특별시,11500,강서구,성심사,99.69
20250320,11,서울특별시,11500,강서구,성심사,99.69
20250321,11,서울특별시,11500,강서구,성심사,99.69
20250322,11,서울특별시,11500,강서구,성심사,99.73
20250323,11,서울특별시,11500,강서구,성심사,99.73
20250324,11,서울특별시,11500,강서구,성심사,99.69
20250325,11,서울특별시,11500,강서구,성심사,99.69
20250326,11,서울특별시,11500,강서구,성심사,99.69
20250327,11,서울특별시,11500,강서구,성심사,99.69
20250328,11,서울특별시,11500,강서구,성심사,99.69
20250329,11,서울특별시,11500,강서구,성심사,99.73
20250330,11,서울특별시,11500,강서구,성심사,99.73
20250331,11,서울특별시,11500,강서구,성심사,99.69
20250401,11,서울특별시,11500,강서구,성심사,99.69
20250402,11,서울특별시,11500,강서구,성심사,99.69
20250403,11,서울특별시,11500,강서구,성심사,99.69
20250404,11,서울특별시,11500,강서구,성심사,99.69
20250405,11,서울특별시,11500,강서구,성심사,99.73
20250406,11,서울특별시,11500,강서구,성심사,99.73
20250407,11,서울특별시,11500,강서구,성심사,99.69
20250408,11,서울특별시,11500,강서구,성심사,99.69
20250409,11,서울특별시,11500,강서구,성심사,99.69
20250410,11,서울특별시,11500,강서구,성심사,99.69
20250411,11,서울특별시,11500,강서구,성심사,99.69
20250313,11,서울특별시,11500,강서구,송화벽화시장,87.08
20250314,11,서울특별시,11500,강서구,송화벽화시장,87.1
20250315,11,서울특별시,11500,강서구,송화벽화시장,81.18
20250316,11,서울특별시,11500,강서구,송화벽화시장,65.98
20250317,11,서울특별시,11500,강서구,송화벽화시장,86.64
20250318,11,서울특별시,11500,강서구,송화벽화시장,86.64
20250319,11,서울특별시,11500,강서구,송화벽화시장,89.49
20250320,11,서울특별시,11500,강서구,송화벽화시장,86.64
20250321,11,서울특별시,11500,강서구,송화벽화시장,87.04
20250322,11,서울특별시,11500,강서구,송화벽화시장,80.64
20250323,11,서울특별시,11500,강서구,송화벽화시장,74.24
20250324,11,서울특별시,11500,강서구,송화벽화시장,89.49
20250325,11,서울특별시,11500,강서구,송화벽화시장,89.49
20250326,11,서울특별시,11500,강서구,송화벽화시장,84.56
20250327,11,서울특별시,11500,강서구,송화벽화시장,89.49
20250328,11,서울특별시,11500,강서구,송화벽화시장,87.08
20250329,11,서울특별시,11500,강서구,송화벽화시장,80.64
20250330,11,서울특별시,11500,강서구,송화벽화시장,65.78
20250331,11,서울특별시,11500,강서구,송화벽화시장,84.76
20250401,11,서울특별시,11500,강서구,송화벽화시장,84.56
20250402,11,서울특별시,11500,강서구,송화벽화시장,85.25
20250403,11,서울특별시,11500,강서구,송화벽화시장,84.56
20250404,11,서울특별시,11500,강서구,송화벽화시장,86.64
20250405,11,서울특별시,11500,강서구,송화벽화시장,65.98
20250406,11,서울특별시,11500,강서구,송화벽화시장,74.9
20250407,11,서울특별시,11500,강서구,송화벽화시장,84.56
20250408,11,서울특별시,11500,강서구,송화벽화시장,85.25
20250409,11,서울특별시,11500,강서구,송화벽화시장,85.25
20250410,11,서울특별시,11500,강서구,송화벽화시장,84.56
20250411,11,서울특별시,11500,강서구,송화벽화시장,89.49
20250313,11,서울특별시,11500,강서구,스페이스K,69.93
20250314,11,서울특별시,11500,강서구,스페이스K,69.79
20250315,11,서울특별시,11500,강서구,스페이스K,88.64
20250316,11,서울특별시,11500,강서구,스페이스K,65.28
20250317,11,서울특별시,11500,강서구,스페이스K,64.4
20250318,11,서울특별시,11500,강서구,스페이스K,64.43
20250319,11,서울특별시,11500,강서구,스페이스K,67.77
20250320,11,서울특별시,11500,강서구,스페이스K,64.4
20250321,11,서울특별시,11500,강서구,스페이스K,69.93
20250322,11,서울특별시,11500,강서구,스페이스K,88.73
20250313,11,서울특별시,11530,구로구,가리봉시장,69.89
20250314,11,서울특별시,11530,구로구,가리봉시장,71.78
20250315,11,서울특별시,11530,구로구,가리봉시장,88.35
20250316,11,서울특별시,11530,구로구,가리봉시장,88.35
20250317,11,서울특별시,11530,구로구,가리봉시장,69.89
20250318,11,서울특별시,11530,구로구,가리봉시장,69.89
20250319,11,서울특별시,11530,구로구,가리봉시장,69.34
20250320,11,서울특별시,11530,구로구,가리봉시장,69.89
20250321,11,서울특별시,11530,구로구,가리봉시장,71.78
20250322,11,서울특별시,11530,구로구,가리봉시장,87.85
20250323,11,서울특별시,11530,구로구,가리봉시장,88.36
20250324,11,서울특별시,11530,구로구,가리봉시장,69.89
20250325,11,서울특별시,11530,구로구,가리봉시장,29.82
20250326,11,서울특별시,11530,구로구,가리봉시장,29.82
20250327,11,서울특별시,11530,구로구,가리봉시장,45.78
20250328,11,서울특별시,11530,구로구,가리봉시장,76.77
20250329,11,서울특별시,11530,구로구,가리봉시장,88.31
20250330,11,서울특별시,11530,구로구,가리봉시장,88.48
20250331,11,서울특별시,11530,구로구,가리봉시장,45.78
20250401,11,서울특별시,11530,구로구,가리봉시장,64.65
20250402,11,서울특별시,11530,구로구,가리봉시장,64.65
20250403,11,서울특별시,11530,구로구,가리봉시장,64.65
20250404,11,서울특별시,11530,구로구,가리봉시장,69.33
20250405,11,서울특별시,11530,구로구,가리봉시장,88.43
20250406,11,서울특별시,11530,구로구,가리봉시장,89.65
20250407,11,서울특별시,11530,구로구,가리봉시장,64.65
20250408,11,서울특별시,11530,구로구,가리봉시장,64.65
20250409,11,서울특별시,11530,구로구,가리봉시장,64.65
20250410,11,서울특별시,11530,구로구,가리봉시장,64.65
20250411,11,서울특별시,11530,구로구,가리봉시장,69.89
20250313,11,서울특별시,11530,구로구,개봉 유수지,44.86
20250314,11,서울특별시,11530,구로구,개봉 유수지,44.86
20250315,11,서울특별시,11530,구로구,개봉 유수지,43.08
20250316,11,서울특별시,11530,구로구,개봉 유수지,45.85
20250317,11,서울특별시,11530,구로구,개봉 유수지,45.32
20250318,11,서울특별시,11530,구로구,개봉 유수지,44.86
20250319,11,서울특별시,11530,구로구,개봉 유수지,44.86
20250320,11,서울특별시,11530,구로구,개봉 유수지,45.32
20250321,11,서울특별시,11530,구로구,개봉 유수지,44.86
20250322,11,서울특별시,11530,구로구,개봉 유수지,43.08
20250323,11,서울특별시,11530,구로구,개봉 유수지,45.85
20250324,11,서울특별시,11530,구로구,개봉 유수지,45.32
20250325,11,서울특별시,11530,구로구,개봉 유수지,45.34
20250326,11,서울특별시,11530,구로구,개봉 유수지,45.34
20250327,11,서울특별시,11530,구로구,개봉 유수지,45.34
20250328,11,서울특별시,11530,구로구,개봉 유수지,44.86
20250329,11,서울특별시,11530,구로구,개봉 유수지,43.08
20250330,11,서울특별시,11530,구로구,개봉 유수지,45.85
20250331,11,서울특별시,11530,구로구,개봉 유수지,45.34
20250401,11,서울특별시,11530,구로구,개봉 유수지,45.34
20250402,11,서울특별시,11530,구로구,개봉 유수지,45.34
20250403,11,서울특별시,11530,구로구,개봉 유수지,45.34
20250404,11,서울특별시,11530,구로구,개봉 유수지,44.86
20250405,11,서울특별시,11530,구로구,개봉 유수지,45.85
20250406,11,서울특별시,11530,구로구,개봉 유수지,45.58
20250407,11,서울특별시,11530,구로구,개봉 유수지,45.34
20250408,11,서울특별시,11530,구로구,개봉 유수지,45.34
20250409,11,서울특별시,11530,구로구,개봉 유수지,45.34
20250410,11,서울특별시,11530,구로구,개봉 유수지,45.34
20250411,11,서울특별시,11530,구로구,개봉 유수지,45.32
20250313,11,서울특별시,11530,구로구,개봉중앙시장,90.27
20250314,11,서울특별시,11530,구로구,개봉중앙시장,90.66
20250315,11,서울특별시,11530,구로구,개봉중앙시장,93.18
20250316,11,서울특별시,11530,구로구,개봉중앙시장,94.79
20250317,11,서울특별시,11530,구로구,개봉중앙시장,90.31
20250318,11,서울특별시,11530,구로구,개봉중앙시장,90.27
20250319,11,서울특별시,11530,구로구,개봉중앙시장,90.27
20250320,11,서울특별시,11530,구로구,개봉중앙시장,90.31
20250321,11,서울특별시,11530,구로구,개봉중앙시장,90.66
20250322,11,서울특별시,11530,구로구,개봉중앙시장,96.9
20250323,11,서울특별시,11530,구로구,개봉중앙시장,94.79
20250324,11,서울특별시,11530,구로구,개봉중앙시장,90.31
20250325,11,서울특별시,11530,구로구,개봉중앙시장,90.23
20250326,11,서울특별시,11530,구로구,개봉중앙시장,90.23
20250327,11,서울특별시,11530,구로구,개봉중앙시장,92.36
20250328,11,서울특별시,11530,구로구,개봉중앙시장,90.29
20250329,11,서울특별시,11530,구로구,개봉중앙시장,93.48
20250330,11,서울특별시,11530,구로구,개봉중앙시장,94.74
20250331,11,서울특별시,11530,구로구,개봉중앙시장,91.31
20250401,11,서울특별시,11530,구로구,개봉중앙시장,92.36
20250402,11,서울특별시,11530,구로구,개봉중앙시장,92.36
20250403,11,서울특별시,11530,구로구,개봉중앙시장,92.36
20250404,11,서울특별시,11530,구로구,개봉중앙시장,90.39
20250405,11,서울특별시,11530,구로구,개봉중앙시장,94.79
20250406,11,서울특별시,11530,구로구,개봉중앙시장,94.46
20250407,11,서울특별시,11530,구로구,개봉중앙시장,92.36
20250408,11,서울특별시,11530,구로구,개봉중앙시장,91.34
20250409,11,서울특별시,11530,구로구,개봉중앙시장,91.34
20250410,11,서울특별시,11530,구로구,개봉중앙시장,91.34
20250411,11,서울특별시,11530,구로구,개봉중앙시장,90.31
20250313,11,서울특별시,11530,구로구,거리공원,60.04
20250314,11,서울특별시,11530,구로구,거리공원,63.67
20250315,11,서울특별시,11530,구로구,거리공원,53.89
20250316,11,서울특별시,11530,구로구,거리공원,52.28
20250317,11,서울특별시,11530,구로구,거리공원,60.04
20250318,11,서울특별시,11530,구로구,거리공원,60.04
20250319,11,서울특별시,11530,구로구,거리공원,60.31
20250320,11,서울특별시,11530,구로구,거리공원,60.04
20250321,11,서울특별시,11530,구로구,거리공원,63.67
20250322,11,서울특별시,11530,구로구,거리공원,66.71
20250323,11,서울특별시,11530,구로구,거리공원,52.28
20250324,11,서울특별시,11530,구로구,거리공원,60.04
20250325,11,서울특별시,11530,구로구,거리공원,62.12
20250326,11,서울특별시,11530,구로구,거리공원,62.03
20250327,11,서울특별시,11530,구로구,거리공원,61.03
20250328,11,서울특별시,11530,구로구,거리공원,63.06
20250329,11,서울특별시,11530,구로구,거리공원,68.18
20250330,11,서울특별시,11530,구로구,거리공원,51.89
20250331,11,서울특별시,11530,구로구,거리공원,62.03
20250401,11,서울특별시,11530,구로구,거리공원,61.03
20250402,11,서울특별시,11530,구로구,거리공원,61.03
20250403,11,서울특별시,11530,구로구,거리공원,61.03
20250404,11,서울특별시,11530,구로구,거리공원,65.42
20250405,11,서울특별시,11530,구로구,거리공원,52.26
20250406,11,서울특별시,11530,구로구,거리공원,55.38
20250407,11,서울특별시,11530,구로구,거리공원,61.03
20250408,11,서울특별시,11530,구로구,거리공원,61.41
20250409,11,서울특별시,11530,구로구,거리공원,61.41
20250410,11,서울특별시,11530,구로구,거리공원,61.41
20250411,11,서울특별시,11530,구로구,거리공원,60.04
20250313,11,서울특별시,11530,구로구,고척근린공원,69.58
20250314,11,서울특별시,11530,구로구,고척근린공원,69.21
20250315,11,서울특별시,11530,구로구,고척근린공원,67.94
20250316,11,서울특별시,11530,구로구,고척근린공원,67.92
20250317,11,서울특별시,11530,구로구,고척근린공원,69.58
20250318,11,서울특별시,11530,구로구,고척근린공원,69.58
20250319,11,서울특별시,11530,구로구,고척근린공원,69.05
20250320,11,서울특별시,11530,구로구,고척근린공원,69.58
20250321,11,서울특별시,11530,구로구,고척근린공원,69.21
20250322,11,서울특별시,11530,구로구,고척근린공원,67.94
20250323,11,서울특별시,11530,구로구,고척근린공원,67.73
20250324,11,서울특별시,11530,구로구,고척근린공원,69.58
20250325,11,서울특별시,11530,구로구,고척근린공원,69.59
20250326,11,서울특별시,11530,구로구,고척근린공원,69.59
20250327,11,서울특별시,11530,구로구,고척근린공원,69.63
20250328,11,서울특별시,11530,구로구,고척근린공원,68.96
20250329,11,서울특별시,11530,구로구,고척근린공원,67.96
20250330,11,서울특별시,11530,구로구,고척근린공원,67.02
20250331,11,서울특별시,11530,구로구,고척근린공원,69.63
20250401,11,서울특별시,11530,구로구,고척근린공원,70.01
20250402,11,서울특별시,11530,구로구,고척근린공원,70.01
20250403,11,서울특별시,11530,구로구,고척근린공원,70.01
20250404,11,서울특별시,11530,구로구,고척근린공원,68.86
20250405,11,서울특별시,11530,구로구,고척근린공원,66.95
20250406,11,서울특별시,11530,구로구,고척근린공원,65.79
20250407,11,서울특별시,11530,구로구,고척근린공원,70.01
20250408,11,서울특별시,11530,구로구,고척근린공원,69.85
20250409,11,서울특별시,11530,구로구,고척근린공원,69.85
20250410,11,서울특별시,11530,구로구,고척근린공원,69.85
20250411,11,서울특별시,11530,구로구,고척근린공원,69.58
20250313,11,서울특별시,11530,구로구,고척근린시장,99.25
20250314,11,서울특별시,11530,구로구,고척근린시장,99.23
20250315,11,서울특별시,11530,구로구,고척근린시장,98.6
20250316,11,서울특별시,11530,구로구,고척근린시장,98.61
20250317,11,서울특별시,11530,구로구,고척근린시장,99.25
20250318,11,서울특별시,11530,구로구,고척근린시장,99.25
20250319,11,서울특별시,11530,구로구,고척근린시장,99.24
20250320,11,서울특별시,11530,구로구,고척근린시장,99.25
20250321,11,서울특별시,11530,구로구,고척근린시장,99.23
20250322,11,서울특별시,11530,구로구,고척근린시장,98.6
20250323,11,서울특별시,11530,구로구,고척근린시장,98.61
20250324,11,서울특별시,11530,구로구,고척근린시장,99.25
20250325,11,서울특별시,11530,구로구,고척근린시장,99.25
20250326,11,서울특별시,11530,구로구,고척근린시장,99.25
20250327,11,서울특별시,11530,구로구,고척근린시장,99.25
20250328,11,서울특별시,11530,구로구,고척근린시장,99.23
20250329,11,서울특별시,11530,구로구,고척근린시장,98.6
20250330,11,서울특별시,11530,구로구,고척근린시장,98.61
20250331,11,서울특별시,11530,구로구,고척근린시장,99.25
20250401,11,서울특별시,11530,구로구,고척근린시장,99.25
20250402,11,서울특별시,11530,구로구,고척근린시장,99.25
20250403,11,서울특별시,11530,구로구,고척근린시장,99.25
20250404,11,서울특별시,11530,구로구,고척근린시장,99.24
20250405,11,서울특별시,11530,구로구,고척근린시장,98.6
20250406,11,서울특별시,11530,구로구,고척근린시장,99.12
20250407,11,서울특별시,11530,구로구,고척근린시장,99.25
20250408,11,서울특별시,11530,구로구,고척근린시장,99.25
20250409,11,서울특별시,11530,구로구,고척근린시장,99.25
20250410,11,서울특별시,11530,구로구,고척근린시장,99.25
20250411,11,서울특별시,11530,구로구,고척근린시장,99.25
20250313,11,서울특별시,11530,구로구,고척동 고인돌,98.17
20250314,11,서울특별시,11530,구로구,고척동 고인돌,99.35
20250315,11,서울특별시,11530,구로구,고척동 고인돌,98.94
20250316,11,서울특별시,11530,구로구,고척동 고인돌,98.71
20250317,11,서울특별시,11530,구로구,고척동 고인돌,98.17
20250318,11,서울특별시,11530,구로구,고척동 고인돌,98.17
20250319,11,서울특별시,11530,구로구,고척동 고인돌,99.44
20250320,11,서울특별시,11530,구로구,고척동 고인돌,98.17
20250321,11,서울특별시,11530,구로구,고척동 고인돌,99.35
20250322,11,서울특별시,11530,구로구,고척동 고인돌,98.89
20250323,11,서울특별시,11530,구로구,고척동 고인돌,98.71
20250324,11,서울특별시,11530,구로구,고척동 고인돌,98.17
20250325,11,서울특별시,11530,구로구,고척동 고인돌,98.76
20250326,11,서울특별시,11530,구로구,고척동 고인돌,99.07
20250327,11,서울특별시,11530,구로구,고척동 고인돌,98.47
20250328,11,서울특별시,11530,구로구,고척동 고인돌,99.26
20250329,11,서울특별시,11530,구로구,고척동 고인돌,98.94
20250330,11,서울특별시,11530,구로구,고척동 고인돌,98.61
20250331,11,서울특별시,11530,구로구,고척동 고인돌,99.07
20250401,11,서울특별시,11530,구로구,고척동 고인돌,98.47
20250402,11,서울특별시,11530,구로구,고척동 고인돌,98.47
20250403,11,서울특별시,11530,구로구,고척동 고인돌,98.47
20250404,11,서울특별시,11530,구로구,고척동 고인돌,99.28
20250405,11,서울특별시,11530,구로구,고척동 고인돌,98.67
20250406,11,서울특별시,11530,구로구,고척동 고인돌,99.2
20250407,11,서울특별시,11530,구로구,고척동 고인돌,98.47
20250408,11,서울특별시,11530,구로구,고척동 고인돌,98.86
20250409,11,서울특별시,11530,구로구,고척동 고인돌,98.86
20250410,11,서울특별시,11530,구로구,고척동 고인돌,98.86
20250411,11,서울특별시,11530,구로구,고척동 고인돌,98.17
20250313,11,서울특별시,11530,구로구,구로기계공구단지,78.93
20250314,11,서울특별시,11530,구로구,구로기계공구단지,84.8
20250315,11,서울특별시,11530,구로구,구로기계공구단지,98.93
20250316,11,서울특별시,11530,구로구,구로기계공구단지,97.08
20250317,11,서울특별시,11530,구로구,구로기계공구단지,78.93
20250318,11,서울특별시,11530,구로구,구로기계공구단지,78.93
20250319,11,서울특별시,11530,구로구,구로기계공구단지,80.36
20250320,11,서울특별시,11530,구로구,구로기계공구단지,78.93
20250321,11,서울특별시,11530,구로구,구로기계공구단지,84.8
20250322,11,서울특별시,11530,구로구,구로기계공구단지,81.6
20250323,11,서울특별시,11530,구로구,구로기계공구단지,95.92
20250324,11,서울특별시,11530,구로구,구로기계공구단지,78.93
20250325,11,서울특별시,11530,구로구,구로기계공구단지,72.61
20250326,11,서울특별시,11530,구로구,구로기계공구단지,72.61
20250327,11,서울특별시,11530,구로구,구로기계공구단지,72.61
20250328,11,서울특별시,11530,구로구,구로기계공구단지,84.8
20250329,11,서울특별시,11530,구로구,구로기계공구단지,83.56
20250330,11,서울특별시,11530,구로구,구로기계공구단지,97.08
20250331,11,서울특별시,11530,구로구,구로기계공구단지,72.61
20250401,11,서울특별시,11530,구로구,구로기계공구단지,69.33
20250402,11,서울특별시,11530,구로구,구로기계공구단지,69.33
20250403,11,서울특별시,11530,구로구,구로기계공구단지,69.33
20250404,11,서울특별시,11530,구로구,구로기계공구단지,79.76
20250405,11,서울특별시,11530,구로구,구로기계공구단지,97.08
20250406,11,서울특별시,11530,구로구,구로기계공구단지,99.29
20250407,11,서울특별시,11530,구로구,구로기계공구단지,69.33
20250408,11,서울특별시,11530,구로구,구로기계공구단지,67.91
20250409,11,서울특별시,11530,구로구,구로기계공구단지,67.91
20250410,11,서울특별시,11530,구로구,구로기계공구단지,67.91
20250411,11,서울특별시,11530,구로구,구로기계공구단지,78.93
20250313,11,서울특별시,11530,구로구,구로리공원,82.99
20250314,11,서울특별시,11530,구로구,구로리공원,85.43
20250315,11,서울특별시,11530,구로구,구로리공원,84.23
20250316,11,서울특별시,11530,구로구,구로리공원,84.21
20250317,11,서울특별시,11530,구로구,구로리공원,82.99
20250318,11,서울특별시,11530,구로구,구로리공원,82.99
20250319,11,서울특별시,11530,구로구,구로리공원,82.99
20250320,11,서울특별시,11530,구로구,구로리공원,82.99
20250321,11,서울특별시,11530,구로구,구로리공원,85.43
20250322,11,서울특별시,11530,구로구,구로리공원,85.49
20250323,11,서울특별시,11530,구로구,구로리공원,84.21
20250324,11,서울특별시,11530,구로구,구로리공원,82.99
20250325,11,서울특별시,11530,구로구,구로리공원,82.99
20250326,11,서울특별시,11530,구로구,구로리공원,82.99
20250327,11,서울특별시,11530,구로구,구로리공원,82.99
20250328,11,서울특별시,11530,구로구,구로리공원,82.82
20250329,11,서울특별시,11530,구로구,구로리공원,84.23
20250330,11,서울특별시,11530,구로구,구로리공원,83.92
20250331,11,서울특별시,11530,구로구,구로리공원,82.99
20250401,11,서울특별시,11530,구로구,구로리공원,82.99
20250402,11,서울특별시,11530,구로구,구로리공원,82.99
20250403,11,서울특별시,11530,구로구,구로리공원,82.99
20250404,11,서울특별시,11530,구로구,구로리공원,82.99
20250405,11,서울특별시,11530,구로구,구로리공원,83.92
20250406,11,서울특별시,11530,구로구,구로리공원,83.92
20250407,11,서울특별시,11530,구로구,구로리공원,82.99
20250408,11,서울특별시,11530,구로구,구로리공원,82.99
20250409,11,서울특별시,11530,구로구,구로리공원,82.99
20250410,11,서울특별시,11530,구로구,구로리공원,82.99
20250411,11,서울특별시,11530,구로구,구로리공원,82.99
20250313,11,서울특별시,11530,구로구,국제음식문화거리(INTERNATIONAL FOOD STREET),42.86
20250314,11,서울특별시,11530,구로구,국제음식문화거리(INTERNATIONAL FOOD STREET),42.78
20250315,11,서울특별시,11530,구로구,국제음식문화거리(INTERNATIONAL FOOD STREET),58.15
20250316,11,서울특별시,11530,구로구,국제음식문화거리(INTERNATIONAL FOOD STREET),58.15
20250317,11,서울특별시,11530,구로구,국제음식문화거리(INTERNATIONAL FOOD STREET),42.86
20250318,11,서울특별시,11530,구로구,국제음식문화거리(INTERNATIONAL FOOD STREET),42.86
20250319,11,서울특별시,11530,구로구,국제음식문화거리(INTERNATIONAL FOOD STREET),42.86
20250320,11,서울특별시,11530,구로구,국제음식문화거리(INTERNATIONAL FOOD STREET),42.86
20250321,11,서울특별시,11530,구로구,국제음식문화거리(INTERNATIONAL FOOD STREET),42.78
20250322,11,서울특별시,11530,구로구,국제음식문화거리(INTERNATIONAL FOOD STREET),58.15
20250323,11,서울특별시,11530,구로구,국제음식문화거리(INTERNATIONAL FOOD STREET),58.15
20250324,11,서울특별시,11530,구로구,국제음식문화거리(INTERNATIONAL FOOD STREET),42.86
20250325,11,서울특별시,11530,구로구,국제음식문화거리(INTERNATIONAL FOOD STREET),42.86
20250326,11,서울특별시,11530,구로구,국제음식문화거리(INTERNATIONAL FOOD STREET),42.85
20250327,11,서울특별시,11530,구로구,국제음식문화거리(INTERNATIONAL FOOD STREET),42.83
20250328,11,서울특별시,11530,구로구,국제음식문화거리(INTERNATIONAL FOOD STREET),42.78
20250329,11,서울특별시,11530,구로구,국제음식문화거리(INTERNATIONAL FOOD STREET),58.15
20250330,11,서울특별시,11530,구로구,국제음식문화거리(INTERNATIONAL FOOD STREET),58.15
20250331,11,서울특별시,11530,구로구,국제음식문화거리(INTERNATIONAL FOOD STREET),42.85
20250401,11,서울특별시,11530,구로구,국제음식문화거리(INTERNATIONAL FOOD STREET),42.83
20250402,11,서울특별시,11530,구로구,국제음식문화거리(INTERNATIONAL FOOD STREET),42.83
20250403,11,서울특별시,11530,구로구,국제음식문화거리(INTERNATIONAL FOOD STREET),42.83
20250404,11,서울특별시,11530,구로구,국제음식문화거리(INTERNATIONAL FOOD STREET),42.8
20250405,11,서울특별시,11530,구로구,국제음식문화거리(INTERNATIONAL FOOD STREET),58.15
20250406,11,서울특별시,11530,구로구,국제음식문화거리(INTERNATIONAL FOOD STREET),39.76
20250407,11,서울특별시,11530,구로구,국제음식문화거리(INTERNATIONAL FOOD STREET),42.83
20250408,11,서울특별시,11530,구로구,국제음식문화거리(INTERNATIONAL FOOD STREET),42.83
20250409,11,서울특별시,11530,구로구,국제음식문화거리(INTERNATIONAL FOOD STREET),42.83
20250410,11,서울특별시,11530,구로구,국제음식문화거리(INTERNATIONAL FOOD STREET),42.83
20250411,11,서울특별시,11530,구로구,국제음식문화거리(INTERNATIONAL FOOD STREET),42.86
20250313,11,서울특별시,11530,구로구,궁동저수지 생태공원,95.38
20250314,11,서울특별시,11530,구로구,궁동저수지 생태공원,89.12
20250315,11,서울특별시,11530,구로구,궁동저수지 생태공원,70.19
20250316,11,서울특별시,11530,구로구,궁동저수지 생태공원,69.87
20250317,11,서울특별시,11530,구로구,궁동저수지 생태공원,95.38
20250318,11,서울특별시,11530,구로구,궁동저수지 생태공원,95.38
20250319,11,서울특별시,11530,구로구,궁동저수지 생태공원,95.31
20250320,11,서울특별시,11530,구로구,궁동저수지 생태공원,95.38
20250321,11,서울특별시,11530,구로구,궁동저수지 생태공원,89.12
20250322,11,서울특별시,11530,구로구,궁동저수지 생태공원,62.31
20250323,11,서울특별시,11530,구로구,궁동저수지 생태공원,70.17
20250324,11,서울특별시,11530,구로구,궁동저수지 생태공원,95.38
20250325,11,서울특별시,11530,구로구,궁동저수지 생태공원,99.39
20250326,11,서울특별시,11530,구로구,궁동저수지 생태공원,99.39
20250327,11,서울특별시,11530,구로구,궁동저수지 생태공원,93.61
20250328,11,서울특별시,11530,구로구,궁동저수지 생태공원,89.17
20250329,11,서울특별시,11530,구로구,궁동저수지 생태공원,65.96
20250330,11,서울특별시,11530,구로구,궁동저수지 생태공원,76.01
20250331,11,서울특별시,11530,구로구,궁동저수지 생태공원,93.61
20250401,11,서울특별시,11530,구로구,궁동저수지 생태공원,96.06
20250402,11,서울특별시,11530,구로구,궁동저수지 생태공원,96.06
20250403,11,서울특별시,11530,구로구,궁동저수지 생태공원,96.06
20250404,11,서울특별시,11530,구로구,궁동저수지 생태공원,94.21
20250405,11,서울특별시,11530,구로구,궁동저수지 생태공원,66.39
20250406,11,서울특별시,11530,구로구,궁동저수지 생태공원,92.63
20250407,11,서울특별시,11530,구로구,궁동저수지 생태공원,96.06
20250408,11,서울특별시,11530,구로구,궁동저수지 생태공원,97.7
20250409,11,서울특별시,11530,구로구,궁동저수지 생태공원,97.7
20250410,11,서울특별시,11530,구로구,궁동저수지 생태공원,97.7
20250411,11,서울특별시,11530,구로구,궁동저수지 생태공원,95.38
20250313,11,서울특별시,11530,구로구,남구로시장,99.8
20250314,11,서울특별시,11530,구로구,남구로시장,99.78
20250315,11,서울특별시,11530,구로구,남구로시장,99.73
20250316,11,서울특별시,11530,구로구,남구로시장,99.77
20250317,11,서울특별시,11530,구로구,남구로시장,99.8
20250318,11,서울특별시,11530,구로구,남구로시장,99.8
20250319,11,서울특별시,11530,구로구,남구로시장,99.76
20250320,11,서울특별시,11530,구로구,남구로시장,99.8
20250321,11,서울특별시,11530,구로구,남구로시장,99.78
20250322,11,서울특별시,11530,구로구,남구로시장,99.9
20250323,11,서울특별시,11530,구로구,남구로시장,99.77
20250324,11,서울특별시,11530,구로구,남구로시장,99.8
20250325,11,서울특별시,11530,구로구,남구로시장,99.72
20250326,11,서울특별시,11530,구로구,남구로시장,99.72
20250327,11,서울특별시,11530,구로구,남구로시장,99.72
20250328,11,서울특별시,11530,구로구,남구로시장,99.74
20250329,11,서울특별시,11530,구로구,남구로시장,99.73
20250330,11,서울특별시,11530,구로구,남구로시장,99.77
20250331,11,서울특별시,11530,구로구,남구로시장,99.72
20250401,11,서울특별시,11530,구로구,남구로시장,99.79
20250402,11,서울특별시,11530,구로구,남구로시장,99.79
20250403,11,서울특별시,11530,구로구,남구로시장,99.79
20250404,11,서울특별시,11530,구로구,남구로시장,99.74
20250405,11,서울특별시,11530,구로구,남구로시장,99.77
20250406,11,서울특별시,11530,구로구,남구로시장,99.79
20250407,11,서울특별시,11530,구로구,남구로시장,99.79
20250408,11,서울특별시,11530,구로구,남구로시장,99.79
20250409,11,서울특별시,11530,구로구,남구로시장,99.79
20250410,11,서울특별시,11530,구로구,남구로시장,99.79
20250411,11,서울특별시,11530,구로구,남구로시장,99.8
20250313,11,서울특별시,11530,구로구,류순정·류홍 부자 묘역,86.23
20250314,11,서울특별시,11530,구로구,류순정·류홍 부자 묘역,86.24
20250315,11,서울특별시,11530,구로구,류순정·류홍 부자 묘역,86.51
20250316,11,서울특별시,11530,구로구,류순정·류홍 부자 묘역,86.51
20250317,11,서울특별시,11530,구로구,류순정·류홍 부자 묘역,86.23
20250318,11,서울특별시,11530,구로구,류순정·류홍 부자 묘역,86.23
20250319,11,서울특별시,11530,구로구,류순정·류홍 부자 묘역,86.23
20250320,11,서울특별시,11530,구로구,류순정·류홍 부자 묘역,86.23
20250321,11,서울특별시,11530,구로구,류순정·류홍 부자 묘역,86.24
20250322,11,서울특별시,11530,구로구,류순정·류홍 부자 묘역,86.51
20250323,11,서울특별시,11530,구로구,류순정·류홍 부자 묘역,86.51
20250324,11,서울특별시,11530,구로구,류순정·류홍 부자 묘역,86.23
20250325,11,서울특별시,11530,구로구,류순정·류홍 부자 묘역,86.23
20250326,11,서울특별시,11530,구로구,류순정·류홍 부자 묘역,86.23
20250327,11,서울특별시,11530,구로구,류순정·류홍 부자 묘역,86.23
20250328,11,서울특별시,11530,구로구,류순정·류홍 부자 묘역,86.24
20250329,11,서울특별시,11530,구로구,류순정·류홍 부자 묘역,86.51
20250330,11,서울특별시,11530,구로구,류순정·류홍 부자 묘역,86.57
20250331,11,서울특별시,11530,구로구,류순정·류홍 부자 묘역,86.23
20250401,11,서울특별시,11530,구로구,류순정·류홍 부자 묘역,86.23
20250402,11,서울특별시,11530,구로구,류순정·류홍 부자 묘역,86.23
20250403,11,서울특별시,11530,구로구,류순정·류홍 부자 묘역,86.23
20250404,11,서울특별시,11530,구로구,류순정·류홍 부자 묘역,86.23
20250405,11,서울특별시,11530,구로구,류순정·류홍 부자 묘역,86.51
20250406,11,서울특별시,11530,구로구,류순정·류홍 부자 묘역,86.31
20250407,11,서울특별시,11530,구로구,류순정·류홍 부자 묘역,86.23
20250408,11,서울특별시,11530,구로구,류순정·류홍 부자 묘역,86.23
20250409,11,서울특별시,11530,구로구,류순정·류홍 부자 묘역,86.23
20250410,11,서울특별시,11530,구로구,류순정·류홍 부자 묘역,86.23
20250411,11,서울특별시,11530,구로구,류순정·류홍 부자 묘역,86.23
20250313,11,서울특별시,11530,구로구,삼각어린이공원,51.03
20250314,11,서울특별시,11530,구로구,삼각어린이공원,42.27
20250315,11,서울특별시,11530,구로구,삼각어린이공원,95.96
20250316,11,서울특별시,11530,구로구,삼각어린이공원,49.4
20250317,11,서울특별시,11530,구로구,삼각어린이공원,51.03
20250318,11,서울특별시,11530,구로구,삼각어린이공원,51.03
20250319,11,서울특별시,11530,구로구,삼각어린이공원,51.03
20250320,11,서울특별시,11530,구로구,삼각어린이공원,51.03
20250321,11,서울특별시,11530,구로구,삼각어린이공원,42.27
20250322,11,서울특별시,11530,구로구,삼각어린이공원,81.26
20250313,11,서울특별시,11545,금천구,금빛공원,65.01
20250314,11,서울특별시,11545,금천구,금빛공원,53.81
20250315,11,서울특별시,11545,금천구,금빛공원,47.42
20250316,11,서울특별시,11545,금천구,금빛공원,63.74
20250317,11,서울특별시,11545,금천구,금빛공원,52.34
20250318,11,서울특별시,11545,금천구,금빛공원,39.01
20250319,11,서울특별시,11545,금천구,금빛공원,50.94
20250320,11,서울특별시,11545,금천구,금빛공원,55.73
20250321,11,서울특별시,11545,금천구,금빛공원,50.94
20250322,11,서울특별시,11545,금천구,금빛공원,24.17
20250323,11,서울특별시,11545,금천구,금빛공원,23.69
20250324,11,서울특별시,11545,금천구,금빛공원,51.86
20250325,11,서울특별시,11545,금천구,금빛공원,51.88
20250326,11,서울특별시,11545,금천구,금빛공원,54.41
20250327,11,서울특별시,11545,금천구,금빛공원,57
20250328,11,서울특별시,11545,금천구,금빛공원,39.01
20250329,11,서울특별시,11545,금천구,금빛공원,23.59
20250330,11,서울특별시,11545,금천구,금빛공원,23.59
20250331,11,서울특별시,11545,금천구,금빛공원,55.18
20250401,11,서울특별시,11545,금천구,금빛공원,51.07
20250402,11,서울특별시,11545,금천구,금빛공원,50.94
20250403,11,서울특별시,11545,금천구,금빛공원,52.34
20250404,11,서울특별시,11545,금천구,금빛공원,55.18
20250405,11,서울특별시,11545,금천구,금빛공원,25.82
20250406,11,서울특별시,11545,금천구,금빛공원,25.82
20250407,11,서울특별시,11545,금천구,금빛공원,53.12
20250408,11,서울특별시,11545,금천구,금빛공원,56.25
20250409,11,서울특별시,11545,금천구,금빛공원,39.01
20250410,11,서울특별시,11545,금천구,금빛공원,51.35
20250411,11,서울특별시,11545,금천구,금빛공원,46.06
20250313,11,서울특별시,11545,금천구,금천 체육공원,99.67
20250314,11,서울특별시,11545,금천구,금천 체육공원,99.67
20250315,11,서울특별시,11545,금천구,금천 체육공원,99.67
20250316,11,서울특별시,11545,금천구,금천 체육공원,99.54
20250317,11,서울특별시,11545,금천구,금천 체육공원,99.67
20250318,11,서울특별시,11545,금천구,금천 체육공원,99.67
20250319,11,서울특별시,11545,금천구,금천 체육공원,99.67
20250320,11,서울특별시,11545,금천구,금천 체육공원,99.67
20250321,11,서울특별시,11545,금천구,금천 체육공원,99.67
20250322,11,서울특별시,11545,금천구,금천 체육공원,99.54
20250323,11,서울특별시,11545,금천구,금천 체육공원,99.54
20250324,11,서울특별시,11545,금천구,금천 체육공원,99.67
20250325,11,서울특별시,11545,금천구,금천 체육공원,99.67
20250326,11,서울특별시,11545,금천구,금천 체육공원,99.67
20250327,11,서울특별시,11545,금천구,금천 체육공원,99.67
20250328,11,서울특별시,11545,금천구,금천 체육공원,99.67
20250329,11,서울특별시,11545,금천구,금천 체육공원,99.54
20250330,11,서울특별시,11545,금천구,금천 체육공원,99.54
20250331,11,서울특별시,11545,금천구,금천 체육공원,99.67
20250401,11,서울특별시,11545,금천구,금천 체육공원,99.67
20250402,11,서울특별시,11545,금천구,금천 체육공원,99.67
20250403,11,서울특별시,11545,금천구,금천 체육공원,99.67
20250404,11,서울특별시,11545,금천구,금천 체육공원,99.67
20250405,11,서울특별시,11545,금천구,금천 체육공원,99.54
20250406,11,서울특별시,11545,금천구,금천 체육공원,99.54
20250407,11,서울특별시,11545,금천구,금천 체육공원,99.67
20250408,11,서울특별시,11545,금천구,금천 체육공원,99.67
20250409,11,서울특별시,11545,금천구,금천 체육공원,99.67
20250410,11,서울특별시,11545,금천구,금천 체육공원,99.67
20250411,11,서울특별시,11545,금천구,금천 체육공원,99.67
20250313,11,서울특별시,11545,금천구,금천 폭포공원,100
20250314,11,서울특별시,11545,금천구,금천 폭포공원,65.29
20250315,11,서울특별시,11545,금천구,금천 폭포공원,71.23
20250316,11,서울특별시,11545,금천구,금천 폭포공원,87.06
20250317,11,서울특별시,11545,금천구,금천 폭포공원,65.29
20250318,11,서울특별시,11545,금천구,금천 폭포공원,62.05
20250319,11,서울특별시,11545,금천구,금천 폭포공원,65.12
20250320,11,서울특별시,11545,금천구,금천 폭포공원,100
20250321,11,서울특별시,11545,금천구,금천 폭포공원,65.12
20250322,11,서울특별시,11545,금천구,금천 폭포공원,53.66
20250323,11,서울특별시,11545,금천구,금천 폭포공원,53.56
20250324,11,서울특별시,11545,금천구,금천 폭포공원,62.05
20250325,11,서울특별시,11545,금천구,금천 폭포공원,62.05
20250326,11,서울특별시,11545,금천구,금천 폭포공원,65.31
20250327,11,서울특별시,11545,금천구,금천 폭포공원,100
20250328,11,서울특별시,11545,금천구,금천 폭포공원,62.05
20250329,11,서울특별시,11545,금천구,금천 폭포공원,58.33
20250330,11,서울특별시,11545,금천구,금천 폭포공원,58.33
20250331,11,서울특별시,11545,금천구,금천 폭포공원,100
20250401,11,서울특별시,11545,금천구,금천 폭포공원,100
20250402,11,서울특별시,11545,금천구,금천 폭포공원,65.12
20250403,11,서울특별시,11545,금천구,금천 폭포공원,65.29
20250404,11,서울특별시,11545,금천구,금천 폭포공원,100
20250405,11,서울특별시,11545,금천구,금천 폭포공원,48.02
20250406,11,서울특별시,11545,금천구,금천 폭포공원,48.02
20250407,11,서울특별시,11545,금천구,금천 폭포공원,100
20250408,11,서울특별시,11545,금천구,금천 폭포공원,100
20250409,11,서울특별시,11545,금천구,금천 폭포공원,62.05
20250410,11,서울특별시,11545,금천구,금천 폭포공원,65.39
20250411,11,서울특별시,11545,금천구,금천 폭포공원,100
20250313,11,서울특별시,11545,금천구,금천예술공장,93.79
20250314,11,서울특별시,11545,금천구,금천예술공장,90.13
20250315,11,서울특별시,11545,금천구,금천예술공장,93.94
20250316,11,서울특별시,11545,금천구,금천예술공장,62.9
20250317,11,서울특별시,11545,금천구,금천예술공장,90.13
20250318,11,서울특별시,11545,금천구,금천예술공장,90.13
20250319,11,서울특별시,11545,금천구,금천예술공장,90.13
20250320,11,서울특별시,11545,금천구,금천예술공장,93.79
20250321,11,서울특별시,11545,금천구,금천예술공장,90.13
20250322,11,서울특별시,11545,금천구,금천예술공장,62.47
20250323,11,서울특별시,11545,금천구,금천예술공장,62.47
20250324,11,서울특별시,11545,금천구,금천예술공장,90.13
20250325,11,서울특별시,11545,금천구,금천예술공장,90.13
20250326,11,서울특별시,11545,금천구,금천예술공장,90.13
20250327,11,서울특별시,11545,금천구,금천예술공장,93.79
20250328,11,서울특별시,11545,금천구,금천예술공장,90.13
20250329,11,서울특별시,11545,금천구,금천예술공장,62.47
20250330,11,서울특별시,11545,금천구,금천예술공장,62.47
20250331,11,서울특별시,11545,금천구,금천예술공장,90.13
20250401,11,서울특별시,11545,금천구,금천예술공장,90.13
20250402,11,서울특별시,11545,금천구,금천예술공장,90.13
20250403,11,서울특별시,11545,금천구,금천예술공장,90.13
20250404,11,서울특별시,11545,금천구,금천예술공장,90.13
20250405,11,서울특별시,11545,금천구,금천예술공장,62.82
20250406,11,서울특별시,11545,금천구,금천예술공장,62.82
20250407,11,서울특별시,11545,금천구,금천예술공장,90.13
20250408,11,서울특별시,11545,금천구,금천예술공장,90.13
20250409,11,서울특별시,11545,금천구,금천예술공장,90.13
20250410,11,서울특별시,11545,금천구,금천예술공장,90.13
20250411,11,서울특별시,11545,금천구,금천예술공장,90.03
20250313,11,서울특별시,11545,금천구,독산 근린공원,97.77
20250314,11,서울특별시,11545,금천구,독산 근린공원,97.56
20250315,11,서울특별시,11545,금천구,독산 근린공원,98.65
20250316,11,서울특별시,11545,금천구,독산 근린공원,98.83
20250317,11,서울특별시,11545,금천구,독산 근린공원,97.56
20250318,11,서울특별시,11545,금천구,독산 근린공원,97.61
20250319,11,서울특별시,11545,금천구,독산 근린공원,97.51
20250320,11,서울특별시,11545,금천구,독산 근린공원,97.49
20250321,11,서울특별시,11545,금천구,독산 근린공원,97.51
20250322,11,서울특별시,11545,금천구,독산 근린공원,98.91
20250323,11,서울특별시,11545,금천구,독산 근린공원,98.79
20250324,11,서울특별시,11545,금천구,독산 근린공원,97.53
20250325,11,서울특별시,11545,금천구,독산 근린공원,97.52
20250326,11,서울특별시,11545,금천구,독산 근린공원,97.51
20250327,11,서울특별시,11545,금천구,독산 근린공원,97.49
20250328,11,서울특별시,11545,금천구,독산 근린공원,97.61
20250329,11,서울특별시,11545,금천구,독산 근린공원,98.73
20250330,11,서울특별시,11545,금천구,독산 근린공원,98.73
20250331,11,서울특별시,11545,금천구,독산 근린공원,96.07
20250401,11,서울특별시,11545,금천구,독산 근린공원,97.31
20250402,11,서울특별시,11545,금천구,독산 근린공원,97.51
20250403,11,서울특별시,11545,금천구,독산 근린공원,97.56
20250404,11,서울특별시,11545,금천구,독산 근린공원,96.07
20250405,11,서울특별시,11545,금천구,독산 근린공원,98.61
20250406,11,서울특별시,11545,금천구,독산 근린공원,98.61
20250407,11,서울특별시,11545,금천구,독산 근린공원,96.82
20250408,11,서울특별시,11545,금천구,독산 근린공원,96.21
20250409,11,서울특별시,11545,금천구,독산 근린공원,97.61
20250410,11,서울특별시,11545,금천구,독산 근린공원,97.5
20250411,11,서울특별시,11545,금천구,독산 근린공원,97.57
20250313,11,서울특별시,11545,금천구,독산동우시장,85.15
20250314,11,서울특별시,11545,금천구,독산동우시장,82.52
20250315,11,서울특별시,11545,금천구,독산동우시장,73.54
20250316,11,서울특별시,11545,금천구,독산동우시장,66.56
20250317,11,서울특별시,11545,금천구,독산동우시장,82.52
20250318,11,서울특별시,11545,금천구,독산동우시장,87.14
20250319,11,서울특별시,11545,금천구,독산동우시장,82.99
20250320,11,서울특별시,11545,금천구,독산동우시장,86.68
20250321,11,서울특별시,11545,금천구,독산동우시장,82.99
20250322,11,서울특별시,11545,금천구,독산동우시장,60.91
20250323,11,서울특별시,11545,금천구,독산동우시장,98.79
20250324,11,서울특별시,11545,금천구,독산동우시장,84.26
20250325,11,서울특별시,11545,금천구,독산동우시장,84.25
20250326,11,서울특별시,11545,금천구,독산동우시장,80.58
20250327,11,서울특별시,11545,금천구,독산동우시장,86.68
20250328,11,서울특별시,11545,금천구,독산동우시장,87.14
20250329,11,서울특별시,11545,금천구,독산동우시장,98.71
20250330,11,서울특별시,11545,금천구,독산동우시장,98.71
20250331,11,서울특별시,11545,금천구,독산동우시장,82.72
20250401,11,서울특별시,11545,금천구,독산동우시장,82.53
20250402,11,서울특별시,11545,금천구,독산동우시장,81
20250403,11,서울특별시,11545,금천구,독산동우시장,82.52
20250404,11,서울특별시,11545,금천구,독산동우시장,82.72
20250405,11,서울특별시,11545,금천구,독산동우시장,98.58
20250406,11,서울특별시,11545,금천구,독산동우시장,98.58
20250407,11,서울특별시,11545,금천구,독산동우시장,92.16
20250408,11,서울특별시,11545,금천구,독산동우시장,77.8
20250409,11,서울특별시,11545,금천구,독산동우시장,87.14
20250410,11,서울특별시,11545,금천구,독산동우시장,86.51
20250411,11,서울특별시,11545,금천구,독산동우시장,90.88
20250313,11,서울특별시,11545,금천구,별빛 남문시장,99.28
20250314,11,서울특별시,11545,금천구,별빛 남문시장,99.18
20250315,11,서울특별시,11545,금천구,별빛 남문시장,99.03
20250316,11,서울특별시,11545,금천구,별빛 남문시장,99.38
20250317,11,서울특별시,11545,금천구,별빛 남문시장,99.18
20250318,11,서울특별시,11545,금천구,별빛 남문시장,99.48
20250319,11,서울특별시,11545,금천구,별빛 남문시장,99.53
20250320,11,서울특별시,11545,금천구,별빛 남문시장,99.23
20250321,11,서울특별시,11545,금천구,별빛 남문시장,99.53
20250322,11,서울특별시,11545,금천구,별빛 남문시장,99.47
20250323,11,서울특별시,11545,금천구,별빛 남문시장,99.45
20250324,11,서울특별시,11545,금천구,별빛 남문시장,99.49
20250325,11,서울특별시,11545,금천구,별빛 남문시장,99.42
20250326,11,서울특별시,11545,금천구,별빛 남문시장,99.42
20250327,11,서울특별시,11545,금천구,별빛 남문시장,99.23
20250328,11,서울특별시,11545,금천구,별빛 남문시장,99.48
20250329,11,서울특별시,11545,금천구,별빛 남문시장,99.5
20250330,11,서울특별시,11545,금천구,별빛 남문시장,99.5
20250331,11,서울특별시,11545,금천구,별빛 남문시장,99.04
20250401,11,서울특별시,11545,금천구,별빛 남문시장,99.26
20250402,11,서울특별시,11545,금천구,별빛 남문시장,99.53
20250403,11,서울특별시,11545,금천구,별빛 남문시장,99.18
20250404,11,서울특별시,11545,금천구,별빛 남문시장,99.04
20250405,11,서울특별시,11545,금천구,별빛 남문시장,99.51
20250406,11,서울특별시,11545,금천구,별빛 남문시장,99.51
20250407,11,서울특별시,11545,금천구,별빛 남문시장,99.18
20250408,11,서울특별시,11545,금천구,별빛 남문시장,99.3
20250409,11,서울특별시,11545,금천구,별빛 남문시장,99.48
20250410,11,서울특별시,11545,금천구,별빛 남문시장,99.4
20250411,11,서울특별시,11545,금천구,별빛 남문시장,99.04
20250313,11,서울특별시,11545,금천구,비단길 현대시장,95.09
20250314,11,서울특별시,11545,금천구,비단길 현대시장,95.08
20250315,11,서울특별시,11545,금천구,비단길 현대시장,95.22
20250316,11,서울특별시,11545,금천구,비단길 현대시장,98.59
20250317,11,서울특별시,11545,금천구,비단길 현대시장,95.08
20250318,11,서울특별시,11545,금천구,비단길 현대시장,95.1
20250319,11,서울특별시,11545,금천구,비단길 현대시장,95.09
20250320,11,서울특별시,11545,금천구,비단길 현대시장,95.08
20250321,11,서울특별시,11545,금천구,비단길 현대시장,95.09
20250322,11,서울특별시,11545,금천구,비단길 현대시장,98.59
20250323,11,서울특별시,11545,금천구,비단길 현대시장,98.61
20250324,11,서울특별시,11545,금천구,비단길 현대시장,95.1
20250325,11,서울특별시,11545,금천구,비단길 현대시장,95.04
20250326,11,서울특별시,11545,금천구,비단길 현대시장,95.08
20250327,11,서울특별시,11545,금천구,비단길 현대시장,95.08
20250328,11,서울특별시,11545,금천구,비단길 현대시장,95.1
20250329,11,서울특별시,11545,금천구,비단길 현대시장,98.61
20250330,11,서울특별시,11545,금천구,비단길 현대시장,98.61
20250331,11,서울특별시,11545,금천구,비단길 현대시장,95.05
20250401,11,서울특별시,11545,금천구,비단길 현대시장,95.06
20250402,11,서울특별시,11545,금천구,비단길 현대시장,95.09
20250403,11,서울특별시,11545,금천구,비단길 현대시장,95.08
20250404,11,서울특별시,11545,금천구,비단길 현대시장,95.05
20250405,11,서울특별시,11545,금천구,비단길 현대시장,98.6
20250406,11,서울특별시,11545,금천구,비단길 현대시장,98.6
20250407,11,서울특별시,11545,금천구,비단길 현대시장,95.14
20250408,11,서울특별시,11545,금천구,비단길 현대시장,95.14
20250409,11,서울특별시,11545,금천구,비단길 현대시장,95.1
20250410,11,서울특별시,11545,금천구,비단길 현대시장,95.09
20250411,11,서울특별시,11545,금천구,비단길 현대시장,95.12
20250313,11,서울특별시,11545,금천구,산기슭 공원,99.8
20250314,11,서울특별시,11545,금천구,산기슭 공원,99.81
20250315,11,서울특별시,11545,금천구,산기슭 공원,99.81
20250316,11,서울특별시,11545,금천구,산기슭 공원,99.81
20250317,11,서울특별시,11545,금천구,산기슭 공원,99.81
20250318,11,서울특별시,11545,금천구,산기슭 공원,99.82
20250319,11,서울특별시,11545,금천구,산기슭 공원,99.81
20250320,11,서울특별시,11545,금천구,산기슭 공원,99.8
20250321,11,서울특별시,11545,금천구,산기슭 공원,99.81
20250322,11,서울특별시,11545,금천구,산기슭 공원,99.8
20250323,11,서울특별시,11545,금천구,산기슭 공원,99.8
20250324,11,서울특별시,11545,금천구,산기슭 공원,99.82
20250325,11,서울특별시,11545,금천구,산기슭 공원,99.82
20250326,11,서울특별시,11545,금천구,산기슭 공원,99.81
20250327,11,서울특별시,11545,금천구,산기슭 공원,99.8
20250328,11,서울특별시,11545,금천구,산기슭 공원,99.82
20250329,11,서울특별시,11545,금천구,산기슭 공원,99.8
20250330,11,서울특별시,11545,금천구,산기슭 공원,99.8
20250331,11,서울특별시,11545,금천구,산기슭 공원,99.82
20250401,11,서울특별시,11545,금천구,산기슭 공원,99.81
20250402,11,서울특별시,11545,금천구,산기슭 공원,99.81
20250403,11,서울특별시,11545,금천구,산기슭 공원,99.81
20250404,11,서울특별시,11545,금천구,산기슭 공원,99.82
20250405,11,서울특별시,11545,금천구,산기슭 공원,99.8
20250406,11,서울특별시,11545,금천구,산기슭 공원,99.8
20250407,11,서울특별시,11545,금천구,산기슭 공원,99.81
20250408,11,서울특별시,11545,금천구,산기슭 공원,99.82
20250409,11,서울특별시,11545,금천구,산기슭 공원,99.82
20250410,11,서울특별시,11545,금천구,산기슭 공원,99.81
20250411,11,서울특별시,11545,금천구,산기슭 공원,99.81
20250313,11,서울특별시,11545,금천구,쌈지 어린이공원,99.11
20250314,11,서울특별시,11545,금천구,쌈지 어린이공원,99.11
20250315,11,서울특별시,11545,금천구,쌈지 어린이공원,99.11
20250316,11,서울특별시,11545,금천구,쌈지 어린이공원,99.11
20250317,11,서울특별시,11545,금천구,쌈지 어린이공원,99.11
20250318,11,서울특별시,11545,금천구,쌈지 어린이공원,99.11
20250319,11,서울특별시,11545,금천구,쌈지 어린이공원,99.11
20250320,11,서울특별시,11545,금천구,쌈지 어린이공원,99.11
20250321,11,서울특별시,11545,금천구,쌈지 어린이공원,99.11
20250322,11,서울특별시,11545,금천구,쌈지 어린이공원,99.11
20250323,11,서울특별시,11545,금천구,쌈지 어린이공원,99.11
20250324,11,서울특별시,11545,금천구,쌈지 어린이공원,99.11
20250325,11,서울특별시,11545,금천구,쌈지 어린이공원,99.11
20250326,11,서울특별시,11545,금천구,쌈지 어린이공원,99.11
20250327,11,서울특별시,11545,금천구,쌈지 어린이공원,99.11
20250328,11,서울특별시,11545,금천구,쌈지 어린이공원,99.11
20250329,11,서울특별시,11545,금천구,쌈지 어린이공원,99.11
20250330,11,서울특별시,11545,금천구,쌈지 어린이공원,99.11
20250331,11,서울특별시,11545,금천구,쌈지 어린이공원,99.11
20250401,11,서울특별시,11545,금천구,쌈지 어린이공원,99.11
20250402,11,서울특별시,11545,금천구,쌈지 어린이공원,99.11
20250403,11,서울특별시,11545,금천구,쌈지 어린이공원,99.11
20250404,11,서울특별시,11545,금천구,쌈지 어린이공원,99.11
20250405,11,서울특별시,11545,금천구,쌈지 어린이공원,99.11
20250406,11,서울특별시,11545,금천구,쌈지 어린이공원,99.11
20250407,11,서울특별시,11545,금천구,쌈지 어린이공원,99.11
20250408,11,서울특별시,11545,금천구,쌈지 어린이공원,99.11
20250409,11,서울특별시,11545,금천구,쌈지 어린이공원,99.11
20250410,11,서울특별시,11545,금천구,쌈지 어린이공원,99.11
20250411,11,서울특별시,11545,금천구,쌈지 어린이공원,99.11
20250313,11,서울특별시,11545,금천구,호암산성,99.32
20250314,11,서울특별시,11545,금천구,호암산성,99.32
20250315,11,서울특별시,11545,금천구,호암산성,99.32
20250316,11,서울특별시,11545,금천구,호암산성,99.32
20250317,11,서울특별시,11545,금천구,호암산성,99.32
20250318,11,서울특별시,11545,금천구,호암산성,99.32
20250319,11,서울특별시,11545,금천구,호암산성,99.32
20250320,11,서울특별시,11545,금천구,호암산성,99.32
20250321,11,서울특별시,11545,금천구,호암산성,99.32
20250322,11,서울특별시,11545,금천구,호암산성,99.32
20250323,11,서울특별시,11545,금천구,호암산성,99.32
20250324,11,서울특별시,11545,금천구,호암산성,99.31
20250325,11,서울특별시,11545,금천구,호암산성,99.31
20250326,11,서울특별시,11545,금천구,호암산성,99.32
20250327,11,서울특별시,11545,금천구,호암산성,99.32
20250328,11,서울특별시,11545,금천구,호암산성,99.32
20250329,11,서울특별시,11545,금천구,호암산성,99.32
20250330,11,서울특별시,11545,금천구,호암산성,99.32
20250331,11,서울특별시,11545,금천구,호암산성,99.32
20250401,11,서울특별시,11545,금천구,호암산성,99.32
20250402,11,서울특별시,11545,금천구,호암산성,99.32
20250403,11,서울특별시,11545,금천구,호암산성,99.32
20250404,11,서울특별시,11545,금천구,호암산성,99.32
20250405,11,서울특별시,11545,금천구,호암산성,99.32
20250406,11,서울특별시,11545,금천구,호암산성,99.32
20250407,11,서울특별시,11545,금천구,호암산성,99.32
20250408,11,서울특별시,11545,금천구,호암산성,99.32
20250409,11,서울특별시,11545,금천구,호암산성,99.32
20250410,11,서울특별시,11545,금천구,호암산성,99.32
20250411,11,서울특별시,11545,금천구,호암산성,99.32
20250313,11,서울특별시,11560,영등포구,63스퀘어,89.64
20250314,11,서울특별시,11560,영등포구,63스퀘어,90.22
20250315,11,서울특별시,11560,영등포구,63스퀘어,89.87
20250316,11,서울특별시,11560,영등포구,63스퀘어,97.08
20250317,11,서울특별시,11560,영등포구,63스퀘어,92.53
20250318,11,서울특별시,11560,영등포구,63스퀘어,91.48
20250319,11,서울특별시,11560,영등포구,63스퀘어,91.48
20250320,11,서울특별시,11560,영등포구,63스퀘어,90.32
20250321,11,서울특별시,11560,영등포구,63스퀘어,96.58
20250322,11,서울특별시,11560,영등포구,63스퀘어,86.52
20250323,11,서울특별시,11560,영등포구,63스퀘어,89.47
20250324,11,서울특별시,11560,영등포구,63스퀘어,92.53
20250325,11,서울특별시,11560,영등포구,63스퀘어,92.53
20250326,11,서울특별시,11560,영등포구,63스퀘어,92.53
20250327,11,서울특별시,11560,영등포구,63스퀘어,91.48
20250328,11,서울특별시,11560,영등포구,63스퀘어,96.75
20250329,11,서울특별시,11560,영등포구,63스퀘어,86.52
20250330,11,서울특별시,11560,영등포구,63스퀘어,90.26
20250331,11,서울특별시,11560,영등포구,63스퀘어,92.53
20250401,11,서울특별시,11560,영등포구,63스퀘어,92.53
20250402,11,서울특별시,11560,영등포구,63스퀘어,92.54
20250403,11,서울특별시,11560,영등포구,63스퀘어,89.64
20250404,11,서울특별시,11560,영등포구,63스퀘어,96.58
20250405,11,서울특별시,11560,영등포구,63스퀘어,84.96
20250406,11,서울특별시,11560,영등포구,63스퀘어,89.47
20250407,11,서울특별시,11560,영등포구,63스퀘어,89.64
20250408,11,서울특별시,11560,영등포구,63스퀘어,92.53
20250409,11,서울특별시,11560,영등포구,63스퀘어,92.54
20250410,11,서울특별시,11560,영등포구,63스퀘어,89.64
20250411,11,서울특별시,11560,영등포구,63스퀘어,90.22
20250313,11,서울특별시,11560,영등포구,KBS온,73.96
20250314,11,서울특별시,11560,영등포구,KBS온,55.04
20250315,11,서울특별시,11560,영등포구,KBS온,87.04
20250316,11,서울특별시,11560,영등포구,KBS온,52.83
20250317,11,서울특별시,11560,영등포구,KBS온,68.24
20250318,11,서울특별시,11560,영등포구,KBS온,73.96
20250319,11,서울특별시,11560,영등포구,KBS온,66.42
20250320,11,서울특별시,11560,영등포구,KBS온,55.52
20250321,11,서울특별시,11560,영등포구,KBS온,52.84
20250322,11,서울특별시,11560,영등포구,KBS온,85.39
20250323,11,서울특별시,11560,영등포구,KBS온,67.12
20250324,11,서울특별시,11560,영등포구,KBS온,68.24
20250325,11,서울특별시,11560,영등포구,KBS온,66.42
20250326,11,서울특별시,11560,영등포구,KBS온,68.24
20250327,11,서울특별시,11560,영등포구,KBS온,73.96
20250328,11,서울특별시,11560,영등포구,KBS온,55.04
20250329,11,서울특별시,11560,영등포구,KBS온,85.39
20250330,11,서울특별시,11560,영등포구,KBS온,67.12
20250331,11,서울특별시,11560,영등포구,KBS온,66.42
20250401,11,서울특별시,11560,영등포구,KBS온,66.42
20250402,11,서울특별시,11560,영등포구,KBS온,68.05
20250403,11,서울특별시,11560,영등포구,KBS온,73.96
20250404,11,서울특별시,11560,영등포구,KBS온,52.84
20250405,11,서울특별시,11560,영등포구,KBS온,81.72
20250406,11,서울특별시,11560,영등포구,KBS온,67.12
20250407,11,서울특별시,11560,영등포구,KBS온,73.96
20250408,11,서울특별시,11560,영등포구,KBS온,66.42
20250409,11,서울특별시,11560,영등포구,KBS온,68.05
20250410,11,서울특별시,11560,영등포구,KBS온,73.96
20250411,11,서울특별시,11560,영등포구,KBS온,55.18
20250313,11,서울특별시,11560,영등포구,국회의사당,74.62
20250314,11,서울특별시,11560,영등포구,국회의사당,76.74
20250315,11,서울특별시,11560,영등포구,국회의사당,67.5
20250316,11,서울특별시,11560,영등포구,국회의사당,71.84
20250317,11,서울특별시,11560,영등포구,국회의사당,75.18
20250318,11,서울특별시,11560,영등포구,국회의사당,74.62
20250319,11,서울특별시,11560,영등포구,국회의사당,74.62
20250320,11,서울특별시,11560,영등포구,국회의사당,69.88
20250321,11,서울특별시,11560,영등포구,국회의사당,76.31
20250322,11,서울특별시,11560,영등포구,국회의사당,65.37
20250323,11,서울특별시,11560,영등포구,국회의사당,92.45
20250324,11,서울특별시,11560,영등포구,국회의사당,75.18
20250325,11,서울특별시,11560,영등포구,국회의사당,75.18
20250326,11,서울특별시,11560,영등포구,국회의사당,75.13
20250327,11,서울특별시,11560,영등포구,국회의사당,74.62
20250328,11,서울특별시,11560,영등포구,국회의사당,76.29
20250329,11,서울특별시,11560,영등포구,국회의사당,65.37
20250330,11,서울특별시,11560,영등포구,국회의사당,84.56
20250331,11,서울특별시,11560,영등포구,국회의사당,75.18
20250401,11,서울특별시,11560,영등포구,국회의사당,75.18
20250402,11,서울특별시,11560,영등포구,국회의사당,75.08
20250403,11,서울특별시,11560,영등포구,국회의사당,74.62
20250404,11,서울특별시,11560,영등포구,국회의사당,76.29
20250405,11,서울특별시,11560,영등포구,국회의사당,67.86
20250406,11,서울특별시,11560,영등포구,국회의사당,92.45
20250407,11,서울특별시,11560,영등포구,국회의사당,74.62
20250408,11,서울특별시,11560,영등포구,국회의사당,75.18
20250409,11,서울특별시,11560,영등포구,국회의사당,75.08
20250410,11,서울특별시,11560,영등포구,국회의사당,74.62
20250411,11,서울특별시,11560,영등포구,국회의사당,77.65
20250313,11,서울특별시,11560,영등포구,대림동 차이나타운,99.7
20250314,11,서울특별시,11560,영등포구,대림동 차이나타운,99.7
20250315,11,서울특별시,11560,영등포구,대림동 차이나타운,99.7
20250316,11,서울특별시,11560,영등포구,대림동 차이나타운,99.7
20250317,11,서울특별시,11560,영등포구,대림동 차이나타운,99.7
20250318,11,서울특별시,11560,영등포구,대림동 차이나타운,99.7
20250319,11,서울특별시,11560,영등포구,대림동 차이나타운,99.7
20250320,11,서울특별시,11560,영등포구,대림동 차이나타운,99.7
20250321,11,서울특별시,11560,영등포구,대림동 차이나타운,99.7
20250322,11,서울특별시,11560,영등포구,대림동 차이나타운,99.7
20250323,11,서울특별시,11560,영등포구,대림동 차이나타운,99.7
20250324,11,서울특별시,11560,영등포구,대림동 차이나타운,99.7
20250325,11,서울특별시,11560,영등포구,대림동 차이나타운,99.7
20250326,11,서울특별시,11560,영등포구,대림동 차이나타운,99.7
20250327,11,서울특별시,11560,영등포구,대림동 차이나타운,99.7
20250328,11,서울특별시,11560,영등포구,대림동 차이나타운,99.7
20250329,11,서울특별시,11560,영등포구,대림동 차이나타운,99.7
20250330,11,서울특별시,11560,영등포구,대림동 차이나타운,99.7
20250331,11,서울특별시,11560,영등포구,대림동 차이나타운,99.7
20250401,11,서울특별시,11560,영등포구,대림동 차이나타운,99.7
20250402,11,서울특별시,11560,영등포구,대림동 차이나타운,99.7
20250403,11,서울특별시,11560,영등포구,대림동 차이나타운,99.7
20250404,11,서울특별시,11560,영등포구,대림동 차이나타운,99.7
20250405,11,서울특별시,11560,영등포구,대림동 차이나타운,99.7
20250406,11,서울특별시,11560,영등포구,대림동 차이나타운,99.7
20250407,11,서울특별시,11560,영등포구,대림동 차이나타운,99.7
20250408,11,서울특별시,11560,영등포구,대림동 차이나타운,99.7
20250409,11,서울특별시,11560,영등포구,대림동 차이나타운,99.7
20250410,11,서울특별시,11560,영등포구,대림동 차이나타운,99.7
20250411,11,서울특별시,11560,영등포구,대림동 차이나타운,99.7
20250313,11,서울특별시,11560,영등포구,대림어린이공원,93.29
20250314,11,서울특별시,11560,영등포구,대림어린이공원,96.39
20250315,11,서울특별시,11560,영등포구,대림어린이공원,93.63
20250316,11,서울특별시,11560,영등포구,대림어린이공원,94.89
20250317,11,서울특별시,11560,영등포구,대림어린이공원,94.42
20250318,11,서울특별시,11560,영등포구,대림어린이공원,93.29
20250319,11,서울특별시,11560,영등포구,대림어린이공원,93.27
20250320,11,서울특별시,11560,영등포구,대림어린이공원,92.89
20250321,11,서울특별시,11560,영등포구,대림어린이공원,95.22
20250322,11,서울특별시,11560,영등포구,대림어린이공원,95.38
20250323,11,서울특별시,11560,영등포구,대림어린이공원,92.54
20250324,11,서울특별시,11560,영등포구,대림어린이공원,94.42
20250325,11,서울특별시,11560,영등포구,대림어린이공원,93.27
20250326,11,서울특별시,11560,영등포구,대림어린이공원,94.42
20250327,11,서울특별시,11560,영등포구,대림어린이공원,93.29
20250328,11,서울특별시,11560,영등포구,대림어린이공원,96.39
20250329,11,서울특별시,11560,영등포구,대림어린이공원,95.38
20250330,11,서울특별시,11560,영등포구,대림어린이공원,92.54
20250331,11,서울특별시,11560,영등포구,대림어린이공원,93.27
20250401,11,서울특별시,11560,영등포구,대림어린이공원,93.27
20250402,11,서울특별시,11560,영등포구,대림어린이공원,94.42
20250403,11,서울특별시,11560,영등포구,대림어린이공원,93.29
20250404,11,서울특별시,11560,영등포구,대림어린이공원,95.22
20250405,11,서울특별시,11560,영등포구,대림어린이공원,94.73
20250406,11,서울특별시,11560,영등포구,대림어린이공원,92.54
20250407,11,서울특별시,11560,영등포구,대림어린이공원,93.29
20250408,11,서울특별시,11560,영등포구,대림어린이공원,93.27
20250409,11,서울특별시,11560,영등포구,대림어린이공원,94.42
20250410,11,서울특별시,11560,영등포구,대림어린이공원,93.29
20250411,11,서울특별시,11560,영등포구,대림어린이공원,93.86
20250313,11,서울특별시,11560,영등포구,대림중앙시장,99.93
20250314,11,서울특별시,11560,영등포구,대림중앙시장,99.92
20250315,11,서울특별시,11560,영등포구,대림중앙시장,99.93
20250316,11,서울특별시,11560,영등포구,대림중앙시장,99.93
20250317,11,서울특별시,11560,영등포구,대림중앙시장,99.93
20250318,11,서울특별시,11560,영등포구,대림중앙시장,99.93
20250319,11,서울특별시,11560,영등포구,대림중앙시장,99.93
20250320,11,서울특별시,11560,영등포구,대림중앙시장,99.93
20250321,11,서울특별시,11560,영등포구,대림중앙시장,99.92
20250322,11,서울특별시,11560,영등포구,대림중앙시장,99.85
20250323,11,서울특별시,11560,영등포구,대림중앙시장,99.93
20250324,11,서울특별시,11560,영등포구,대림중앙시장,99.93
20250325,11,서울특별시,11560,영등포구,대림중앙시장,99.93
20250326,11,서울특별시,11560,영등포구,대림중앙시장,99.93
20250327,11,서울특별시,11560,영등포구,대림중앙시장,99.93
20250328,11,서울특별시,11560,영등포구,대림중앙시장,99.93
20250329,11,서울특별시,11560,영등포구,대림중앙시장,99.85
20250330,11,서울특별시,11560,영등포구,대림중앙시장,99.93
20250331,11,서울특별시,11560,영등포구,대림중앙시장,99.93
20250401,11,서울특별시,11560,영등포구,대림중앙시장,99.93
20250402,11,서울특별시,11560,영등포구,대림중앙시장,99.92
20250403,11,서울특별시,11560,영등포구,대림중앙시장,99.93
20250404,11,서울특별시,11560,영등포구,대림중앙시장,99.93
20250405,11,서울특별시,11560,영등포구,대림중앙시장,99.85
20250406,11,서울특별시,11560,영등포구,대림중앙시장,99.93
20250407,11,서울특별시,11560,영등포구,대림중앙시장,99.93
20250408,11,서울특별시,11560,영등포구,대림중앙시장,99.93
20250409,11,서울특별시,11560,영등포구,대림중앙시장,99.92
20250410,11,서울특별시,11560,영등포구,대림중앙시장,99.93
20250411,11,서울특별시,11560,영등포구,대림중앙시장,99.93
20250313,11,서울특별시,11560,영등포구,대신시장,99.77
20250314,11,서울특별시,11560,영등포구,대신시장,99.77
20250315,11,서울특별시,11560,영등포구,대신시장,99.77
20250316,11,서울특별시,11560,영등포구,대신시장,99.77
20250317,11,서울특별시,11560,영등포구,대신시장,99.77
20250318,11,서울특별시,11560,영등포구,대신시장,99.77
20250319,11,서울특별시,11560,영등포구,대신시장,99.77
20250320,11,서울특별시,11560,영등포구,대신시장,99.77
20250321,11,서울특별시,11560,영등포구,대신시장,99.77
20250322,11,서울특별시,11560,영등포구,대신시장,99.77
20250323,11,서울특별시,11560,영등포구,대신시장,99.77
20250324,11,서울특별시,11560,영등포구,대신시장,99.77
20250325,11,서울특별시,11560,영등포구,대신시장,99.77
20250326,11,서울특별시,11560,영등포구,대신시장,99.77
20250327,11,서울특별시,11560,영등포구,대신시장,99.77
20250328,11,서울특별시,11560,영등포구,대신시장,99.77
20250329,11,서울특별시,11560,영등포구,대신시장,99.77
20250330,11,서울특별시,11560,영등포구,대신시장,99.77
20250331,11,서울특별시,11560,영등포구,대신시장,99.77
20250401,11,서울특별시,11560,영등포구,대신시장,99.77
20250402,11,서울특별시,11560,영등포구,대신시장,99.77
20250403,11,서울특별시,11560,영등포구,대신시장,99.77
20250404,11,서울특별시,11560,영등포구,대신시장,99.77
20250405,11,서울특별시,11560,영등포구,대신시장,99.77
20250406,11,서울특별시,11560,영등포구,대신시장,99.77
20250407,11,서울특별시,11560,영등포구,대신시장,99.77
20250408,11,서울특별시,11560,영등포구,대신시장,99.77
20250409,11,서울특별시,11560,영등포구,대신시장,99.77
20250410,11,서울특별시,11560,영등포구,대신시장,99.77
20250411,11,서울특별시,11560,영등포구,대신시장,99.77
20250313,11,서울특별시,11560,영등포구,문래근린공원,85.34
20250314,11,서울특별시,11560,영등포구,문래근린공원,64.72
20250315,11,서울특별시,11560,영등포구,문래근린공원,68.07
20250316,11,서울특별시,11560,영등포구,문래근린공원,65.11
20250317,11,서울특별시,11560,영등포구,문래근린공원,72.34
20250318,11,서울특별시,11560,영등포구,문래근린공원,85.34
20250319,11,서울특별시,11560,영등포구,문래근린공원,81.19
20250320,11,서울특별시,11560,영등포구,문래근린공원,65.09
20250321,11,서울특별시,11560,영등포구,문래근린공원,65.09
20250322,11,서울특별시,11560,영등포구,문래근린공원,66
20250323,11,서울특별시,11560,영등포구,문래근린공원,60.08
20250324,11,서울특별시,11560,영등포구,문래근린공원,72.34
20250325,11,서울특별시,11560,영등포구,문래근린공원,81.19
20250326,11,서울특별시,11560,영등포구,문래근린공원,72.34
20250327,11,서울특별시,11560,영등포구,문래근린공원,85.34
20250328,11,서울특별시,11560,영등포구,문래근린공원,64.72
20250329,11,서울특별시,11560,영등포구,문래근린공원,66
20250330,11,서울특별시,11560,영등포구,문래근린공원,60.08
20250331,11,서울특별시,11560,영등포구,문래근린공원,81.19
20250401,11,서울특별시,11560,영등포구,문래근린공원,81.19
20250402,11,서울특별시,11560,영등포구,문래근린공원,73.62
20250403,11,서울특별시,11560,영등포구,문래근린공원,85.34
20250404,11,서울특별시,11560,영등포구,문래근린공원,65.09
20250405,11,서울특별시,11560,영등포구,문래근린공원,65.9
20250406,11,서울특별시,11560,영등포구,문래근린공원,60.08
20250407,11,서울특별시,11560,영등포구,문래근린공원,85.34
20250408,11,서울특별시,11560,영등포구,문래근린공원,81.19
20250409,11,서울특별시,11560,영등포구,문래근린공원,73.62
20250410,11,서울특별시,11560,영등포구,문래근린공원,85.34
20250411,11,서울특별시,11560,영등포구,문래근린공원,64.96
20250313,11,서울특별시,11560,영등포구,문래예술공장,99.79
20250314,11,서울특별시,11560,영등포구,문래예술공장,97.27
20250315,11,서울특별시,11560,영등포구,문래예술공장,97.78
20250316,11,서울특별시,11560,영등포구,문래예술공장,97.14
20250317,11,서울특별시,11560,영등포구,문래예술공장,99.48
20250318,11,서울특별시,11560,영등포구,문래예술공장,99.79
20250319,11,서울특별시,11560,영등포구,문래예술공장,99.79
20250320,11,서울특별시,11560,영등포구,문래예술공장,98.92
20250321,11,서울특별시,11560,영등포구,문래예술공장,97.1
20250322,11,서울특별시,11560,영등포구,문래예술공장,96.38
20250323,11,서울특별시,11560,영등포구,문래예술공장,97.27
20250324,11,서울특별시,11560,영등포구,문래예술공장,99.48
20250325,11,서울특별시,11560,영등포구,문래예술공장,99.79
20250326,11,서울특별시,11560,영등포구,문래예술공장,99.48
20250327,11,서울특별시,11560,영등포구,문래예술공장,99.79
20250328,11,서울특별시,11560,영등포구,문래예술공장,97.27
20250329,11,서울특별시,11560,영등포구,문래예술공장,96.38
20250330,11,서울특별시,11560,영등포구,문래예술공장,97.27
20250331,11,서울특별시,11560,영등포구,문래예술공장,99.79
20250401,11,서울특별시,11560,영등포구,문래예술공장,99.79
20250402,11,서울특별시,11560,영등포구,문래예술공장,99.48
20250403,11,서울특별시,11560,영등포구,문래예술공장,99.79
20250404,11,서울특별시,11560,영등포구,문래예술공장,97.1
20250405,11,서울특별시,11560,영등포구,문래예술공장,93.65
20250406,11,서울특별시,11560,영등포구,문래예술공장,97.27
20250407,11,서울특별시,11560,영등포구,문래예술공장,99.79
20250408,11,서울특별시,11560,영등포구,문래예술공장,99.79
20250409,11,서울특별시,11560,영등포구,문래예술공장,99.48
20250410,11,서울특별시,11560,영등포구,문래예술공장,99.79
20250411,11,서울특별시,11560,영등포구,문래예술공장,97.4
20250313,11,서울특별시,11560,영등포구,문래창작촌,85.56
20250314,11,서울특별시,11560,영등포구,문래창작촌,57.04
20250315,11,서울특별시,11560,영등포구,문래창작촌,77.15
20250316,11,서울특별시,11560,영등포구,문래창작촌,57.01
20250317,11,서울특별시,11560,영등포구,문래창작촌,80.46
20250318,11,서울특별시,11560,영등포구,문래창작촌,85.56
20250319,11,서울특별시,11560,영등포구,문래창작촌,85.56
20250320,11,서울특별시,11560,영등포구,문래창작촌,57.03
20250321,11,서울특별시,11560,영등포구,문래창작촌,57.04
20250322,11,서울특별시,11560,영등포구,문래창작촌,76.94
20250323,11,서울특별시,11560,영등포구,문래창작촌,67.92
20250324,11,서울특별시,11560,영등포구,문래창작촌,80.46
20250325,11,서울특별시,11560,영등포구,문래창작촌,85.56
20250326,11,서울특별시,11560,영등포구,문래창작촌,80.46
20250327,11,서울특별시,11560,영등포구,문래창작촌,85.56
20250328,11,서울특별시,11560,영등포구,문래창작촌,57.04
20250329,11,서울특별시,11560,영등포구,문래창작촌,76.94
20250330,11,서울특별시,11560,영등포구,문래창작촌,67.92
20250331,11,서울특별시,11560,영등포구,문래창작촌,85.56
20250401,11,서울특별시,11560,영등포구,문래창작촌,85.56
20250402,11,서울특별시,11560,영등포구,문래창작촌,80.45
20250403,11,서울특별시,11560,영등포구,문래창작촌,85.56
20250404,11,서울특별시,11560,영등포구,문래창작촌,57.04
20250405,11,서울특별시,11560,영등포구,문래창작촌,76.95
20250406,11,서울특별시,11560,영등포구,문래창작촌,67.92
20250407,11,서울특별시,11560,영등포구,문래창작촌,85.56
20250408,11,서울특별시,11560,영등포구,문래창작촌,85.56
20250409,11,서울특별시,11560,영등포구,문래창작촌,80.45
20250410,11,서울특별시,11560,영등포구,문래창작촌,85.56
20250411,11,서울특별시,11560,영등포구,문래창작촌,57.03
20250313,11,서울특별시,11560,영등포구,물빛광장,57.72
20250314,11,서울특별시,11560,영등포구,물빛광장,58.02
20250315,11,서울특별시,11560,영등포구,물빛광장,56.52
20250316,11,서울특별시,11560,영등포구,물빛광장,57.73
20250317,11,서울특별시,11560,영등포구,물빛광장,60.04
20250318,11,서울특별시,11560,영등포구,물빛광장,57.72
20250319,11,서울특별시,11560,영등포구,물빛광장,56.09
20250320,11,서울특별시,11560,영등포구,물빛광장,57.9
20250321,11,서울특별시,11560,영등포구,물빛광장,57.7
20250322,11,서울특별시,11560,영등포구,물빛광장,54.07
20250323,11,서울특별시,11560,영등포구,물빛광장,56.65
20250324,11,서울특별시,11560,영등포구,물빛광장,60.04
20250325,11,서울특별시,11560,영등포구,물빛광장,56.09
20250326,11,서울특별시,11560,영등포구,물빛광장,60.04
20250327,11,서울특별시,11560,영등포구,물빛광장,57.72
20250328,11,서울특별시,11560,영등포구,물빛광장,58.02
20250329,11,서울특별시,11560,영등포구,물빛광장,54.07
20250330,11,서울특별시,11560,영등포구,물빛광장,56.65
20250331,11,서울특별시,11560,영등포구,물빛광장,56.09
20250401,11,서울특별시,11560,영등포구,물빛광장,56.09
20250402,11,서울특별시,11560,영등포구,물빛광장,58.64
20250403,11,서울특별시,11560,영등포구,물빛광장,57.72
20250404,11,서울특별시,11560,영등포구,물빛광장,57.7
20250405,11,서울특별시,11560,영등포구,물빛광장,54.13
20250406,11,서울특별시,11560,영등포구,물빛광장,56.65
20250407,11,서울특별시,11560,영등포구,물빛광장,57.72
20250408,11,서울특별시,11560,영등포구,물빛광장,56.09
20250409,11,서울특별시,11560,영등포구,물빛광장,58.64
20250410,11,서울특별시,11560,영등포구,물빛광장,57.72
20250411,11,서울특별시,11560,영등포구,물빛광장,57.92
20250313,11,서울특별시,11560,영등포구,선유도공원,71.41
20250314,11,서울특별시,11560,영등포구,선유도공원,70.25
20250315,11,서울특별시,11560,영등포구,선유도공원,75.42
20250316,11,서울특별시,11560,영등포구,선유도공원,70.49
20250317,11,서울특별시,11560,영등포구,선유도공원,75.18
20250318,11,서울특별시,11560,영등포구,선유도공원,71.41
20250319,11,서울특별시,11560,영등포구,선유도공원,71.41
20250320,11,서울특별시,11560,영등포구,선유도공원,70.09
20250321,11,서울특별시,11560,영등포구,선유도공원,70.43
20250322,11,서울특별시,11560,영등포구,선유도공원,81.88
20250323,11,서울특별시,11560,영등포구,선유도공원,67.77
20250324,11,서울특별시,11560,영등포구,선유도공원,75.18
20250325,11,서울특별시,11560,영등포구,선유도공원,75.18
20250326,11,서울특별시,11560,영등포구,선유도공원,74.04
20250327,11,서울특별시,11560,영등포구,선유도공원,71.41
20250328,11,서울특별시,11560,영등포구,선유도공원,70.45
20250329,11,서울특별시,11560,영등포구,선유도공원,81.88
20250330,11,서울특별시,11560,영등포구,선유도공원,61.44
20250331,11,서울특별시,11560,영등포구,선유도공원,75.18
20250401,11,서울특별시,11560,영등포구,선유도공원,75.18
20250402,11,서울특별시,11560,영등포구,선유도공원,74.52
20250403,11,서울특별시,11560,영등포구,선유도공원,71.41
20250404,11,서울특별시,11560,영등포구,선유도공원,70.45
20250405,11,서울특별시,11560,영등포구,선유도공원,78.28
20250406,11,서울특별시,11560,영등포구,선유도공원,67.77
20250407,11,서울특별시,11560,영등포구,선유도공원,71.41
20250408,11,서울특별시,11560,영등포구,선유도공원,75.18
20250409,11,서울특별시,11560,영등포구,선유도공원,74.52
20250410,11,서울특별시,11560,영등포구,선유도공원,71.41
20250411,11,서울특별시,11560,영등포구,선유도공원,70.32
20250313,11,서울특별시,11560,영등포구,아트리움,84.14
20250314,11,서울특별시,11560,영등포구,아트리움,84.06
20250315,11,서울특별시,11560,영등포구,아트리움,77.84
20250316,11,서울특별시,11560,영등포구,아트리움,85.21
20250317,11,서울특별시,11560,영등포구,아트리움,84.07
20250318,11,서울특별시,11560,영등포구,아트리움,84.14
20250319,11,서울특별시,11560,영등포구,아트리움,84.14
20250320,11,서울특별시,11560,영등포구,아트리움,84.09
20250321,11,서울특별시,11560,영등포구,아트리움,84.52
20250322,11,서울특별시,11560,영등포구,아트리움,91.62
20250323,11,서울특별시,11560,영등포구,아트리움,76.81
20250324,11,서울특별시,11560,영등포구,아트리움,84.07
20250325,11,서울특별시,11560,영등포구,아트리움,84.07
20250326,11,서울특별시,11560,영등포구,아트리움,88.37
20250327,11,서울특별시,11560,영등포구,아트리움,84.14
20250328,11,서울특별시,11560,영등포구,아트리움,84.19
20250329,11,서울특별시,11560,영등포구,아트리움,91.6
20250330,11,서울특별시,11560,영등포구,아트리움,76.81
20250331,11,서울특별시,11560,영등포구,아트리움,84.07
20250401,11,서울특별시,11560,영등포구,아트리움,84.07
20250402,11,서울특별시,11560,영등포구,아트리움,86.35
20250403,11,서울특별시,11560,영등포구,아트리움,84.14
20250404,11,서울특별시,11560,영등포구,아트리움,84.19
20250405,11,서울특별시,11560,영등포구,아트리움,81.89
20250406,11,서울특별시,11560,영등포구,아트리움,76.81
20250407,11,서울특별시,11560,영등포구,아트리움,84.14
20250408,11,서울특별시,11560,영등포구,아트리움,84.07
20250409,11,서울특별시,11560,영등포구,아트리움,86.35
20250410,11,서울특별시,11560,영등포구,아트리움,84.14
20250411,11,서울특별시,11560,영등포구,아트리움,84.06
20250313,11,서울특별시,11560,영등포구,양화한강공원,70.36
20250314,11,서울특별시,11560,영등포구,양화한강공원,67.67
20250315,11,서울특별시,11560,영등포구,양화한강공원,79.31
20250316,11,서울특별시,11560,영등포구,양화한강공원,67.75
20250317,11,서울특별시,11560,영등포구,양화한강공원,66.64
20250318,11,서울특별시,11560,영등포구,양화한강공원,70.36
20250319,11,서울특별시,11560,영등포구,양화한강공원,63.88
20250320,11,서울특별시,11560,영등포구,양화한강공원,66.37
20250321,11,서울특별시,11560,영등포구,양화한강공원,68.03
20250322,11,서울특별시,11560,영등포구,양화한강공원,82.56
20250313,11,서울특별시,11590,동작구,국립서울현충원,91.41
20250314,11,서울특별시,11590,동작구,국립서울현충원,91.41
20250315,11,서울특별시,11590,동작구,국립서울현충원,91.4
20250316,11,서울특별시,11590,동작구,국립서울현충원,91.41
20250317,11,서울특별시,11590,동작구,국립서울현충원,91.41
20250318,11,서울특별시,11590,동작구,국립서울현충원,91.41
20250319,11,서울특별시,11590,동작구,국립서울현충원,91.41
20250320,11,서울특별시,11590,동작구,국립서울현충원,91.41
20250321,11,서울특별시,11590,동작구,국립서울현충원,91.41
20250322,11,서울특별시,11590,동작구,국립서울현충원,91.39
20250323,11,서울특별시,11590,동작구,국립서울현충원,91.41
20250324,11,서울특별시,11590,동작구,국립서울현충원,91.41
20250325,11,서울특별시,11590,동작구,국립서울현충원,91.41
20250326,11,서울특별시,11590,동작구,국립서울현충원,91.41
20250327,11,서울특별시,11590,동작구,국립서울현충원,91.41
20250328,11,서울특별시,11590,동작구,국립서울현충원,91.41
20250329,11,서울특별시,11590,동작구,국립서울현충원,91.41
20250330,11,서울특별시,11590,동작구,국립서울현충원,91.41
20250331,11,서울특별시,11590,동작구,국립서울현충원,91.41
20250401,11,서울특별시,11590,동작구,국립서울현충원,91.41
20250402,11,서울특별시,11590,동작구,국립서울현충원,91.41
20250403,11,서울특별시,11590,동작구,국립서울현충원,91.41
20250404,11,서울특별시,11590,동작구,국립서울현충원,91.41
20250405,11,서울특별시,11590,동작구,국립서울현충원,91.41
20250406,11,서울특별시,11590,동작구,국립서울현충원,91.41
20250407,11,서울특별시,11590,동작구,국립서울현충원,91.41
20250408,11,서울특별시,11590,동작구,국립서울현충원,91.41
20250409,11,서울특별시,11590,동작구,국립서울현충원,91.41
20250410,11,서울특별시,11590,동작구,국립서울현충원,91.41
20250411,11,서울특별시,11590,동작구,국립서울현충원,91.41
20250313,11,서울특별시,11590,동작구,남성사계시장,65.3
20250314,11,서울특별시,11590,동작구,남성사계시장,65.3
20250315,11,서울특별시,11590,동작구,남성사계시장,71.36
20250316,11,서울특별시,11590,동작구,남성사계시장,70.09
20250317,11,서울특별시,11590,동작구,남성사계시장,65.3
20250318,11,서울특별시,11590,동작구,남성사계시장,65.3
20250319,11,서울특별시,11590,동작구,남성사계시장,65.3
20250320,11,서울특별시,11590,동작구,남성사계시장,65.3
20250321,11,서울특별시,11590,동작구,남성사계시장,65.3
20250322,11,서울특별시,11590,동작구,남성사계시장,71.36
20250323,11,서울특별시,11590,동작구,남성사계시장,70.23
20250324,11,서울특별시,11590,동작구,남성사계시장,65.3
20250325,11,서울특별시,11590,동작구,남성사계시장,57.81
20250326,11,서울특별시,11590,동작구,남성사계시장,57.81
20250327,11,서울특별시,11590,동작구,남성사계시장,57.81
20250328,11,서울특별시,11590,동작구,남성사계시장,65.3
20250329,11,서울특별시,11590,동작구,남성사계시장,70.23
20250330,11,서울특별시,11590,동작구,남성사계시장,65.3
20250331,11,서울특별시,11590,동작구,남성사계시장,57.81
20250401,11,서울특별시,11590,동작구,남성사계시장,57.81
20250402,11,서울특별시,11590,동작구,남성사계시장,57.81
20250403,11,서울특별시,11590,동작구,남성사계시장,57.81
20250404,11,서울특별시,11590,동작구,남성사계시장,57.81
20250405,11,서울특별시,11590,동작구,남성사계시장,65.3
20250406,11,서울특별시,11590,동작구,남성사계시장,65.3
20250407,11,서울특별시,11590,동작구,남성사계시장,57.81
20250408,11,서울특별시,11590,동작구,남성사계시장,57.81
20250409,11,서울특별시,11590,동작구,남성사계시장,57.81
20250410,11,서울특별시,11590,동작구,남성사계시장,57.81
20250411,11,서울특별시,11590,동작구,남성사계시장,57.81
20250313,11,서울특별시,11590,동작구,노들나루공원,62.23
20250314,11,서울특별시,11590,동작구,노들나루공원,62.23
20250315,11,서울특별시,11590,동작구,노들나루공원,60.95
20250316,11,서울특별시,11590,동작구,노들나루공원,60.16
20250317,11,서울특별시,11590,동작구,노들나루공원,61.63
20250318,11,서울특별시,11590,동작구,노들나루공원,61.63
20250319,11,서울특별시,11590,동작구,노들나루공원,61.63
20250320,11,서울특별시,11590,동작구,노들나루공원,61.63
20250321,11,서울특별시,11590,동작구,노들나루공원,61.63
20250322,11,서울특별시,11590,동작구,노들나루공원,67.34
20250323,11,서울특별시,11590,동작구,노들나루공원,60.05
20250324,11,서울특별시,11590,동작구,노들나루공원,61.63
20250325,11,서울특별시,11590,동작구,노들나루공원,61.63
20250326,11,서울특별시,11590,동작구,노들나루공원,61.63
20250327,11,서울특별시,11590,동작구,노들나루공원,61.63
20250328,11,서울특별시,11590,동작구,노들나루공원,61.63
20250329,11,서울특별시,11590,동작구,노들나루공원,60.05
20250330,11,서울특별시,11590,동작구,노들나루공원,61.97
20250331,11,서울특별시,11590,동작구,노들나루공원,61.63
20250401,11,서울특별시,11590,동작구,노들나루공원,61.53
20250402,11,서울특별시,11590,동작구,노들나루공원,61.53
20250403,11,서울특별시,11590,동작구,노들나루공원,61.53
20250404,11,서울특별시,11590,동작구,노들나루공원,61.63
20250405,11,서울특별시,11590,동작구,노들나루공원,61.97
20250406,11,서울특별시,11590,동작구,노들나루공원,62.23
20250407,11,서울특별시,11590,동작구,노들나루공원,61.53
20250408,11,서울특별시,11590,동작구,노들나루공원,61.53
20250409,11,서울특별시,11590,동작구,노들나루공원,61.53
20250410,11,서울특별시,11590,동작구,노들나루공원,61.53
20250411,11,서울특별시,11590,동작구,노들나루공원,61.63
20250313,11,서울특별시,11590,동작구,노량진수산물도매시장,96.83
20250314,11,서울특별시,11590,동작구,노량진수산물도매시장,96.76
20250315,11,서울특별시,11590,동작구,노량진수산물도매시장,96.99
20250316,11,서울특별시,11590,동작구,노량진수산물도매시장,96.38
20250317,11,서울특별시,11590,동작구,노량진수산물도매시장,96.83
20250318,11,서울특별시,11590,동작구,노량진수산물도매시장,96.83
20250319,11,서울특별시,11590,동작구,노량진수산물도매시장,96.83
20250320,11,서울특별시,11590,동작구,노량진수산물도매시장,96.83
20250321,11,서울특별시,11590,동작구,노량진수산물도매시장,96.83
20250322,11,서울특별시,11590,동작구,노량진수산물도매시장,96.68
20250323,11,서울특별시,11590,동작구,노량진수산물도매시장,96.74
20250324,11,서울특별시,11590,동작구,노량진수산물도매시장,96.83
20250325,11,서울특별시,11590,동작구,노량진수산물도매시장,96.83
20250326,11,서울특별시,11590,동작구,노량진수산물도매시장,96.97
20250327,11,서울특별시,11590,동작구,노량진수산물도매시장,96.83
20250328,11,서울특별시,11590,동작구,노량진수산물도매시장,96.83
20250329,11,서울특별시,11590,동작구,노량진수산물도매시장,96.74
20250330,11,서울특별시,11590,동작구,노량진수산물도매시장,96.76
20250331,11,서울특별시,11590,동작구,노량진수산물도매시장,96.97
20250401,11,서울특별시,11590,동작구,노량진수산물도매시장,96.97
20250402,11,서울특별시,11590,동작구,노량진수산물도매시장,96.97
20250403,11,서울특별시,11590,동작구,노량진수산물도매시장,96.97
20250404,11,서울특별시,11590,동작구,노량진수산물도매시장,96.83
20250405,11,서울특별시,11590,동작구,노량진수산물도매시장,96.76
20250406,11,서울특별시,11590,동작구,노량진수산물도매시장,96.76
20250407,11,서울특별시,11590,동작구,노량진수산물도매시장,96.97
20250408,11,서울특별시,11590,동작구,노량진수산물도매시장,96.97
20250409,11,서울특별시,11590,동작구,노량진수산물도매시장,96.97
20250410,11,서울특별시,11590,동작구,노량진수산물도매시장,96.97
20250411,11,서울특별시,11590,동작구,노량진수산물도매시장,96.97
20250313,11,서울특별시,11590,동작구,달마사(서울),86.71
20250314,11,서울특별시,11590,동작구,달마사(서울),86.71
20250315,11,서울특별시,11590,동작구,달마사(서울),85.21
20250316,11,서울특별시,11590,동작구,달마사(서울),84.11
20250317,11,서울특별시,11590,동작구,달마사(서울),86.71
20250318,11,서울특별시,11590,동작구,달마사(서울),86.71
20250319,11,서울특별시,11590,동작구,달마사(서울),86.71
20250320,11,서울특별시,11590,동작구,달마사(서울),86.71
20250321,11,서울특별시,11590,동작구,달마사(서울),86.71
20250322,11,서울특별시,11590,동작구,달마사(서울),85.23
20250323,11,서울특별시,11590,동작구,달마사(서울),84.71
20250324,11,서울특별시,11590,동작구,달마사(서울),86.71
20250325,11,서울특별시,11590,동작구,달마사(서울),86.71
20250326,11,서울특별시,11590,동작구,달마사(서울),86.71
20250327,11,서울특별시,11590,동작구,달마사(서울),86.71
20250328,11,서울특별시,11590,동작구,달마사(서울),86.71
20250329,11,서울특별시,11590,동작구,달마사(서울),86.11
20250330,11,서울특별시,11590,동작구,달마사(서울),87.47
20250331,11,서울특별시,11590,동작구,달마사(서울),86.71
20250401,11,서울특별시,11590,동작구,달마사(서울),86.71
20250402,11,서울특별시,11590,동작구,달마사(서울),86.71
20250403,11,서울특별시,11590,동작구,달마사(서울),86.71
20250404,11,서울특별시,11590,동작구,달마사(서울),86.71
20250405,11,서울특별시,11590,동작구,달마사(서울),87.47
20250406,11,서울특별시,11590,동작구,달마사(서울),87.47
20250407,11,서울특별시,11590,동작구,달마사(서울),86.71
20250408,11,서울특별시,11590,동작구,달마사(서울),86.71
20250409,11,서울특별시,11590,동작구,달마사(서울),86.71
20250410,11,서울특별시,11590,동작구,달마사(서울),86.71
20250411,11,서울특별시,11590,동작구,달마사(서울),86.71
20250313,11,서울특별시,11590,동작구,보라매공원,85.96
20250314,11,서울특별시,11590,동작구,보라매공원,85.96
20250315,11,서울특별시,11590,동작구,보라매공원,86.16
20250316,11,서울특별시,11590,동작구,보라매공원,85.96
20250317,11,서울특별시,11590,동작구,보라매공원,85.96
20250318,11,서울특별시,11590,동작구,보라매공원,85.96
20250319,11,서울특별시,11590,동작구,보라매공원,85.96
20250320,11,서울특별시,11590,동작구,보라매공원,85.96
20250321,11,서울특별시,11590,동작구,보라매공원,85.96
20250322,11,서울특별시,11590,동작구,보라매공원,86.25
20250323,11,서울특별시,11590,동작구,보라매공원,85.95
20250324,11,서울특별시,11590,동작구,보라매공원,85.96
20250325,11,서울특별시,11590,동작구,보라매공원,85.96
20250326,11,서울특별시,11590,동작구,보라매공원,87.2
20250327,11,서울특별시,11590,동작구,보라매공원,85.96
20250328,11,서울특별시,11590,동작구,보라매공원,85.96
20250329,11,서울특별시,11590,동작구,보라매공원,85.96
20250330,11,서울특별시,11590,동작구,보라매공원,85.97
20250331,11,서울특별시,11590,동작구,보라매공원,87.2
20250401,11,서울특별시,11590,동작구,보라매공원,87.2
20250402,11,서울특별시,11590,동작구,보라매공원,87.2
20250403,11,서울특별시,11590,동작구,보라매공원,87.2
20250404,11,서울특별시,11590,동작구,보라매공원,87.2
20250405,11,서울특별시,11590,동작구,보라매공원,85.97
20250406,11,서울특별시,11590,동작구,보라매공원,85.97
20250407,11,서울특별시,11590,동작구,보라매공원,87.2
20250408,11,서울특별시,11590,동작구,보라매공원,87.2
20250409,11,서울특별시,11590,동작구,보라매공원,87.2
20250410,11,서울특별시,11590,동작구,보라매공원,87.2
20250411,11,서울특별시,11590,동작구,보라매공원,87.2
20250313,11,서울특별시,11590,동작구,보라매안전체험관,83.14
20250314,11,서울특별시,11590,동작구,보라매안전체험관,83.14
20250315,11,서울특별시,11590,동작구,보라매안전체험관,86.76
20250316,11,서울특별시,11590,동작구,보라매안전체험관,77.89
20250317,11,서울특별시,11590,동작구,보라매안전체험관,83.61
20250318,11,서울특별시,11590,동작구,보라매안전체험관,83.61
20250319,11,서울특별시,11590,동작구,보라매안전체험관,83.61
20250320,11,서울특별시,11590,동작구,보라매안전체험관,83.61
20250321,11,서울특별시,11590,동작구,보라매안전체험관,83.61
20250322,11,서울특별시,11590,동작구,보라매안전체험관,86.59
20250323,11,서울특별시,11590,동작구,보라매안전체험관,77.89
20250324,11,서울특별시,11590,동작구,보라매안전체험관,83.61
20250325,11,서울특별시,11590,동작구,보라매안전체험관,83.61
20250326,11,서울특별시,11590,동작구,보라매안전체험관,83.61
20250327,11,서울특별시,11590,동작구,보라매안전체험관,83.61
20250328,11,서울특별시,11590,동작구,보라매안전체험관,83.61
20250329,11,서울특별시,11590,동작구,보라매안전체험관,77.89
20250330,11,서울특별시,11590,동작구,보라매안전체험관,83.05
20250331,11,서울특별시,11590,동작구,보라매안전체험관,83.61
20250401,11,서울특별시,11590,동작구,보라매안전체험관,83.61
20250402,11,서울특별시,11590,동작구,보라매안전체험관,83.61
20250403,11,서울특별시,11590,동작구,보라매안전체험관,83.61
20250404,11,서울특별시,11590,동작구,보라매안전체험관,83.61
20250405,11,서울특별시,11590,동작구,보라매안전체험관,83.05
20250406,11,서울특별시,11590,동작구,보라매안전체험관,83.05
20250407,11,서울특별시,11590,동작구,보라매안전체험관,83.61
20250408,11,서울특별시,11590,동작구,보라매안전체험관,83.61
20250409,11,서울특별시,11590,동작구,보라매안전체험관,83.61
20250410,11,서울특별시,11590,동작구,보라매안전체험관,83.61
20250411,11,서울특별시,11590,동작구,보라매안전체험관,83.61
20250313,11,서울특별시,11590,동작구,사당시장,72.9
20250314,11,서울특별시,11590,동작구,사당시장,73.14
20250315,11,서울특별시,11590,동작구,사당시장,72.1
20250316,11,서울특별시,11590,동작구,사당시장,69.75
20250317,11,서울특별시,11590,동작구,사당시장,72.9
20250318,11,서울특별시,11590,동작구,사당시장,72.9
20250319,11,서울특별시,11590,동작구,사당시장,72.9
20250320,11,서울특별시,11590,동작구,사당시장,72.9
20250321,11,서울특별시,11590,동작구,사당시장,72.9
20250322,11,서울특별시,11590,동작구,사당시장,67.15
20250323,11,서울특별시,11590,동작구,사당시장,72.99
20250324,11,서울특별시,11590,동작구,사당시장,72.9
20250325,11,서울특별시,11590,동작구,사당시장,72.9
20250326,11,서울특별시,11590,동작구,사당시장,72.9
20250327,11,서울특별시,11590,동작구,사당시장,72.9
20250328,11,서울특별시,11590,동작구,사당시장,72.9
20250329,11,서울특별시,11590,동작구,사당시장,72.99
20250330,11,서울특별시,11590,동작구,사당시장,73.07
20250331,11,서울특별시,11590,동작구,사당시장,72.9
20250401,11,서울특별시,11590,동작구,사당시장,79.99
20250402,11,서울특별시,11590,동작구,사당시장,79.99
20250403,11,서울특별시,11590,동작구,사당시장,79.99
20250404,11,서울특별시,11590,동작구,사당시장,72.9
20250405,11,서울특별시,11590,동작구,사당시장,73.14
20250406,11,서울특별시,11590,동작구,사당시장,73.14
20250407,11,서울특별시,11590,동작구,사당시장,79.99
20250408,11,서울특별시,11590,동작구,사당시장,79.99
20250409,11,서울특별시,11590,동작구,사당시장,79.99
20250410,11,서울특별시,11590,동작구,사당시장,79.99
20250411,11,서울특별시,11590,동작구,사당시장,72.9
20250313,11,서울특별시,11590,동작구,사육신공원,74.15
20250314,11,서울특별시,11590,동작구,사육신공원,74.15
20250315,11,서울특별시,11590,동작구,사육신공원,76.62
20250316,11,서울특별시,11590,동작구,사육신공원,69.87
20250317,11,서울특별시,11590,동작구,사육신공원,69.95
20250318,11,서울특별시,11590,동작구,사육신공원,69.95
20250319,11,서울특별시,11590,동작구,사육신공원,69.95
20250320,11,서울특별시,11590,동작구,사육신공원,69.95
20250321,11,서울특별시,11590,동작구,사육신공원,69.95
20250322,11,서울특별시,11590,동작구,사육신공원,76.62
20250323,11,서울특별시,11590,동작구,사육신공원,69.63
20250324,11,서울특별시,11590,동작구,사육신공원,69.95
20250325,11,서울특별시,11590,동작구,사육신공원,69.95
20250326,11,서울특별시,11590,동작구,사육신공원,69.57
20250327,11,서울특별시,11590,동작구,사육신공원,69.95
20250328,11,서울특별시,11590,동작구,사육신공원,69.95
20250329,11,서울특별시,11590,동작구,사육신공원,69.63
20250330,11,서울특별시,11590,동작구,사육신공원,72.18
20250331,11,서울특별시,11590,동작구,사육신공원,69.57
20250401,11,서울특별시,11590,동작구,사육신공원,69.57
20250402,11,서울특별시,11590,동작구,사육신공원,69.57
20250403,11,서울특별시,11590,동작구,사육신공원,69.57
20250404,11,서울특별시,11590,동작구,사육신공원,69.57
20250405,11,서울특별시,11590,동작구,사육신공원,72.18
20250406,11,서울특별시,11590,동작구,사육신공원,74.15
20250407,11,서울특별시,11590,동작구,사육신공원,69.57
20250408,11,서울특별시,11590,동작구,사육신공원,69.57
20250409,11,서울특별시,11590,동작구,사육신공원,69.57
20250410,11,서울특별시,11590,동작구,사육신공원,69.57
20250411,11,서울특별시,11590,동작구,사육신공원,69.57
20250313,11,서울특별시,11590,동작구,성대시장,80.48
20250314,11,서울특별시,11590,동작구,성대시장,80.48
20250315,11,서울특별시,11590,동작구,성대시장,86.64
20250316,11,서울특별시,11590,동작구,성대시장,85.66
20250317,11,서울특별시,11590,동작구,성대시장,80.48
20250318,11,서울특별시,11590,동작구,성대시장,80.48
20250319,11,서울특별시,11590,동작구,성대시장,80.48
20250320,11,서울특별시,11590,동작구,성대시장,80.48
20250321,11,서울특별시,11590,동작구,성대시장,80.48
20250322,11,서울특별시,11590,동작구,성대시장,84.03
20250323,11,서울특별시,11590,동작구,성대시장,85.44
20250324,11,서울특별시,11590,동작구,성대시장,80.48
20250325,11,서울특별시,11590,동작구,성대시장,62.84
20250326,11,서울특별시,11590,동작구,성대시장,62.84
20250327,11,서울특별시,11590,동작구,성대시장,62.84
20250328,11,서울특별시,11590,동작구,성대시장,80.48
20250329,11,서울특별시,11590,동작구,성대시장,85.79
20250330,11,서울특별시,11590,동작구,성대시장,79.84
20250331,11,서울특별시,11590,동작구,성대시장,62.84
20250401,11,서울특별시,11590,동작구,성대시장,62.84
20250402,11,서울특별시,11590,동작구,성대시장,62.84
20250403,11,서울특별시,11590,동작구,성대시장,62.84
20250404,11,서울특별시,11590,동작구,성대시장,62.84
20250405,11,서울특별시,11590,동작구,성대시장,79.84
20250406,11,서울특별시,11590,동작구,성대시장,79.84
20250407,11,서울특별시,11590,동작구,성대시장,62.84
20250408,11,서울특별시,11590,동작구,성대시장,62.84
20250409,11,서울특별시,11590,동작구,성대시장,62.84
20250410,11,서울특별시,11590,동작구,성대시장,62.84
20250411,11,서울특별시,11590,동작구,성대시장,62.84
20250313,11,서울특별시,11590,동작구,용양봉저정 공원,98.54
20250314,11,서울특별시,11590,동작구,용양봉저정 공원,98.83
20250315,11,서울특별시,11590,동작구,용양봉저정 공원,97.72
20250316,11,서울특별시,11590,동작구,용양봉저정 공원,96.21
20250317,11,서울특별시,11590,동작구,용양봉저정 공원,98.54
20250318,11,서울특별시,11590,동작구,용양봉저정 공원,98.54
20250319,11,서울특별시,11590,동작구,용양봉저정 공원,98.54
20250320,11,서울특별시,11590,동작구,용양봉저정 공원,98.54
20250321,11,서울특별시,11590,동작구,용양봉저정 공원,98.54
20250322,11,서울특별시,11590,동작구,용양봉저정 공원,97.72
20250323,11,서울특별시,11590,동작구,용양봉저정 공원,97.74
20250324,11,서울특별시,11590,동작구,용양봉저정 공원,98.54
20250325,11,서울특별시,11590,동작구,용양봉저정 공원,98.54
20250326,11,서울특별시,11590,동작구,용양봉저정 공원,98.54
20250327,11,서울특별시,11590,동작구,용양봉저정 공원,98.54
20250328,11,서울특별시,11590,동작구,용양봉저정 공원,98.54
20250329,11,서울특별시,11590,동작구,용양봉저정 공원,97.74
20250330,11,서울특별시,11590,동작구,용양봉저정 공원,96.26
20250331,11,서울특별시,11590,동작구,용양봉저정 공원,98.54
20250401,11,서울특별시,11590,동작구,용양봉저정 공원,98.2
20250402,11,서울특별시,11590,동작구,용양봉저정 공원,98.2
20250403,11,서울특별시,11590,동작구,용양봉저정 공원,98.2
20250404,11,서울특별시,11590,동작구,용양봉저정 공원,98.54
20250405,11,서울특별시,11590,동작구,용양봉저정 공원,98.83
20250406,11,서울특별시,11590,동작구,용양봉저정 공원,98.83
20250407,11,서울특별시,11590,동작구,용양봉저정 공원,98.2
20250408,11,서울특별시,11590,동작구,용양봉저정 공원,98.2
20250409,11,서울특별시,11590,동작구,용양봉저정 공원,98.2
20250410,11,서울특별시,11590,동작구,용양봉저정 공원,98.2
20250411,11,서울특별시,11590,동작구,용양봉저정 공원,98.54
20250313,11,서울특별시,11590,동작구,효사정,91.05
20250314,11,서울특별시,11590,동작구,효사정,91.05
20250315,11,서울특별시,11590,동작구,효사정,91.05
20250316,11,서울특별시,11590,동작구,효사정,91.05
20250317,11,서울특별시,11590,동작구,효사정,91.05
20250318,11,서울특별시,11590,동작구,효사정,91.05
20250319,11,서울특별시,11590,동작구,효사정,91.05
20250320,11,서울특별시,11590,동작구,효사정,91.05
20250321,11,서울특별시,11590,동작구,효사정,91.05
20250322,11,서울특별시,11590,동작구,효사정,91.05
20250323,11,서울특별시,11590,동작구,효사정,91.05
20250324,11,서울특별시,11590,동작구,효사정,91.05
20250325,11,서울특별시,11590,동작구,효사정,91.05
20250326,11,서울특별시,11590,동작구,효사정,91.05
20250327,11,서울특별시,11590,동작구,효사정,91.05
20250328,11,서울특별시,11590,동작구,효사정,91.05
20250329,11,서울특별시,11590,동작구,효사정,91.05
20250330,11,서울특별시,11590,동작구,효사정,91.05
20250331,11,서울특별시,11590,동작구,효사정,91.05
20250401,11,서울특별시,11590,동작구,효사정,91.05
20250402,11,서울특별시,11590,동작구,효사정,91.05
20250403,11,서울특별시,11590,동작구,효사정,91.05
20250404,11,서울특별시,11590,동작구,효사정,91.05
20250405,11,서울특별시,11590,동작구,효사정,91.05
20250406,11,서울특별시,11590,동작구,효사정,91.05
20250407,11,서울특별시,11590,동작구,효사정,91.05
20250408,11,서울특별시,11590,동작구,효사정,91.05
20250409,11,서울특별시,11590,동작구,효사정,91.05
20250410,11,서울특별시,11590,동작구,효사정,91.05
20250411,11,서울특별시,11590,동작구,효사정,91.05
20250313,11,서울특별시,11620,관악구,관악산,71.28
20250314,11,서울특별시,11620,관악구,관악산,77.44
20250315,11,서울특별시,11620,관악구,관악산,77.96
20250316,11,서울특별시,11620,관악구,관악산,76.92
20250317,11,서울특별시,11620,관악구,관악산,69.45
20250318,11,서울특별시,11620,관악구,관악산,67.87
20250319,11,서울특별시,11620,관악구,관악산,67.87
20250320,11,서울특별시,11620,관악구,관악산,67.87
20250321,11,서울특별시,11620,관악구,관악산,71.02
20250322,11,서울특별시,11620,관악구,관악산,77.68
20250323,11,서울특별시,11620,관악구,관악산,76.92
20250324,11,서울특별시,11620,관악구,관악산,68.1
20250325,11,서울특별시,11620,관악구,관악산,69.37
20250326,11,서울특별시,11620,관악구,관악산,70.52
20250327,11,서울특별시,11620,관악구,관악산,69.37
20250328,11,서울특별시,11620,관악구,관악산,69.02
20250329,11,서울특별시,11620,관악구,관악산,77.94
20250330,11,서울특별시,11620,관악구,관악산,77.3
20250331,11,서울특별시,11620,관악구,관악산,68.82
20250401,11,서울특별시,11620,관악구,관악산,68.82
20250402,11,서울특별시,11620,관악구,관악산,70.01
20250403,11,서울특별시,11620,관악구,관악산,68.82
20250404,11,서울특별시,11620,관악구,관악산,69.45
20250405,11,서울특별시,11620,관악구,관악산,78.08
20250406,11,서울특별시,11620,관악구,관악산,71.02
20250407,11,서울특별시,11620,관악구,관악산,70.01
20250408,11,서울특별시,11620,관악구,관악산,70.01
20250409,11,서울특별시,11620,관악구,관악산,70.01
20250410,11,서울특별시,11620,관악구,관악산,70.01
20250411,11,서울특별시,11620,관악구,관악산,68.82
20250313,11,서울특별시,11620,관악구,관악산 낙성대공원,35.81
20250314,11,서울특별시,11620,관악구,관악산 낙성대공원,39.34
20250315,11,서울특별시,11620,관악구,관악산 낙성대공원,55.34
20250316,11,서울특별시,11620,관악구,관악산 낙성대공원,41.3
20250317,11,서울특별시,11620,관악구,관악산 낙성대공원,40.19
20250318,11,서울특별시,11620,관악구,관악산 낙성대공원,39.23
20250319,11,서울특별시,11620,관악구,관악산 낙성대공원,39.23
20250320,11,서울특별시,11620,관악구,관악산 낙성대공원,39.23
20250321,11,서울특별시,11620,관악구,관악산 낙성대공원,39.38
20250322,11,서울특별시,11620,관악구,관악산 낙성대공원,55.34
20250323,11,서울특별시,11620,관악구,관악산 낙성대공원,41.3
20250324,11,서울특별시,11620,관악구,관악산 낙성대공원,40.52
20250325,11,서울특별시,11620,관악구,관악산 낙성대공원,40.26
20250326,11,서울특별시,11620,관악구,관악산 낙성대공원,44.65
20250327,11,서울특별시,11620,관악구,관악산 낙성대공원,40.26
20250328,11,서울특별시,11620,관악구,관악산 낙성대공원,35.73
20250329,11,서울특별시,11620,관악구,관악산 낙성대공원,48.8
20250330,11,서울특별시,11620,관악구,관악산 낙성대공원,40.13
20250331,11,서울특별시,11620,관악구,관악산 낙성대공원,42.99
20250401,11,서울특별시,11620,관악구,관악산 낙성대공원,42.99
20250402,11,서울특별시,11620,관악구,관악산 낙성대공원,46.68
20250403,11,서울특별시,11620,관악구,관악산 낙성대공원,42.99
20250404,11,서울특별시,11620,관악구,관악산 낙성대공원,40.19
20250405,11,서울특별시,11620,관악구,관악산 낙성대공원,39.51
20250406,11,서울특별시,11620,관악구,관악산 낙성대공원,39.38
20250407,11,서울특별시,11620,관악구,관악산 낙성대공원,46.68
20250408,11,서울특별시,11620,관악구,관악산 낙성대공원,46.68
20250409,11,서울특별시,11620,관악구,관악산 낙성대공원,46.68
20250410,11,서울특별시,11620,관악구,관악산 낙성대공원,46.68
20250411,11,서울특별시,11620,관악구,관악산 낙성대공원,42.99
20250313,11,서울특별시,11620,관악구,관악산 생태공원,63.31
20250314,11,서울특별시,11620,관악구,관악산 생태공원,65.68
20250315,11,서울특별시,11620,관악구,관악산 생태공원,89.58
20250316,11,서울특별시,11620,관악구,관악산 생태공원,60.75
20250317,11,서울특별시,11620,관악구,관악산 생태공원,35.7
20250318,11,서울특별시,11620,관악구,관악산 생태공원,46.37
20250319,11,서울특별시,11620,관악구,관악산 생태공원,46.37
20250320,11,서울특별시,11620,관악구,관악산 생태공원,63.29
20250321,11,서울특별시,11620,관악구,관악산 생태공원,64.33
20250322,11,서울특별시,11620,관악구,관악산 생태공원,88.7
20250323,11,서울특별시,11620,관악구,관악산 생태공원,60.75
20250324,11,서울특별시,11620,관악구,관악산 생태공원,45.45
20250325,11,서울특별시,11620,관악구,관악산 생태공원,37.1
20250326,11,서울특별시,11620,관악구,관악산 생태공원,37.1
20250327,11,서울특별시,11620,관악구,관악산 생태공원,37.1
20250328,11,서울특별시,11620,관악구,관악산 생태공원,63.29
20250329,11,서울특별시,11620,관악구,관악산 생태공원,86.39
20250330,11,서울특별시,11620,관악구,관악산 생태공원,61.15
20250331,11,서울특별시,11620,관악구,관악산 생태공원,48.15
20250401,11,서울특별시,11620,관악구,관악산 생태공원,48.15
20250402,11,서울특별시,11620,관악구,관악산 생태공원,49.13
20250403,11,서울특별시,11620,관악구,관악산 생태공원,46.6
20250404,11,서울특별시,11620,관악구,관악산 생태공원,35.7
20250405,11,서울특별시,11620,관악구,관악산 생태공원,72.51
20250406,11,서울특별시,11620,관악구,관악산 생태공원,64.33
20250407,11,서울특별시,11620,관악구,관악산 생태공원,49.13
20250408,11,서울특별시,11620,관악구,관악산 생태공원,49.13
20250409,11,서울특별시,11620,관악구,관악산 생태공원,49.13
20250410,11,서울특별시,11620,관악구,관악산 생태공원,49.13
20250411,11,서울특별시,11620,관악구,관악산 생태공원,46.6
20250313,11,서울특별시,11620,관악구,관악산 호수공원,75.79
20250314,11,서울특별시,11620,관악구,관악산 호수공원,83.78
20250315,11,서울특별시,11620,관악구,관악산 호수공원,99.92
20250316,11,서울특별시,11620,관악구,관악산 호수공원,82.74
20250317,11,서울특별시,11620,관악구,관악산 호수공원,75.8
20250318,11,서울특별시,11620,관악구,관악산 호수공원,77.35
20250319,11,서울특별시,11620,관악구,관악산 호수공원,77.35
20250320,11,서울특별시,11620,관악구,관악산 호수공원,77.35
20250321,11,서울특별시,11620,관악구,관악산 호수공원,83.32
20250322,11,서울특별시,11620,관악구,관악산 호수공원,99.88
20250323,11,서울특별시,11620,관악구,관악산 호수공원,82.74
20250324,11,서울특별시,11620,관악구,관악산 호수공원,76
20250325,11,서울특별시,11620,관악구,관악산 호수공원,76.28
20250326,11,서울특별시,11620,관악구,관악산 호수공원,76.28
20250327,11,서울특별시,11620,관악구,관악산 호수공원,76.28
20250328,11,서울특별시,11620,관악구,관악산 호수공원,76.49
20250329,11,서울특별시,11620,관악구,관악산 호수공원,99.89
20250330,11,서울특별시,11620,관악구,관악산 호수공원,83.88
20250331,11,서울특별시,11620,관악구,관악산 호수공원,75.86
20250401,11,서울특별시,11620,관악구,관악산 호수공원,75.86
20250402,11,서울특별시,11620,관악구,관악산 호수공원,75.91
20250403,11,서울특별시,11620,관악구,관악산 호수공원,75.86
20250404,11,서울특별시,11620,관악구,관악산 호수공원,75.8
20250405,11,서울특별시,11620,관악구,관악산 호수공원,83.24
20250406,11,서울특별시,11620,관악구,관악산 호수공원,83.32
20250407,11,서울특별시,11620,관악구,관악산 호수공원,75.91
20250408,11,서울특별시,11620,관악구,관악산 호수공원,75.91
20250409,11,서울특별시,11620,관악구,관악산 호수공원,75.91
20250410,11,서울특별시,11620,관악구,관악산 호수공원,75.91
20250411,11,서울특별시,11620,관악구,관악산 호수공원,75.86
20250313,11,서울특별시,11620,관악구,관악산공원 야외식물원,79.85
20250314,11,서울특별시,11620,관악구,관악산공원 야외식물원,80.08
20250315,11,서울특별시,11620,관악구,관악산공원 야외식물원,62.24
20250316,11,서울특별시,11620,관악구,관악산공원 야외식물원,76.15
20250317,11,서울특별시,11620,관악구,관악산공원 야외식물원,79.86
20250318,11,서울특별시,11620,관악구,관악산공원 야외식물원,79.77
20250319,11,서울특별시,11620,관악구,관악산공원 야외식물원,79.77
20250320,11,서울특별시,11620,관악구,관악산공원 야외식물원,79.77
20250321,11,서울특별시,11620,관악구,관악산공원 야외식물원,79.82
20250322,11,서울특별시,11620,관악구,관악산공원 야외식물원,62.26
20250323,11,서울특별시,11620,관악구,관악산공원 야외식물원,76.15
20250324,11,서울특별시,11620,관악구,관악산공원 야외식물원,79.99
20250325,11,서울특별시,11620,관악구,관악산공원 야외식물원,79.99
20250326,11,서울특별시,11620,관악구,관악산공원 야외식물원,79.99
20250327,11,서울특별시,11620,관악구,관악산공원 야외식물원,79.99
20250328,11,서울특별시,11620,관악구,관악산공원 야외식물원,79.85
20250329,11,서울특별시,11620,관악구,관악산공원 야외식물원,62.26
20250330,11,서울특별시,11620,관악구,관악산공원 야외식물원,80.03
20250331,11,서울특별시,11620,관악구,관악산공원 야외식물원,80.13
20250401,11,서울특별시,11620,관악구,관악산공원 야외식물원,80.13
20250402,11,서울특별시,11620,관악구,관악산공원 야외식물원,80.13
20250403,11,서울특별시,11620,관악구,관악산공원 야외식물원,79.99
20250404,11,서울특별시,11620,관악구,관악산공원 야외식물원,79.86
20250405,11,서울특별시,11620,관악구,관악산공원 야외식물원,76.36
20250406,11,서울특별시,11620,관악구,관악산공원 야외식물원,79.82
20250407,11,서울특별시,11620,관악구,관악산공원 야외식물원,80.13
20250408,11,서울특별시,11620,관악구,관악산공원 야외식물원,80.13
20250409,11,서울특별시,11620,관악구,관악산공원 야외식물원,80.13
20250410,11,서울특별시,11620,관악구,관악산공원 야외식물원,80.13
20250411,11,서울특별시,11620,관악구,관악산공원 야외식물원,79.99
20250313,11,서울특별시,11620,관악구,관악신사시장,77.64
20250314,11,서울특별시,11620,관악구,관악신사시장,77.7
20250315,11,서울특별시,11620,관악구,관악신사시장,77.49
20250316,11,서울특별시,11620,관악구,관악신사시장,77.6
20250317,11,서울특별시,11620,관악구,관악신사시장,77.64
20250318,11,서울특별시,11620,관악구,관악신사시장,77.59
20250319,11,서울특별시,11620,관악구,관악신사시장,77.59
20250320,11,서울특별시,11620,관악구,관악신사시장,77.53
20250321,11,서울특별시,11620,관악구,관악신사시장,77.64
20250322,11,서울특별시,11620,관악구,관악신사시장,77.49
20250323,11,서울특별시,11620,관악구,관악신사시장,77.6
20250324,11,서울특별시,11620,관악구,관악신사시장,77.45
20250325,11,서울특별시,11620,관악구,관악신사시장,77.64
20250326,11,서울특별시,11620,관악구,관악신사시장,77.64
20250327,11,서울특별시,11620,관악구,관악신사시장,77.64
20250328,11,서울특별시,11620,관악구,관악신사시장,77.64
20250329,11,서울특별시,11620,관악구,관악신사시장,77.49
20250330,11,서울특별시,11620,관악구,관악신사시장,77.6
20250331,11,서울특별시,11620,관악구,관악신사시장,77.45
20250401,11,서울특별시,11620,관악구,관악신사시장,77.45
20250402,11,서울특별시,11620,관악구,관악신사시장,77.45
20250403,11,서울특별시,11620,관악구,관악신사시장,77.45
20250404,11,서울특별시,11620,관악구,관악신사시장,77.64
20250405,11,서울특별시,11620,관악구,관악신사시장,77.6
20250406,11,서울특별시,11620,관악구,관악신사시장,77.64
20250407,11,서울특별시,11620,관악구,관악신사시장,77.45
20250408,11,서울특별시,11620,관악구,관악신사시장,77.45
20250409,11,서울특별시,11620,관악구,관악신사시장,77.45
20250410,11,서울특별시,11620,관악구,관악신사시장,77.45
20250411,11,서울특별시,11620,관악구,관악신사시장,77.45
20250313,11,서울특별시,11620,관악구,관음사(서울),70.14
20250314,11,서울특별시,11620,관악구,관음사(서울),63.12
20250315,11,서울특별시,11620,관악구,관음사(서울),90.69
20250316,11,서울특별시,11620,관악구,관음사(서울),67.45
20250317,11,서울특별시,11620,관악구,관음사(서울),63.86
20250318,11,서울특별시,11620,관악구,관음사(서울),65.45
20250319,11,서울특별시,11620,관악구,관음사(서울),62.93
20250320,11,서울특별시,11620,관악구,관음사(서울),65.45
20250321,11,서울특별시,11620,관악구,관음사(서울),66.39
20250322,11,서울특별시,11620,관악구,관음사(서울),97.45
20250323,11,서울특별시,11620,관악구,관음사(서울),67.45
20250324,11,서울특별시,11620,관악구,관음사(서울),64.74
20250325,11,서울특별시,11620,관악구,관음사(서울),64.34
20250326,11,서울특별시,11620,관악구,관음사(서울),64.34
20250327,11,서울특별시,11620,관악구,관음사(서울),64.34
20250328,11,서울특별시,11620,관악구,관음사(서울),70.14
20250329,11,서울특별시,11620,관악구,관음사(서울),86.15
20250330,11,서울특별시,11620,관악구,관음사(서울),64.96
20250331,11,서울특별시,11620,관악구,관음사(서울),65.39
20250401,11,서울특별시,11620,관악구,관음사(서울),64.55
20250402,11,서울특별시,11620,관악구,관음사(서울),65.39
20250403,11,서울특별시,11620,관악구,관음사(서울),64.55
20250404,11,서울특별시,11620,관악구,관음사(서울),63.86
20250405,11,서울특별시,11620,관악구,관음사(서울),65.76
20250406,11,서울특별시,11620,관악구,관음사(서울),66.39
20250407,11,서울특별시,11620,관악구,관음사(서울),64.62
20250408,11,서울특별시,11620,관악구,관음사(서울),64.62
20250409,11,서울특별시,11620,관악구,관음사(서울),64.62
20250410,11,서울특별시,11620,관악구,관음사(서울),64.62
20250411,11,서울특별시,11620,관악구,관음사(서울),64.55
20250313,11,서울특별시,11620,관악구,만남의광장,78.9
20250314,11,서울특별시,11620,관악구,만남의광장,78.79
20250315,11,서울특별시,11620,관악구,만남의광장,80.71
20250316,11,서울특별시,11620,관악구,만남의광장,79.6
20250317,11,서울특별시,11620,관악구,만남의광장,77.89
20250318,11,서울특별시,11620,관악구,만남의광장,77.83
20250319,11,서울특별시,11620,관악구,만남의광장,77.83
20250320,11,서울특별시,11620,관악구,만남의광장,77.83
20250321,11,서울특별시,11620,관악구,만남의광장,78.84
20250322,11,서울특별시,11620,관악구,만남의광장,82.78
20250323,11,서울특별시,11620,관악구,만남의광장,79.6
20250324,11,서울특별시,11620,관악구,만남의광장,75.58
20250325,11,서울특별시,11620,관악구,만남의광장,77.91
20250326,11,서울특별시,11620,관악구,만남의광장,77.49
20250327,11,서울특별시,11620,관악구,만남의광장,77.91
20250328,11,서울특별시,11620,관악구,만남의광장,78.05
20250329,11,서울특별시,11620,관악구,만남의광장,89.75
20250330,11,서울특별시,11620,관악구,만남의광장,79.41
20250331,11,서울특별시,11620,관악구,만남의광장,75.66
20250401,11,서울특별시,11620,관악구,만남의광장,75.66
20250402,11,서울특별시,11620,관악구,만남의광장,74.02
20250403,11,서울특별시,11620,관악구,만남의광장,75.66
20250404,11,서울특별시,11620,관악구,만남의광장,77.89
20250405,11,서울특별시,11620,관악구,만남의광장,78.94
20250406,11,서울특별시,11620,관악구,만남의광장,78.84
20250407,11,서울특별시,11620,관악구,만남의광장,74.02
20250408,11,서울특별시,11620,관악구,만남의광장,74.02
20250409,11,서울특별시,11620,관악구,만남의광장,74.02
20250410,11,서울특별시,11620,관악구,만남의광장,74.02
20250411,11,서울특별시,11620,관악구,만남의광장,75.66
20250313,11,서울특별시,11620,관악구,명락사,67.88
20250314,11,서울특별시,11620,관악구,명락사,67.48
20250315,11,서울특별시,11620,관악구,명락사,47.42
20250316,11,서울특별시,11620,관악구,명락사,63.96
20250317,11,서울특별시,11620,관악구,명락사,69.92
20250318,11,서울특별시,11620,관악구,명락사,64.19
20250319,11,서울특별시,11620,관악구,명락사,64.19
20250320,11,서울특별시,11620,관악구,명락사,64.19
20250321,11,서울특별시,11620,관악구,명락사,67.88
20250322,11,서울특별시,11620,관악구,명락사,46.34
20250323,11,서울특별시,11620,관악구,명락사,63.96
20250324,11,서울특별시,11620,관악구,명락사,50.58
20250325,11,서울특별시,11620,관악구,명락사,47.23
20250326,11,서울특별시,11620,관악구,명락사,47.49
20250327,11,서울특별시,11620,관악구,명락사,47.23
20250328,11,서울특별시,11620,관악구,명락사,64.19
20250329,11,서울특별시,11620,관악구,명락사,52.55
20250330,11,서울특별시,11620,관악구,명락사,71.76
20250331,11,서울특별시,11620,관악구,명락사,69.17
20250401,11,서울특별시,11620,관악구,명락사,69.17
20250402,11,서울특별시,11620,관악구,명락사,71.46
20250403,11,서울특별시,11620,관악구,명락사,69.17
20250404,11,서울특별시,11620,관악구,명락사,69.92
20250405,11,서울특별시,11620,관악구,명락사,67.26
20250406,11,서울특별시,11620,관악구,명락사,67.88
20250407,11,서울특별시,11620,관악구,명락사,71.46
20250408,11,서울특별시,11620,관악구,명락사,71.46
20250409,11,서울특별시,11620,관악구,명락사,71.46
20250410,11,서울특별시,11620,관악구,명락사,71.46
20250411,11,서울특별시,11620,관악구,명락사,69.17
20250313,11,서울특별시,11620,관악구,봉일시장,76.86
20250314,11,서울특별시,11620,관악구,봉일시장,75.55
20250315,11,서울특별시,11620,관악구,봉일시장,89.1
20250316,11,서울특별시,11620,관악구,봉일시장,75.55
20250317,11,서울특별시,11620,관악구,봉일시장,76.03
20250318,11,서울특별시,11620,관악구,봉일시장,76.03
20250319,11,서울특별시,11620,관악구,봉일시장,76.03
20250320,11,서울특별시,11620,관악구,봉일시장,76.03
20250321,11,서울특별시,11620,관악구,봉일시장,76.86
20250322,11,서울특별시,11620,관악구,봉일시장,88.39
20250323,11,서울특별시,11620,관악구,봉일시장,75.55
20250324,11,서울특별시,11620,관악구,봉일시장,78.96
20250325,11,서울특별시,11620,관악구,봉일시장,76.03
20250326,11,서울특별시,11620,관악구,봉일시장,78.96
20250327,11,서울특별시,11620,관악구,봉일시장,76.03
20250328,11,서울특별시,11620,관악구,봉일시장,76.86
20250329,11,서울특별시,11620,관악구,봉일시장,76.7
20250330,11,서울특별시,11620,관악구,봉일시장,75.55
20250331,11,서울특별시,11620,관악구,봉일시장,79.05
20250401,11,서울특별시,11620,관악구,봉일시장,79.05
20250402,11,서울특별시,11620,관악구,봉일시장,79.05
20250403,11,서울특별시,11620,관악구,봉일시장,79.05
20250404,11,서울특별시,11620,관악구,봉일시장,76.03
20250405,11,서울특별시,11620,관악구,봉일시장,76.62
20250406,11,서울특별시,11620,관악구,봉일시장,76.86
20250407,11,서울특별시,11620,관악구,봉일시장,79.05
20250408,11,서울특별시,11620,관악구,봉일시장,79.05
20250409,11,서울특별시,11620,관악구,봉일시장,79.05
20250410,11,서울특별시,11620,관악구,봉일시장,79.05
20250411,11,서울특별시,11620,관악구,봉일시장,79.05
20250313,11,서울특별시,11620,관악구,봉천중앙시장,74.64
20250314,11,서울특별시,11620,관악구,봉천중앙시장,72.69
20250315,11,서울특별시,11620,관악구,봉천중앙시장,84.34
20250316,11,서울특별시,11620,관악구,봉천중앙시장,72.27
20250317,11,서울특별시,11620,관악구,봉천중앙시장,64.83
20250318,11,서울특별시,11620,관악구,봉천중앙시장,73.46
20250319,11,서울특별시,11620,관악구,봉천중앙시장,73.46
20250320,11,서울특별시,11620,관악구,봉천중앙시장,73.35
20250321,11,서울특별시,11620,관악구,봉천중앙시장,74.58
20250322,11,서울특별시,11620,관악구,봉천중앙시장,85.73
20250323,11,서울특별시,11620,관악구,봉천중앙시장,72.27
20250324,11,서울특별시,11620,관악구,봉천중앙시장,71.31
20250325,11,서울특별시,11620,관악구,봉천중앙시장,64.8
20250326,11,서울특별시,11620,관악구,봉천중앙시장,64.8
20250327,11,서울특별시,11620,관악구,봉천중앙시장,64.8
20250328,11,서울특별시,11620,관악구,봉천중앙시장,74.64
20250329,11,서울특별시,11620,관악구,봉천중앙시장,86.34
20250330,11,서울특별시,11620,관악구,봉천중앙시장,72.03
20250331,11,서울특별시,11620,관악구,봉천중앙시장,72.62
20250401,11,서울특별시,11620,관악구,봉천중앙시장,72.62
20250402,11,서울특별시,11620,관악구,봉천중앙시장,76.39
20250403,11,서울특별시,11620,관악구,봉천중앙시장,72.62
20250404,11,서울특별시,11620,관악구,봉천중앙시장,64.83
20250405,11,서울특별시,11620,관악구,봉천중앙시장,74.17
20250406,11,서울특별시,11620,관악구,봉천중앙시장,74.58
20250407,11,서울특별시,11620,관악구,봉천중앙시장,76.39
20250408,11,서울특별시,11620,관악구,봉천중앙시장,76.39
20250409,11,서울특별시,11620,관악구,봉천중앙시장,76.39
20250410,11,서울특별시,11620,관악구,봉천중앙시장,76.39
20250411,11,서울특별시,11620,관악구,봉천중앙시장,72.62
20250313,11,서울특별시,11620,관악구,삼성동시장,84.85
20250314,11,서울특별시,11620,관악구,삼성동시장,81.05
20250315,11,서울특별시,11620,관악구,삼성동시장,93.86
20250316,11,서울특별시,11620,관악구,삼성동시장,85.02
20250317,11,서울특별시,11620,관악구,삼성동시장,85.87
20250318,11,서울특별시,11620,관악구,삼성동시장,87.49
20250319,11,서울특별시,11620,관악구,삼성동시장,87.49
20250320,11,서울특별시,11620,관악구,삼성동시장,87.49
20250321,11,서울특별시,11620,관악구,삼성동시장,84.81
20250322,11,서울특별시,11620,관악구,삼성동시장,93.45
20250323,11,서울특별시,11620,관악구,삼성동시장,84.46
20250324,11,서울특별시,11620,관악구,삼성동시장,85.96
20250325,11,서울특별시,11620,관악구,삼성동시장,85.76
20250326,11,서울특별시,11620,관악구,삼성동시장,85.93
20250327,11,서울특별시,11620,관악구,삼성동시장,85.76
20250328,11,서울특별시,11620,관악구,삼성동시장,84.87
20250329,11,서울특별시,11620,관악구,삼성동시장,92.32
20250330,11,서울특별시,11620,관악구,삼성동시장,84.62
20250331,11,서울특별시,11620,관악구,삼성동시장,85.91
20250401,11,서울특별시,11620,관악구,삼성동시장,85.91
20250402,11,서울특별시,11620,관악구,삼성동시장,85.91
20250403,11,서울특별시,11620,관악구,삼성동시장,85.96
20250404,11,서울특별시,11620,관악구,삼성동시장,85.87
20250405,11,서울특별시,11620,관악구,삼성동시장,85.09
20250406,11,서울특별시,11620,관악구,삼성동시장,84.81
20250407,11,서울특별시,11620,관악구,삼성동시장,85.4
20250408,11,서울특별시,11620,관악구,삼성동시장,85.4
20250409,11,서울특별시,11620,관악구,삼성동시장,85.4
20250410,11,서울특별시,11620,관악구,삼성동시장,85.4
20250411,11,서울특별시,11620,관악구,삼성동시장,85.96
20250313,11,서울특별시,11620,관악구,삼성산성지,72.97
20250314,11,서울특별시,11620,관악구,삼성산성지,77.58
20250315,11,서울특별시,11620,관악구,삼성산성지,63.8
20250316,11,서울특별시,11620,관악구,삼성산성지,68.85
20250317,11,서울특별시,11620,관악구,삼성산성지,61.02
20250318,11,서울특별시,11620,관악구,삼성산성지,63.57
20250319,11,서울특별시,11620,관악구,삼성산성지,63.57
20250320,11,서울특별시,11620,관악구,삼성산성지,63.57
20250321,11,서울특별시,11620,관악구,삼성산성지,74.64
20250322,11,서울특별시,11620,관악구,삼성산성지,92.3
20250323,11,서울특별시,11620,관악구,삼성산성지,68.85
20250324,11,서울특별시,11620,관악구,삼성산성지,61.37
20250325,11,서울특별시,11620,관악구,삼성산성지,61.91
20250326,11,서울특별시,11620,관악구,삼성산성지,62.37
20250327,11,서울특별시,11620,관악구,삼성산성지,61.91
20250328,11,서울특별시,11620,관악구,삼성산성지,73.11
20250329,11,서울특별시,11620,관악구,삼성산성지,63.81
20250330,11,서울특별시,11620,관악구,삼성산성지,66.49
20250331,11,서울특별시,11620,관악구,삼성산성지,61.55
20250401,11,서울특별시,11620,관악구,삼성산성지,61.55
20250402,11,서울특별시,11620,관악구,삼성산성지,67.71
20250403,11,서울특별시,11620,관악구,삼성산성지,61.55
20250404,11,서울특별시,11620,관악구,삼성산성지,61.02
20250405,11,서울특별시,11620,관악구,삼성산성지,67.67
20250406,11,서울특별시,11620,관악구,삼성산성지,74.64
20250407,11,서울특별시,11620,관악구,삼성산성지,67.71
20250408,11,서울특별시,11620,관악구,삼성산성지,67.71
20250409,11,서울특별시,11620,관악구,삼성산성지,67.71
20250410,11,서울특별시,11620,관악구,삼성산성지,67.71
20250411,11,서울특별시,11620,관악구,삼성산성지,61.55
20250313,11,서울특별시,11620,관악구,서울 구 벨기에영사관(현 서울시립 남서울미술관),73.76
20250314,11,서울특별시,11620,관악구,서울 구 벨기에영사관(현 서울시립 남서울미술관),73.27
20250315,11,서울특별시,11620,관악구,서울 구 벨기에영사관(현 서울시립 남서울미술관),83.39
20250316,11,서울특별시,11620,관악구,서울 구 벨기에영사관(현 서울시립 남서울미술관),72.72
20250317,11,서울특별시,11620,관악구,서울 구 벨기에영사관(현 서울시립 남서울미술관),73.6
20250318,11,서울특별시,11620,관악구,서울 구 벨기에영사관(현 서울시립 남서울미술관),72.72
20250319,11,서울특별시,11620,관악구,서울 구 벨기에영사관(현 서울시립 남서울미술관),72.72
20250320,11,서울특별시,11620,관악구,서울 구 벨기에영사관(현 서울시립 남서울미술관),72.72
20250321,11,서울특별시,11620,관악구,서울 구 벨기에영사관(현 서울시립 남서울미술관),73.81
20250322,11,서울특별시,11620,관악구,서울 구 벨기에영사관(현 서울시립 남서울미술관),83.56
20250313,11,서울특별시,11650,서초구,aT센터(에이티센터),79.65
20250314,11,서울특별시,11650,서초구,aT센터(에이티센터),80.74
20250315,11,서울특별시,11650,서초구,aT센터(에이티센터),39.41
20250316,11,서울특별시,11650,서초구,aT센터(에이티센터),65.22
20250317,11,서울특별시,11650,서초구,aT센터(에이티센터),79.88
20250318,11,서울특별시,11650,서초구,aT센터(에이티센터),82.24
20250319,11,서울특별시,11650,서초구,aT센터(에이티센터),71.76
20250320,11,서울특별시,11650,서초구,aT센터(에이티센터),82.24
20250321,11,서울특별시,11650,서초구,aT센터(에이티센터),71.76
20250322,11,서울특별시,11650,서초구,aT센터(에이티센터),45.65
20250323,11,서울특별시,11650,서초구,aT센터(에이티센터),43.03
20250324,11,서울특별시,11650,서초구,aT센터(에이티센터),82.24
20250325,11,서울특별시,11650,서초구,aT센터(에이티센터),82.24
20250326,11,서울특별시,11650,서초구,aT센터(에이티센터),82.24
20250327,11,서울특별시,11650,서초구,aT센터(에이티센터),79.65
20250328,11,서울특별시,11650,서초구,aT센터(에이티센터),71.76
20250329,11,서울특별시,11650,서초구,aT센터(에이티센터),42.9
20250330,11,서울특별시,11650,서초구,aT센터(에이티센터),37.83
20250331,11,서울특별시,11650,서초구,aT센터(에이티센터),79.65
20250401,11,서울특별시,11650,서초구,aT센터(에이티센터),82.24
20250402,11,서울특별시,11650,서초구,aT센터(에이티센터),80.74
20250403,11,서울특별시,11650,서초구,aT센터(에이티센터),82.24
20250404,11,서울특별시,11650,서초구,aT센터(에이티센터),71.69
20250405,11,서울특별시,11650,서초구,aT센터(에이티센터),42.9
20250406,11,서울특별시,11650,서초구,aT센터(에이티센터),37.83
20250407,11,서울특별시,11650,서초구,aT센터(에이티센터),80.74
20250408,11,서울특별시,11650,서초구,aT센터(에이티센터),71.76
20250409,11,서울특별시,11650,서초구,aT센터(에이티센터),71.69
20250410,11,서울특별시,11650,서초구,aT센터(에이티센터),80.74
20250411,11,서울특별시,11650,서초구,aT센터(에이티센터),71.69
20250313,11,서울특별시,11650,서초구,강남,84.8
20250314,11,서울특별시,11650,서초구,강남,86.82
20250315,11,서울특별시,11650,서초구,강남,88.46
20250316,11,서울특별시,11650,서초구,강남,89.83
20250317,11,서울특별시,11650,서초구,강남,84.8
20250318,11,서울특별시,11650,서초구,강남,86.82
20250319,11,서울특별시,11650,서초구,강남,86.96
20250320,11,서울특별시,11650,서초구,강남,86.82
20250321,11,서울특별시,11650,서초구,강남,89.66
20250322,11,서울특별시,11650,서초구,강남,73.67
20250323,11,서울특별시,11650,서초구,강남,88.53
20250324,11,서울특별시,11650,서초구,강남,86.85
20250325,11,서울특별시,11650,서초구,강남,86.82
20250326,11,서울특별시,11650,서초구,강남,86.82
20250327,11,서울특별시,11650,서초구,강남,84.8
20250328,11,서울특별시,11650,서초구,강남,89.66
20250329,11,서울특별시,11650,서초구,강남,88.73
20250330,11,서울특별시,11650,서초구,강남,89.03
20250331,11,서울특별시,11650,서초구,강남,86.85
20250401,11,서울특별시,11650,서초구,강남,86.85
20250402,11,서울특별시,11650,서초구,강남,86.82
20250403,11,서울특별시,11650,서초구,강남,86.85
20250404,11,서울특별시,11650,서초구,강남,88.57
20250405,11,서울특별시,11650,서초구,강남,88.73
20250406,11,서울특별시,11650,서초구,강남,89.03
20250407,11,서울특별시,11650,서초구,강남,86.96
20250408,11,서울특별시,11650,서초구,강남,86.96
20250409,11,서울특별시,11650,서초구,강남,88.57
20250410,11,서울특별시,11650,서초구,강남,86.82
20250411,11,서울특별시,11650,서초구,강남,88.57
20250313,11,서울특별시,11650,서초구,관문사(서울),23.16
20250314,11,서울특별시,11650,서초구,관문사(서울),21.91
20250315,11,서울특별시,11650,서초구,관문사(서울),41.01
20250316,11,서울특별시,11650,서초구,관문사(서울),37.22
20250317,11,서울특별시,11650,서초구,관문사(서울),23.16
20250318,11,서울특별시,11650,서초구,관문사(서울),21.91
20250319,11,서울특별시,11650,서초구,관문사(서울),22.84
20250320,11,서울특별시,11650,서초구,관문사(서울),21.91
20250321,11,서울특별시,11650,서초구,관문사(서울),22.22
20250322,11,서울특별시,11650,서초구,관문사(서울),41.49
20250323,11,서울특별시,11650,서초구,관문사(서울),41.01
20250324,11,서울특별시,11650,서초구,관문사(서울),22.92
20250325,11,서울특별시,11650,서초구,관문사(서울),21.91
20250326,11,서울특별시,11650,서초구,관문사(서울),21.91
20250327,11,서울특별시,11650,서초구,관문사(서울),23.16
20250328,11,서울특별시,11650,서초구,관문사(서울),22.22
20250329,11,서울특별시,11650,서초구,관문사(서울),41.29
20250330,11,서울특별시,11650,서초구,관문사(서울),36.26
20250331,11,서울특별시,11650,서초구,관문사(서울),22.92
20250401,11,서울특별시,11650,서초구,관문사(서울),22.92
20250402,11,서울특별시,11650,서초구,관문사(서울),21.91
20250403,11,서울특별시,11650,서초구,관문사(서울),22.92
20250404,11,서울특별시,11650,서초구,관문사(서울),23.2
20250405,11,서울특별시,11650,서초구,관문사(서울),41.29
20250406,11,서울특별시,11650,서초구,관문사(서울),36.26
20250407,11,서울특별시,11650,서초구,관문사(서울),22.84
20250408,11,서울특별시,11650,서초구,관문사(서울),22.84
20250409,11,서울특별시,11650,서초구,관문사(서울),23.2
20250410,11,서울특별시,11650,서초구,관문사(서울),21.91
20250411,11,서울특별시,11650,서초구,관문사(서울),23.2
20250313,11,서울특별시,11650,서초구,구룡사,57.1
20250314,11,서울특별시,11650,서초구,구룡사,57.97
20250315,11,서울특별시,11650,서초구,구룡사,63.93
20250316,11,서울특별시,11650,서초구,구룡사,63.14
20250317,11,서울특별시,11650,서초구,구룡사,57.1
20250318,11,서울특별시,11650,서초구,구룡사,57.97
20250319,11,서울특별시,11650,서초구,구룡사,61.27
20250320,11,서울특별시,11650,서초구,구룡사,57.97
20250321,11,서울특별시,11650,서초구,구룡사,57.64
20250322,11,서울특별시,11650,서초구,구룡사,63.81
20250323,11,서울특별시,11650,서초구,구룡사,63.93
20250324,11,서울특별시,11650,서초구,구룡사,57.97
20250325,11,서울특별시,11650,서초구,구룡사,57.97
20250326,11,서울특별시,11650,서초구,구룡사,57.97
20250327,11,서울특별시,11650,서초구,구룡사,57.1
20250328,11,서울특별시,11650,서초구,구룡사,57.64
20250329,11,서울특별시,11650,서초구,구룡사,63.93
20250330,11,서울특별시,11650,서초구,구룡사,63.93
20250331,11,서울특별시,11650,서초구,구룡사,57.1
20250401,11,서울특별시,11650,서초구,구룡사,57.97
20250402,11,서울특별시,11650,서초구,구룡사,57.97
20250403,11,서울특별시,11650,서초구,구룡사,57.1
20250404,11,서울특별시,11650,서초구,구룡사,57.64
20250405,11,서울특별시,11650,서초구,구룡사,63.93
20250406,11,서울특별시,11650,서초구,구룡사,63.93
20250407,11,서울특별시,11650,서초구,구룡사,61.27
20250408,11,서울특별시,11650,서초구,구룡사,61.27
20250409,11,서울특별시,11650,서초구,구룡사,57.64
20250410,11,서울특별시,11650,서초구,구룡사,57.97
20250411,11,서울특별시,11650,서초구,구룡사,57.64
20250313,11,서울특별시,11650,서초구,구룡산(서울),72.14
20250314,11,서울특별시,11650,서초구,구룡산(서울),68.69
20250315,11,서울특별시,11650,서초구,구룡산(서울),86.96
20250316,11,서울특별시,11650,서초구,구룡산(서울),85.09
20250317,11,서울특별시,11650,서초구,구룡산(서울),73.1
20250318,11,서울특별시,11650,서초구,구룡산(서울),67.58
20250319,11,서울특별시,11650,서초구,구룡산(서울),68.82
20250320,11,서울특별시,11650,서초구,구룡산(서울),67.58
20250321,11,서울특별시,11650,서초구,구룡산(서울),68.82
20250322,11,서울특별시,11650,서초구,구룡산(서울),81.18
20250323,11,서울특별시,11650,서초구,구룡산(서울),86.96
20250324,11,서울특별시,11650,서초구,구룡산(서울),67.58
20250325,11,서울특별시,11650,서초구,구룡산(서울),67.58
20250326,11,서울특별시,11650,서초구,구룡산(서울),68.69
20250327,11,서울특별시,11650,서초구,구룡산(서울),72.14
20250328,11,서울특별시,11650,서초구,구룡산(서울),68.82
20250329,11,서울특별시,11650,서초구,구룡산(서울),81.32
20250330,11,서울특별시,11650,서초구,구룡산(서울),86.98
20250331,11,서울특별시,11650,서초구,구룡산(서울),67.58
20250401,11,서울특별시,11650,서초구,구룡산(서울),67.58
20250402,11,서울특별시,11650,서초구,구룡산(서울),68.69
20250403,11,서울특별시,11650,서초구,구룡산(서울),67.58
20250404,11,서울특별시,11650,서초구,구룡산(서울),65.55
20250405,11,서울특별시,11650,서초구,구룡산(서울),81.32
20250406,11,서울특별시,11650,서초구,구룡산(서울),86.98
20250407,11,서울특별시,11650,서초구,구룡산(서울),68.69
20250408,11,서울특별시,11650,서초구,구룡산(서울),68.82
20250409,11,서울특별시,11650,서초구,구룡산(서울),65.55
20250410,11,서울특별시,11650,서초구,구룡산(서울),68.69
20250411,11,서울특별시,11650,서초구,구룡산(서울),65.55
20250313,11,서울특별시,11650,서초구,국립국악원,46.59
20250314,11,서울특별시,11650,서초구,국립국악원,46.59
20250315,11,서울특별시,11650,서초구,국립국악원,46.71
20250316,11,서울특별시,11650,서초구,국립국악원,46.7
20250317,11,서울특별시,11650,서초구,국립국악원,46.59
20250318,11,서울특별시,11650,서초구,국립국악원,46.59
20250319,11,서울특별시,11650,서초구,국립국악원,46.59
20250320,11,서울특별시,11650,서초구,국립국악원,46.59
20250321,11,서울특별시,11650,서초구,국립국악원,46.59
20250322,11,서울특별시,11650,서초구,국립국악원,46.71
20250323,11,서울특별시,11650,서초구,국립국악원,46.71
20250324,11,서울특별시,11650,서초구,국립국악원,46.59
20250325,11,서울특별시,11650,서초구,국립국악원,46.59
20250326,11,서울특별시,11650,서초구,국립국악원,46.59
20250327,11,서울특별시,11650,서초구,국립국악원,46.59
20250328,11,서울특별시,11650,서초구,국립국악원,46.59
20250329,11,서울특별시,11650,서초구,국립국악원,46.71
20250330,11,서울특별시,11650,서초구,국립국악원,46.7
20250331,11,서울특별시,11650,서초구,국립국악원,46.59
20250401,11,서울특별시,11650,서초구,국립국악원,46.59
20250402,11,서울특별시,11650,서초구,국립국악원,46.59
20250403,11,서울특별시,11650,서초구,국립국악원,46.59
20250404,11,서울특별시,11650,서초구,국립국악원,46.59
20250405,11,서울특별시,11650,서초구,국립국악원,46.71
20250406,11,서울특별시,11650,서초구,국립국악원,46.7
20250407,11,서울특별시,11650,서초구,국립국악원,46.59
20250408,11,서울특별시,11650,서초구,국립국악원,46.59
20250409,11,서울특별시,11650,서초구,국립국악원,46.59
20250410,11,서울특별시,11650,서초구,국립국악원,46.59
20250411,11,서울특별시,11650,서초구,국립국악원,46.59
20250313,11,서울특별시,11650,서초구,남부종합시장,64.86
20250314,11,서울특별시,11650,서초구,남부종합시장,62.82
20250315,11,서울특별시,11650,서초구,남부종합시장,84.42
20250316,11,서울특별시,11650,서초구,남부종합시장,80.13
20250317,11,서울특별시,11650,서초구,남부종합시장,64.72
20250318,11,서울특별시,11650,서초구,남부종합시장,66.7
20250319,11,서울특별시,11650,서초구,남부종합시장,59.59
20250320,11,서울특별시,11650,서초구,남부종합시장,66.7
20250321,11,서울특별시,11650,서초구,남부종합시장,59.59
20250322,11,서울특별시,11650,서초구,남부종합시장,91.45
20250323,11,서울특별시,11650,서초구,남부종합시장,88.14
20250324,11,서울특별시,11650,서초구,남부종합시장,66.7
20250325,11,서울특별시,11650,서초구,남부종합시장,66.7
20250326,11,서울특별시,11650,서초구,남부종합시장,66.7
20250327,11,서울특별시,11650,서초구,남부종합시장,64.86
20250328,11,서울특별시,11650,서초구,남부종합시장,59.59
20250329,11,서울특별시,11650,서초구,남부종합시장,91.55
20250330,11,서울특별시,11650,서초구,남부종합시장,86.66
20250331,11,서울특별시,11650,서초구,남부종합시장,66.7
20250401,11,서울특별시,11650,서초구,남부종합시장,66.7
20250402,11,서울특별시,11650,서초구,남부종합시장,62.82
20250403,11,서울특별시,11650,서초구,남부종합시장,66.7
20250404,11,서울특별시,11650,서초구,남부종합시장,63
20250405,11,서울특별시,11650,서초구,남부종합시장,91.55
20250406,11,서울특별시,11650,서초구,남부종합시장,84.42
20250407,11,서울특별시,11650,서초구,남부종합시장,62.82
20250408,11,서울특별시,11650,서초구,남부종합시장,59.59
20250409,11,서울특별시,11650,서초구,남부종합시장,63
20250410,11,서울특별시,11650,서초구,남부종합시장,62.82
20250411,11,서울특별시,11650,서초구,남부종합시장,63
20250313,11,서울특별시,11650,서초구,대성사(서울),47.24
20250314,11,서울특별시,11650,서초구,대성사(서울),42.83
20250315,11,서울특별시,11650,서초구,대성사(서울),39.74
20250316,11,서울특별시,11650,서초구,대성사(서울),43.41
20250317,11,서울특별시,11650,서초구,대성사(서울),48.4
20250318,11,서울특별시,11650,서초구,대성사(서울),42.61
20250319,11,서울특별시,11650,서초구,대성사(서울),44.76
20250320,11,서울특별시,11650,서초구,대성사(서울),42.61
20250321,11,서울특별시,11650,서초구,대성사(서울),44.76
20250322,11,서울특별시,11650,서초구,대성사(서울),44.81
20250323,11,서울특별시,11650,서초구,대성사(서울),39.81
20250324,11,서울특별시,11650,서초구,대성사(서울),42.61
20250325,11,서울특별시,11650,서초구,대성사(서울),42.61
20250326,11,서울특별시,11650,서초구,대성사(서울),42.83
20250327,11,서울특별시,11650,서초구,대성사(서울),47.24
20250328,11,서울특별시,11650,서초구,대성사(서울),44.76
20250329,11,서울특별시,11650,서초구,대성사(서울),48.81
20250330,11,서울특별시,11650,서초구,대성사(서울),39.74
20250331,11,서울특별시,11650,서초구,대성사(서울),42.61
20250401,11,서울특별시,11650,서초구,대성사(서울),42.61
20250402,11,서울특별시,11650,서초구,대성사(서울),42.83
20250403,11,서울특별시,11650,서초구,대성사(서울),42.61
20250404,11,서울특별시,11650,서초구,대성사(서울),43.95
20250405,11,서울특별시,11650,서초구,대성사(서울),48.81
20250406,11,서울특별시,11650,서초구,대성사(서울),39.74
20250407,11,서울특별시,11650,서초구,대성사(서울),42.83
20250408,11,서울특별시,11650,서초구,대성사(서울),44.76
20250409,11,서울특별시,11650,서초구,대성사(서울),43.95
20250410,11,서울특별시,11650,서초구,대성사(서울),42.83
20250411,11,서울특별시,11650,서초구,대성사(서울),43.95
20250313,11,서울특별시,11650,서초구,매헌 시민의 숲,80.32
20250314,11,서울특별시,11650,서초구,매헌 시민의 숲,82.42
20250315,11,서울특별시,11650,서초구,매헌 시민의 숲,77.96
20250316,11,서울특별시,11650,서초구,매헌 시민의 숲,83
20250317,11,서울특별시,11650,서초구,매헌 시민의 숲,80.32
20250318,11,서울특별시,11650,서초구,매헌 시민의 숲,82.42
20250319,11,서울특별시,11650,서초구,매헌 시민의 숲,81.88
20250320,11,서울특별시,11650,서초구,매헌 시민의 숲,82.42
20250321,11,서울특별시,11650,서초구,매헌 시민의 숲,82.39
20250322,11,서울특별시,11650,서초구,매헌 시민의 숲,75.19
20250323,11,서울특별시,11650,서초구,매헌 시민의 숲,75.36
20250324,11,서울특별시,11650,서초구,매헌 시민의 숲,83
20250325,11,서울특별시,11650,서초구,매헌 시민의 숲,82.42
20250326,11,서울특별시,11650,서초구,매헌 시민의 숲,82.42
20250327,11,서울특별시,11650,서초구,매헌 시민의 숲,80.32
20250328,11,서울특별시,11650,서초구,매헌 시민의 숲,82.39
20250329,11,서울특별시,11650,서초구,매헌 시민의 숲,75.27
20250330,11,서울특별시,11650,서초구,매헌 시민의 숲,77.96
20250331,11,서울특별시,11650,서초구,매헌 시민의 숲,83
20250401,11,서울특별시,11650,서초구,매헌 시민의 숲,82.42
20250402,11,서울특별시,11650,서초구,매헌 시민의 숲,82.42
20250403,11,서울특별시,11650,서초구,매헌 시민의 숲,83
20250404,11,서울특별시,11650,서초구,매헌 시민의 숲,82.39
20250405,11,서울특별시,11650,서초구,매헌 시민의 숲,75.27
20250406,11,서울특별시,11650,서초구,매헌 시민의 숲,77.96
20250407,11,서울특별시,11650,서초구,매헌 시민의 숲,81.88
20250408,11,서울특별시,11650,서초구,매헌 시민의 숲,81.88
20250409,11,서울특별시,11650,서초구,매헌 시민의 숲,82.39
20250410,11,서울특별시,11650,서초구,매헌 시민의 숲,82.42
20250411,11,서울특별시,11650,서초구,매헌 시민의 숲,82.39
20250313,11,서울특별시,11650,서초구,매헌 윤봉길의사 기념관,69.05
20250314,11,서울특별시,11650,서초구,매헌 윤봉길의사 기념관,68.83
20250315,11,서울특별시,11650,서초구,매헌 윤봉길의사 기념관,68.48
20250316,11,서울특별시,11650,서초구,매헌 윤봉길의사 기념관,68.59
20250317,11,서울특별시,11650,서초구,매헌 윤봉길의사 기념관,75.98
20250318,11,서울특별시,11650,서초구,매헌 윤봉길의사 기념관,68.83
20250319,11,서울특별시,11650,서초구,매헌 윤봉길의사 기념관,67.5
20250320,11,서울특별시,11650,서초구,매헌 윤봉길의사 기념관,68.83
20250321,11,서울특별시,11650,서초구,매헌 윤봉길의사 기념관,67.5
20250322,11,서울특별시,11650,서초구,매헌 윤봉길의사 기념관,68.53
20250323,11,서울특별시,11650,서초구,매헌 윤봉길의사 기념관,68.5
20250324,11,서울특별시,11650,서초구,매헌 윤봉길의사 기념관,68.83
20250325,11,서울특별시,11650,서초구,매헌 윤봉길의사 기념관,68.83
20250326,11,서울특별시,11650,서초구,매헌 윤봉길의사 기념관,68.83
20250327,11,서울특별시,11650,서초구,매헌 윤봉길의사 기념관,69.05
20250328,11,서울특별시,11650,서초구,매헌 윤봉길의사 기념관,67.5
20250329,11,서울특별시,11650,서초구,매헌 윤봉길의사 기념관,68.52
20250330,11,서울특별시,11650,서초구,매헌 윤봉길의사 기념관,68.48
20250331,11,서울특별시,11650,서초구,매헌 윤봉길의사 기념관,68.83
20250401,11,서울특별시,11650,서초구,매헌 윤봉길의사 기념관,68.83
20250402,11,서울특별시,11650,서초구,매헌 윤봉길의사 기념관,68.83
20250403,11,서울특별시,11650,서초구,매헌 윤봉길의사 기념관,68.83
20250404,11,서울특별시,11650,서초구,매헌 윤봉길의사 기념관,67.5
20250405,11,서울특별시,11650,서초구,매헌 윤봉길의사 기념관,68.52
20250406,11,서울특별시,11650,서초구,매헌 윤봉길의사 기념관,68.48
20250407,11,서울특별시,11650,서초구,매헌 윤봉길의사 기념관,68.66
20250408,11,서울특별시,11650,서초구,매헌 윤봉길의사 기념관,67.5
20250409,11,서울특별시,11650,서초구,매헌 윤봉길의사 기념관,67.5
20250410,11,서울특별시,11650,서초구,매헌 윤봉길의사 기념관,68.83
20250411,11,서울특별시,11650,서초구,매헌 윤봉길의사 기념관,67.5
20250313,11,서울특별시,11650,서초구,몽마르뜨공원,59.89
20250314,11,서울특별시,11650,서초구,몽마르뜨공원,59.23
20250315,11,서울특별시,11650,서초구,몽마르뜨공원,34.44
20250316,11,서울특별시,11650,서초구,몽마르뜨공원,35.15
20250317,11,서울특별시,11650,서초구,몽마르뜨공원,59.89
20250318,11,서울특별시,11650,서초구,몽마르뜨공원,59.23
20250319,11,서울특별시,11650,서초구,몽마르뜨공원,61.72
20250320,11,서울특별시,11650,서초구,몽마르뜨공원,59.23
20250321,11,서울특별시,11650,서초구,몽마르뜨공원,57.53
20250322,11,서울특별시,11650,서초구,몽마르뜨공원,19.93
20250323,11,서울특별시,11650,서초구,몽마르뜨공원,34.44
20250324,11,서울특별시,11650,서초구,몽마르뜨공원,63.74
20250325,11,서울특별시,11650,서초구,몽마르뜨공원,59.23
20250326,11,서울특별시,11650,서초구,몽마르뜨공원,59.23
20250327,11,서울특별시,11650,서초구,몽마르뜨공원,59.89
20250328,11,서울특별시,11650,서초구,몽마르뜨공원,57.53
20250329,11,서울특별시,11650,서초구,몽마르뜨공원,22.38
20250330,11,서울특별시,11650,서초구,몽마르뜨공원,44.35
20250331,11,서울특별시,11650,서초구,몽마르뜨공원,63.74
20250401,11,서울특별시,11650,서초구,몽마르뜨공원,63.74
20250402,11,서울특별시,11650,서초구,몽마르뜨공원,59.23
20250403,11,서울특별시,11650,서초구,몽마르뜨공원,63.74
20250404,11,서울특별시,11650,서초구,몽마르뜨공원,63.19
20250405,11,서울특별시,11650,서초구,몽마르뜨공원,22.38
20250406,11,서울특별시,11650,서초구,몽마르뜨공원,44.35
20250407,11,서울특별시,11650,서초구,몽마르뜨공원,61.72
20250408,11,서울특별시,11650,서초구,몽마르뜨공원,61.72
20250409,11,서울특별시,11650,서초구,몽마르뜨공원,63.19
20250410,11,서울특별시,11650,서초구,몽마르뜨공원,59.23
20250411,11,서울특별시,11650,서초구,몽마르뜨공원,63.19
20250313,11,서울특별시,11650,서초구,반포 서래섬,84.35
20250314,11,서울특별시,11650,서초구,반포 서래섬,62.21
20250315,11,서울특별시,11650,서초구,반포 서래섬,27.34
20250316,11,서울특별시,11650,서초구,반포 서래섬,75.57
20250317,11,서울특별시,11650,서초구,반포 서래섬,84.4
20250318,11,서울특별시,11650,서초구,반포 서래섬,84.4
20250319,11,서울특별시,11650,서초구,반포 서래섬,62.21
20250320,11,서울특별시,11650,서초구,반포 서래섬,84.4
20250321,11,서울특별시,11650,서초구,반포 서래섬,52.37
20250322,11,서울특별시,11650,서초구,반포 서래섬,37.42
20250323,11,서울특별시,11650,서초구,반포 서래섬,28.41
20250324,11,서울특별시,11650,서초구,반포 서래섬,84.4
20250325,11,서울특별시,11650,서초구,반포 서래섬,84.4
20250326,11,서울특별시,11650,서초구,반포 서래섬,84.4
20250327,11,서울특별시,11650,서초구,반포 서래섬,84.35
20250328,11,서울특별시,11650,서초구,반포 서래섬,52.37
20250329,11,서울특별시,11650,서초구,반포 서래섬,37.42
20250330,11,서울특별시,11650,서초구,반포 서래섬,27.32
20250331,11,서울특별시,11650,서초구,반포 서래섬,84.35
20250401,11,서울특별시,11650,서초구,반포 서래섬,84.4
20250402,11,서울특별시,11650,서초구,반포 서래섬,84.4
20250403,11,서울특별시,11650,서초구,반포 서래섬,84.35
20250404,11,서울특별시,11650,서초구,반포 서래섬,66.92
20250405,11,서울특별시,11650,서초구,반포 서래섬,37.42
20250406,11,서울특별시,11650,서초구,반포 서래섬,27.34
20250407,11,서울특별시,11650,서초구,반포 서래섬,62.21
20250408,11,서울특별시,11650,서초구,반포 서래섬,52.37
20250409,11,서울특별시,11650,서초구,반포 서래섬,66.92
20250410,11,서울특별시,11650,서초구,반포 서래섬,84.4
20250411,11,서울특별시,11650,서초구,반포 서래섬,66.92
20250313,11,서울특별시,11650,서초구,반포한강공원,83.9
20250314,11,서울특별시,11650,서초구,반포한강공원,80.12
20250315,11,서울특별시,11650,서초구,반포한강공원,81.31
20250316,11,서울특별시,11650,서초구,반포한강공원,83.07
20250317,11,서울특별시,11650,서초구,반포한강공원,84.57
20250318,11,서울특별시,11650,서초구,반포한강공원,83.97
20250319,11,서울특별시,11650,서초구,반포한강공원,80.12
20250320,11,서울특별시,11650,서초구,반포한강공원,83.97
20250321,11,서울특별시,11650,서초구,반포한강공원,80.29
20250322,11,서울특별시,11650,서초구,반포한강공원,82.77
20250323,11,서울특별시,11650,서초구,반포한강공원,87.95
20250324,11,서울특별시,11650,서초구,반포한강공원,83.97
20250325,11,서울특별시,11650,서초구,반포한강공원,83.97
20250326,11,서울특별시,11650,서초구,반포한강공원,83.97
20250327,11,서울특별시,11650,서초구,반포한강공원,83.9
20250328,11,서울특별시,11650,서초구,반포한강공원,80.29
20250329,11,서울특별시,11650,서초구,반포한강공원,89.43
20250330,11,서울특별시,11650,서초구,반포한강공원,81.31
20250331,11,서울특별시,11650,서초구,반포한강공원,83.9
20250401,11,서울특별시,11650,서초구,반포한강공원,83.97
20250402,11,서울특별시,11650,서초구,반포한강공원,80.12
20250403,11,서울특별시,11650,서초구,반포한강공원,83.97
20250404,11,서울특별시,11650,서초구,반포한강공원,81.24
20250405,11,서울특별시,11650,서초구,반포한강공원,89.43
20250406,11,서울특별시,11650,서초구,반포한강공원,81.31
20250407,11,서울특별시,11650,서초구,반포한강공원,80.12
20250408,11,서울특별시,11650,서초구,반포한강공원,80.29
20250409,11,서울특별시,11650,서초구,반포한강공원,81.24
20250410,11,서울특별시,11650,서초구,반포한강공원,80.12
20250411,11,서울특별시,11650,서초구,반포한강공원,81.24
20250313,11,서울특별시,11650,서초구,방배배수지체육공원,82.69
20250314,11,서울특별시,11650,서초구,방배배수지체육공원,78.32
20250315,11,서울특별시,11650,서초구,방배배수지체육공원,65.34
20250316,11,서울특별시,11650,서초구,방배배수지체육공원,65.37
20250317,11,서울특별시,11650,서초구,방배배수지체육공원,82.69
20250318,11,서울특별시,11650,서초구,방배배수지체육공원,81.77
20250319,11,서울특별시,11650,서초구,방배배수지체육공원,68.02
20250320,11,서울특별시,11650,서초구,방배배수지체육공원,81.77
20250321,11,서울특별시,11650,서초구,방배배수지체육공원,68.02
20250322,11,서울특별시,11650,서초구,방배배수지체육공원,65.08
20250313,11,서울특별시,11680,강남구,K현대미술관,74.18
20250314,11,서울특별시,11680,강남구,K현대미술관,74.31
20250315,11,서울특별시,11680,강남구,K현대미술관,78.75
20250316,11,서울특별시,11680,강남구,K현대미술관,77.21
20250317,11,서울특별시,11680,강남구,K현대미술관,74.29
20250318,11,서울특별시,11680,강남구,K현대미술관,69.5
20250319,11,서울특별시,11680,강남구,K현대미술관,66.8
20250320,11,서울특별시,11680,강남구,K현대미술관,69.47
20250321,11,서울특별시,11680,강남구,K현대미술관,66.66
20250322,11,서울특별시,11680,강남구,K현대미술관,84.1
20250323,11,서울특별시,11680,강남구,K현대미술관,87.78
20250324,11,서울특별시,11680,강남구,K현대미술관,72.06
20250325,11,서울특별시,11680,강남구,K현대미술관,66.36
20250326,11,서울특별시,11680,강남구,K현대미술관,64.17
20250327,11,서울특별시,11680,강남구,K현대미술관,66.66
20250328,11,서울특별시,11680,강남구,K현대미술관,58.05
20250329,11,서울특별시,11680,강남구,K현대미술관,83.65
20250330,11,서울특별시,11680,강남구,K현대미술관,83.65
20250331,11,서울특별시,11680,강남구,K현대미술관,67.26
20250401,11,서울특별시,11680,강남구,K현대미술관,58.05
20250402,11,서울특별시,11680,강남구,K현대미술관,75.8
20250403,11,서울특별시,11680,강남구,K현대미술관,58.05
20250404,11,서울특별시,11680,강남구,K현대미술관,76.21
20250405,11,서울특별시,11680,강남구,K현대미술관,84.38
20250406,11,서울특별시,11680,강남구,K현대미술관,84.38
20250407,11,서울특별시,11680,강남구,K현대미술관,58.31
20250408,11,서울특별시,11680,강남구,K현대미술관,76.08
20250409,11,서울특별시,11680,강남구,K현대미술관,76.23
20250410,11,서울특별시,11680,강남구,K현대미술관,76.19
20250411,11,서울특별시,11680,강남구,K현대미술관,76.67
20250313,11,서울특별시,11680,강남구,M컨템포러리,50.37
20250314,11,서울특별시,11680,강남구,M컨템포러리,48.25
20250315,11,서울특별시,11680,강남구,M컨템포러리,70.63
20250316,11,서울특별시,11680,강남구,M컨템포러리,70.95
20250317,11,서울특별시,11680,강남구,M컨템포러리,48.25
20250318,11,서울특별시,11680,강남구,M컨템포러리,55.41
20250319,11,서울특별시,11680,강남구,M컨템포러리,56.03
20250320,11,서울특별시,11680,강남구,M컨템포러리,55.41
20250321,11,서울특별시,11680,강남구,M컨템포러리,55.41
20250322,11,서울특별시,11680,강남구,M컨템포러리,63.94
20250323,11,서울특별시,11680,강남구,M컨템포러리,76.57
20250324,11,서울특별시,11680,강남구,M컨템포러리,55.31
20250325,11,서울특별시,11680,강남구,M컨템포러리,55.41
20250326,11,서울특별시,11680,강남구,M컨템포러리,44.4
20250327,11,서울특별시,11680,강남구,M컨템포러리,55.41
20250328,11,서울특별시,11680,강남구,M컨템포러리,44.61
20250329,11,서울특별시,11680,강남구,M컨템포러리,73.03
20250330,11,서울특별시,11680,강남구,M컨템포러리,73.03
20250331,11,서울특별시,11680,강남구,M컨템포러리,55.94
20250401,11,서울특별시,11680,강남구,M컨템포러리,44.6
20250402,11,서울특별시,11680,강남구,M컨템포러리,59.87
20250403,11,서울특별시,11680,강남구,M컨템포러리,44.6
20250404,11,서울특별시,11680,강남구,M컨템포러리,55.96
20250405,11,서울특별시,11680,강남구,M컨템포러리,66.74
20250406,11,서울특별시,11680,강남구,M컨템포러리,66.74
20250407,11,서울특별시,11680,강남구,M컨템포러리,44.54
20250408,11,서울특별시,11680,강남구,M컨템포러리,51.33
20250409,11,서울특별시,11680,강남구,M컨템포러리,54.82
20250410,11,서울특별시,11680,강남구,M컨템포러리,51.05
20250411,11,서울특별시,11680,강남구,M컨템포러리,54.82
20250313,11,서울특별시,11680,강남구,SJ쿤스트할레,58.99
20250314,11,서울특별시,11680,강남구,SJ쿤스트할레,59.44
20250315,11,서울특별시,11680,강남구,SJ쿤스트할레,76.09
20250316,11,서울특별시,11680,강남구,SJ쿤스트할레,83.7
20250317,11,서울특별시,11680,강남구,SJ쿤스트할레,57.74
20250318,11,서울특별시,11680,강남구,SJ쿤스트할레,64.46
20250319,11,서울특별시,11680,강남구,SJ쿤스트할레,65.08
20250320,11,서울특별시,11680,강남구,SJ쿤스트할레,63.19
20250321,11,서울특별시,11680,강남구,SJ쿤스트할레,63.22
20250322,11,서울특별시,11680,강남구,SJ쿤스트할레,54.42
20250323,11,서울특별시,11680,강남구,SJ쿤스트할레,63.74
20250324,11,서울특별시,11680,강남구,SJ쿤스트할레,53.72
20250325,11,서울특별시,11680,강남구,SJ쿤스트할레,59.21
20250326,11,서울특별시,11680,강남구,SJ쿤스트할레,59.03
20250327,11,서울특별시,11680,강남구,SJ쿤스트할레,63.22
20250328,11,서울특별시,11680,강남구,SJ쿤스트할레,56.74
20250329,11,서울특별시,11680,강남구,SJ쿤스트할레,71.93
20250330,11,서울특별시,11680,강남구,SJ쿤스트할레,91.8
20250331,11,서울특별시,11680,강남구,SJ쿤스트할레,67.78
20250401,11,서울특별시,11680,강남구,SJ쿤스트할레,65.7
20250402,11,서울특별시,11680,강남구,SJ쿤스트할레,64.35
20250403,11,서울특별시,11680,강남구,SJ쿤스트할레,65.7
20250404,11,서울특별시,11680,강남구,SJ쿤스트할레,66.97
20250405,11,서울특별시,11680,강남구,SJ쿤스트할레,86.8
20250406,11,서울특별시,11680,강남구,SJ쿤스트할레,88.9
20250407,11,서울특별시,11680,강남구,SJ쿤스트할레,68.94
20250408,11,서울특별시,11680,강남구,SJ쿤스트할레,67.56
20250409,11,서울특별시,11680,강남구,SJ쿤스트할레,55.06
20250410,11,서울특별시,11680,강남구,SJ쿤스트할레,78.58
20250411,11,서울특별시,11680,강남구,SJ쿤스트할레,64.84
20250313,11,서울특별시,11680,강남구,SPA 1899 동인비,99.48
20250314,11,서울특별시,11680,강남구,SPA 1899 동인비,99.68
20250315,11,서울특별시,11680,강남구,SPA 1899 동인비,98.34
20250316,11,서울특별시,11680,강남구,SPA 1899 동인비,98.84
20250317,11,서울특별시,11680,강남구,SPA 1899 동인비,99.66
20250318,11,서울특별시,11680,강남구,SPA 1899 동인비,99.73
20250319,11,서울특별시,11680,강남구,SPA 1899 동인비,99.95
20250320,11,서울특별시,11680,강남구,SPA 1899 동인비,99.74
20250321,11,서울특별시,11680,강남구,SPA 1899 동인비,99.76
20250322,11,서울특별시,11680,강남구,SPA 1899 동인비,99.38
20250323,11,서울특별시,11680,강남구,SPA 1899 동인비,99.27
20250324,11,서울특별시,11680,강남구,SPA 1899 동인비,99.77
20250325,11,서울특별시,11680,강남구,SPA 1899 동인비,99.77
20250326,11,서울특별시,11680,강남구,SPA 1899 동인비,99.98
20250327,11,서울특별시,11680,강남구,SPA 1899 동인비,99.76
20250328,11,서울특별시,11680,강남구,SPA 1899 동인비,99.94
20250329,11,서울특별시,11680,강남구,SPA 1899 동인비,99.92
20250330,11,서울특별시,11680,강남구,SPA 1899 동인비,99.91
20250331,11,서울특별시,11680,강남구,SPA 1899 동인비,99.97
20250401,11,서울특별시,11680,강남구,SPA 1899 동인비,99.93
20250402,11,서울특별시,11680,강남구,SPA 1899 동인비,99.96
20250403,11,서울특별시,11680,강남구,SPA 1899 동인비,99.91
20250404,11,서울특별시,11680,강남구,SPA 1899 동인비,99.98
20250405,11,서울특별시,11680,강남구,SPA 1899 동인비,99.96
20250406,11,서울특별시,11680,강남구,SPA 1899 동인비,99.96
20250407,11,서울특별시,11680,강남구,SPA 1899 동인비,99.85
20250408,11,서울특별시,11680,강남구,SPA 1899 동인비,99.98
20250409,11,서울특별시,11680,강남구,SPA 1899 동인비,100
20250410,11,서울특별시,11680,강남구,SPA 1899 동인비,99.97
20250411,11,서울특별시,11680,강남구,SPA 1899 동인비,99.99
20250313,11,서울특별시,11680,강남구,경기여고 경운박물관(서울),98.22
20250314,11,서울특별시,11680,강남구,경기여고 경운박물관(서울),98.83
20250315,11,서울특별시,11680,강남구,경기여고 경운박물관(서울),99.29
20250316,11,서울특별시,11680,강남구,경기여고 경운박물관(서울),99.29
20250317,11,서울특별시,11680,강남구,경기여고 경운박물관(서울),98.83
20250318,11,서울특별시,11680,강남구,경기여고 경운박물관(서울),66.86
20250319,11,서울특별시,11680,강남구,경기여고 경운박물관(서울),76.81
20250320,11,서울특별시,11680,강남구,경기여고 경운박물관(서울),67.66
20250321,11,서울특별시,11680,강남구,경기여고 경운박물관(서울),70.11
20250322,11,서울특별시,11680,강남구,경기여고 경운박물관(서울),99.29
20250323,11,서울특별시,11680,강남구,경기여고 경운박물관(서울),99.29
20250324,11,서울특별시,11680,강남구,경기여고 경운박물관(서울),81.65
20250325,11,서울특별시,11680,강남구,경기여고 경운박물관(서울),87.43
20250326,11,서울특별시,11680,강남구,경기여고 경운박물관(서울),76.81
20250327,11,서울특별시,11680,강남구,경기여고 경운박물관(서울),70.11
20250328,11,서울특별시,11680,강남구,경기여고 경운박물관(서울),90.06
20250329,11,서울특별시,11680,강남구,경기여고 경운박물관(서울),99.29
20250330,11,서울특별시,11680,강남구,경기여고 경운박물관(서울),99.29
20250331,11,서울특별시,11680,강남구,경기여고 경운박물관(서울),86.75
20250401,11,서울특별시,11680,강남구,경기여고 경운박물관(서울),90.06
20250402,11,서울특별시,11680,강남구,경기여고 경운박물관(서울),83.47
20250403,11,서울특별시,11680,강남구,경기여고 경운박물관(서울),73.4
20250404,11,서울특별시,11680,강남구,경기여고 경운박물관(서울),88.82
20250405,11,서울특별시,11680,강남구,경기여고 경운박물관(서울),99.29
20250406,11,서울특별시,11680,강남구,경기여고 경운박물관(서울),99.29
20250407,11,서울특별시,11680,강남구,경기여고 경운박물관(서울),83.69
20250408,11,서울특별시,11680,강남구,경기여고 경운박물관(서울),88.82
20250409,11,서울특별시,11680,강남구,경기여고 경운박물관(서울),98.26
20250410,11,서울특별시,11680,강남구,경기여고 경운박물관(서울),88.83
20250411,11,서울특별시,11680,강남구,경기여고 경운박물관(서울),98.26
20250313,11,서울특별시,11680,강남구,국기원(세계태권도본부),86.21
20250314,11,서울특별시,11680,강남구,국기원(세계태권도본부),86.24
20250315,11,서울특별시,11680,강남구,국기원(세계태권도본부),71.79
20250316,11,서울특별시,11680,강남구,국기원(세계태권도본부),72.74
20250317,11,서울특별시,11680,강남구,국기원(세계태권도본부),86.18
20250318,11,서울특별시,11680,강남구,국기원(세계태권도본부),82.57
20250319,11,서울특별시,11680,강남구,국기원(세계태권도본부),82.27
20250320,11,서울특별시,11680,강남구,국기원(세계태권도본부),91.14
20250321,11,서울특별시,11680,강남구,국기원(세계태권도본부),82.54
20250322,11,서울특별시,11680,강남구,국기원(세계태권도본부),75.17
20250323,11,서울특별시,11680,강남구,국기원(세계태권도본부),81.64
20250324,11,서울특별시,11680,강남구,국기원(세계태권도본부),92.4
20250325,11,서울특별시,11680,강남구,국기원(세계태권도본부),72.65
20250326,11,서울특별시,11680,강남구,국기원(세계태권도본부),82.42
20250327,11,서울특별시,11680,강남구,국기원(세계태권도본부),82.54
20250328,11,서울특별시,11680,강남구,국기원(세계태권도본부),73.92
20250329,11,서울특별시,11680,강남구,국기원(세계태권도본부),74.38
20250330,11,서울특별시,11680,강남구,국기원(세계태권도본부),73.23
20250331,11,서울특별시,11680,강남구,국기원(세계태권도본부),77.13
20250401,11,서울특별시,11680,강남구,국기원(세계태권도본부),86.54
20250402,11,서울특별시,11680,강남구,국기원(세계태권도본부),84.86
20250403,11,서울특별시,11680,강남구,국기원(세계태권도본부),86.54
20250404,11,서울특별시,11680,강남구,국기원(세계태권도본부),79.11
20250405,11,서울특별시,11680,강남구,국기원(세계태권도본부),69.03
20250406,11,서울특별시,11680,강남구,국기원(세계태권도본부),69.03
20250407,11,서울특별시,11680,강남구,국기원(세계태권도본부),75.34
20250408,11,서울특별시,11680,강남구,국기원(세계태권도본부),77.38
20250409,11,서울특별시,11680,강남구,국기원(세계태권도본부),82.4
20250410,11,서울특별시,11680,강남구,국기원(세계태권도본부),78.11
20250411,11,서울특별시,11680,강남구,국기원(세계태권도본부),83.39
20250313,11,서울특별시,11680,강남구,능인선원,93.55
20250314,11,서울특별시,11680,강남구,능인선원,93.55
20250315,11,서울특별시,11680,강남구,능인선원,89.7
20250316,11,서울특별시,11680,강남구,능인선원,89.7
20250317,11,서울특별시,11680,강남구,능인선원,93.49
20250318,11,서울특별시,11680,강남구,능인선원,93.9
20250319,11,서울특별시,11680,강남구,능인선원,90.47
20250320,11,서울특별시,11680,강남구,능인선원,93.5
20250321,11,서울특별시,11680,강남구,능인선원,93.9
20250322,11,서울특별시,11680,강남구,능인선원,90.24
20250323,11,서울특별시,11680,강남구,능인선원,90.35
20250324,11,서울특별시,11680,강남구,능인선원,93.5
20250325,11,서울특별시,11680,강남구,능인선원,93.88
20250326,11,서울특별시,11680,강남구,능인선원,90.96
20250327,11,서울특별시,11680,강남구,능인선원,93.9
20250328,11,서울특별시,11680,강남구,능인선원,90.99
20250329,11,서울특별시,11680,강남구,능인선원,90.55
20250330,11,서울특별시,11680,강남구,능인선원,90.55
20250331,11,서울특별시,11680,강남구,능인선원,93.67
20250401,11,서울특별시,11680,강남구,능인선원,90.99
20250402,11,서울특별시,11680,강남구,능인선원,91
20250403,11,서울특별시,11680,강남구,능인선원,90.98
20250404,11,서울특별시,11680,강남구,능인선원,88.56
20250405,11,서울특별시,11680,강남구,능인선원,42.45
20250406,11,서울특별시,11680,강남구,능인선원,42.45
20250407,11,서울특별시,11680,강남구,능인선원,90.99
20250408,11,서울특별시,11680,강남구,능인선원,88.6
20250409,11,서울특별시,11680,강남구,능인선원,86.67
20250410,11,서울특별시,11680,강남구,능인선원,88.56
20250411,11,서울특별시,11680,강남구,능인선원,86.67
20250313,11,서울특별시,11680,강남구,대모산도시자연공원,87.65
20250314,11,서울특별시,11680,강남구,대모산도시자연공원,95.92
20250315,11,서울특별시,11680,강남구,대모산도시자연공원,94.3
20250316,11,서울특별시,11680,강남구,대모산도시자연공원,99.34
20250317,11,서울특별시,11680,강남구,대모산도시자연공원,96.22
20250318,11,서울특별시,11680,강남구,대모산도시자연공원,94.81
20250319,11,서울특별시,11680,강남구,대모산도시자연공원,95.77
20250320,11,서울특별시,11680,강남구,대모산도시자연공원,95.4
20250321,11,서울특별시,11680,강남구,대모산도시자연공원,95.1
20250322,11,서울특별시,11680,강남구,대모산도시자연공원,99.7
20250323,11,서울특별시,11680,강남구,대모산도시자연공원,99.69
20250324,11,서울특별시,11680,강남구,대모산도시자연공원,95.14
20250325,11,서울특별시,11680,강남구,대모산도시자연공원,96.43
20250326,11,서울특별시,11680,강남구,대모산도시자연공원,95.74
20250327,11,서울특별시,11680,강남구,대모산도시자연공원,95.1
20250328,11,서울특별시,11680,강남구,대모산도시자연공원,95.67
20250329,11,서울특별시,11680,강남구,대모산도시자연공원,99.94
20250330,11,서울특별시,11680,강남구,대모산도시자연공원,99.96
20250331,11,서울특별시,11680,강남구,대모산도시자연공원,96.84
20250401,11,서울특별시,11680,강남구,대모산도시자연공원,96.79
20250402,11,서울특별시,11680,강남구,대모산도시자연공원,89.12
20250403,11,서울특별시,11680,강남구,대모산도시자연공원,96.25
20250404,11,서울특별시,11680,강남구,대모산도시자연공원,95.14
20250405,11,서울특별시,11680,강남구,대모산도시자연공원,99.97
20250406,11,서울특별시,11680,강남구,대모산도시자연공원,99.97
20250407,11,서울특별시,11680,강남구,대모산도시자연공원,93.04
20250408,11,서울특별시,11680,강남구,대모산도시자연공원,95.8
20250409,11,서울특별시,11680,강남구,대모산도시자연공원,96.68
20250410,11,서울특별시,11680,강남구,대모산도시자연공원,88.45
20250411,11,서울특별시,11680,강남구,대모산도시자연공원,96.75
20250313,11,서울특별시,11680,강남구,대치유수지체육공원,68.71
20250314,11,서울특별시,11680,강남구,대치유수지체육공원,63.13
20250315,11,서울특별시,11680,강남구,대치유수지체육공원,41.69
20250316,11,서울특별시,11680,강남구,대치유수지체육공원,42.4
20250317,11,서울특별시,11680,강남구,대치유수지체육공원,55.46
20250318,11,서울특별시,11680,강남구,대치유수지체육공원,46
20250319,11,서울특별시,11680,강남구,대치유수지체육공원,54.11
20250320,11,서울특별시,11680,강남구,대치유수지체육공원,46
20250321,11,서울특별시,11680,강남구,대치유수지체육공원,46
20250322,11,서울특별시,11680,강남구,대치유수지체육공원,90.34
20250323,11,서울특별시,11680,강남구,대치유수지체육공원,90.34
20250324,11,서울특별시,11680,강남구,대치유수지체육공원,47.43
20250325,11,서울특별시,11680,강남구,대치유수지체육공원,45.73
20250326,11,서울특별시,11680,강남구,대치유수지체육공원,53.32
20250327,11,서울특별시,11680,강남구,대치유수지체육공원,45.68
20250328,11,서울특별시,11680,강남구,대치유수지체육공원,80.46
20250329,11,서울특별시,11680,강남구,대치유수지체육공원,94.13
20250330,11,서울특별시,11680,강남구,대치유수지체육공원,94.13
20250331,11,서울특별시,11680,강남구,대치유수지체육공원,53.52
20250401,11,서울특별시,11680,강남구,대치유수지체육공원,80.49
20250402,11,서울특별시,11680,강남구,대치유수지체육공원,77.99
20250403,11,서울특별시,11680,강남구,대치유수지체육공원,80.94
20250404,11,서울특별시,11680,강남구,대치유수지체육공원,78.23
20250405,11,서울특별시,11680,강남구,대치유수지체육공원,90.08
20250406,11,서울특별시,11680,강남구,대치유수지체육공원,90.08
20250407,11,서울특별시,11680,강남구,대치유수지체육공원,78.6
20250408,11,서울특별시,11680,강남구,대치유수지체육공원,73.4
20250409,11,서울특별시,11680,강남구,대치유수지체육공원,60.76
20250410,11,서울특별시,11680,강남구,대치유수지체육공원,77.42
20250411,11,서울특별시,11680,강남구,대치유수지체육공원,62.71
20250313,11,서울특별시,11680,강남구,더스마티움,98.98
20250314,11,서울특별시,11680,강남구,더스마티움,98.97
20250315,11,서울특별시,11680,강남구,더스마티움,90.9
20250316,11,서울특별시,11680,강남구,더스마티움,88.01
20250317,11,서울특별시,11680,강남구,더스마티움,94.2
20250318,11,서울특별시,11680,강남구,더스마티움,92.5
20250319,11,서울특별시,11680,강남구,더스마티움,95.78
20250320,11,서울특별시,11680,강남구,더스마티움,92.51
20250321,11,서울특별시,11680,강남구,더스마티움,92.5
20250322,11,서울특별시,11680,강남구,더스마티움,99.99
20250323,11,서울특별시,11680,강남구,더스마티움,85.29
20250324,11,서울특별시,11680,강남구,더스마티움,91.89
20250325,11,서울특별시,11680,강남구,더스마티움,92.51
20250326,11,서울특별시,11680,강남구,더스마티움,95.78
20250327,11,서울특별시,11680,강남구,더스마티움,92.5
20250328,11,서울특별시,11680,강남구,더스마티움,98.62
20250329,11,서울특별시,11680,강남구,더스마티움,55.54
20250330,11,서울특별시,11680,강남구,더스마티움,55.66
20250331,11,서울특별시,11680,강남구,더스마티움,97.45
20250401,11,서울특별시,11680,강남구,더스마티움,98.62
20250402,11,서울특별시,11680,강남구,더스마티움,95.97
20250403,11,서울특별시,11680,강남구,더스마티움,94.14
20250404,11,서울특별시,11680,강남구,더스마티움,98.06
20250405,11,서울특별시,11680,강남구,더스마티움,70.11
20250406,11,서울특별시,11680,강남구,더스마티움,70.11
20250407,11,서울특별시,11680,강남구,더스마티움,96.68
20250408,11,서울특별시,11680,강남구,더스마티움,98.06
20250409,11,서울특별시,11680,강남구,더스마티움,99.61
20250410,11,서울특별시,11680,강남구,더스마티움,96.56
20250411,11,서울특별시,11680,강남구,더스마티움,99.61
20250313,11,서울특별시,11680,강남구,도곡시장,74.57
20250314,11,서울특별시,11680,강남구,도곡시장,76.34
20250315,11,서울특별시,11680,강남구,도곡시장,79.23
20250316,11,서울특별시,11680,강남구,도곡시장,79.59
20250317,11,서울특별시,11680,강남구,도곡시장,76.6
20250318,11,서울특별시,11680,강남구,도곡시장,80.23
20250319,11,서울특별시,11680,강남구,도곡시장,80.66
20250320,11,서울특별시,11680,강남구,도곡시장,80.16
20250321,11,서울특별시,11680,강남구,도곡시장,82.11
20250322,11,서울특별시,11680,강남구,도곡시장,76.13
20250323,11,서울특별시,11680,강남구,도곡시장,81.18
20250324,11,서울특별시,11680,강남구,도곡시장,80
20250325,11,서울특별시,11680,강남구,도곡시장,82.1
20250326,11,서울특별시,11680,강남구,도곡시장,80.6
20250327,11,서울특별시,11680,강남구,도곡시장,82.11
20250328,11,서울특별시,11680,강남구,도곡시장,80.93
20250329,11,서울특별시,11680,강남구,도곡시장,71.21
20250330,11,서울특별시,11680,강남구,도곡시장,71.21
20250331,11,서울특별시,11680,강남구,도곡시장,80.23
20250401,11,서울특별시,11680,강남구,도곡시장,80.74
20250402,11,서울특별시,11680,강남구,도곡시장,78.13
20250403,11,서울특별시,11680,강남구,도곡시장,80.74
20250404,11,서울특별시,11680,강남구,도곡시장,79.45
20250405,11,서울특별시,11680,강남구,도곡시장,71.46
20250406,11,서울특별시,11680,강남구,도곡시장,71.46
20250407,11,서울특별시,11680,강남구,도곡시장,79.27
20250408,11,서울특별시,11680,강남구,도곡시장,79.18
20250409,11,서울특별시,11680,강남구,도곡시장,79.59
20250410,11,서울특별시,11680,강남구,도곡시장,79.12
20250411,11,서울특별시,11680,강남구,도곡시장,79.46
20250313,11,서울특별시,11680,강남구,도산공원,91.58
20250314,11,서울특별시,11680,강남구,도산공원,91.51
20250315,11,서울특별시,11680,강남구,도산공원,97.62
20250316,11,서울특별시,11680,강남구,도산공원,97.62
20250317,11,서울특별시,11680,강남구,도산공원,88.76
20250318,11,서울특별시,11680,강남구,도산공원,94.15
20250319,11,서울특별시,11680,강남구,도산공원,94.59
20250320,11,서울특별시,11680,강남구,도산공원,94.42
20250321,11,서울특별시,11680,강남구,도산공원,94.15
20250322,11,서울특별시,11680,강남구,도산공원,97.21
20250323,11,서울특별시,11680,강남구,도산공원,98.6
20250324,11,서울특별시,11680,강남구,도산공원,88.74
20250325,11,서울특별시,11680,강남구,도산공원,92.61
20250326,11,서울특별시,11680,강남구,도산공원,94.67
20250327,11,서울특별시,11680,강남구,도산공원,94.15
20250328,11,서울특별시,11680,강남구,도산공원,93.18
20250329,11,서울특별시,11680,강남구,도산공원,99.54
20250330,11,서울특별시,11680,강남구,도산공원,99.54
20250331,11,서울특별시,11680,강남구,도산공원,94.48
20250401,11,서울특별시,11680,강남구,도산공원,93.19
20250402,11,서울특별시,11680,강남구,도산공원,94.86
20250403,11,서울특별시,11680,강남구,도산공원,93.19
20250404,11,서울특별시,11680,강남구,도산공원,94.63
20250405,11,서울특별시,11680,강남구,도산공원,99.54
20250406,11,서울특별시,11680,강남구,도산공원,99.54
20250407,11,서울특별시,11680,강남구,도산공원,94.77
20250408,11,서울특별시,11680,강남구,도산공원,95.54
20250409,11,서울특별시,11680,강남구,도산공원,93.92
20250410,11,서울특별시,11680,강남구,도산공원,95.62
20250411,11,서울특별시,11680,강남구,도산공원,93.92
20250313,11,서울특별시,11680,강남구,마루공원,54.88
20250314,11,서울특별시,11680,강남구,마루공원,52.31
20250315,11,서울특별시,11680,강남구,마루공원,41.55
20250316,11,서울특별시,11680,강남구,마루공원,41.53
20250317,11,서울특별시,11680,강남구,마루공원,51.57
20250318,11,서울특별시,11680,강남구,마루공원,56.59
20250319,11,서울특별시,11680,강남구,마루공원,56.2
20250320,11,서울특별시,11680,강남구,마루공원,56.59
20250321,11,서울특별시,11680,강남구,마루공원,56.58
20250322,11,서울특별시,11680,강남구,마루공원,26.89
20250323,11,서울특별시,11680,강남구,마루공원,26.89
20250324,11,서울특별시,11680,강남구,마루공원,54.07
20250325,11,서울특별시,11680,강남구,마루공원,54.1
20250326,11,서울특별시,11680,강남구,마루공원,55.01
20250327,11,서울특별시,11680,강남구,마루공원,56.4
20250328,11,서울특별시,11680,강남구,마루공원,59.99
20250329,11,서울특별시,11680,강남구,마루공원,18.73
20250330,11,서울특별시,11680,강남구,마루공원,18.73
20250331,11,서울특별시,11680,강남구,마루공원,56.34
20250401,11,서울특별시,11680,강남구,마루공원,57.52
20250402,11,서울특별시,11680,강남구,마루공원,57.32
20250403,11,서울특별시,11680,강남구,마루공원,57.83
20250404,11,서울특별시,11680,강남구,마루공원,69.52
20250405,11,서울특별시,11680,강남구,마루공원,15.79
20250406,11,서울특별시,11680,강남구,마루공원,15.79
20250407,11,서울특별시,11680,강남구,마루공원,60.18
20250408,11,서울특별시,11680,강남구,마루공원,64.62
20250409,11,서울특별시,11680,강남구,마루공원,46.12
20250410,11,서울특별시,11680,강남구,마루공원,65.1
20250411,11,서울특별시,11680,강남구,마루공원,46.01
20250313,11,서울특별시,11680,강남구,법룡사,17.8
20250314,11,서울특별시,11680,강남구,법룡사,20.6
20250315,11,서울특별시,11680,강남구,법룡사,29.35
20250316,11,서울특별시,11680,강남구,법룡사,25.88
20250317,11,서울특별시,11680,강남구,법룡사,20.12
20250318,11,서울특별시,11680,강남구,법룡사,20.96
20250319,11,서울특별시,11680,강남구,법룡사,25.32
20250320,11,서울특별시,11680,강남구,법룡사,22.08
20250321,11,서울특별시,11680,강남구,법룡사,21.28
20250322,11,서울특별시,11680,강남구,법룡사,36.72
20250313,11,서울특별시,11710,송파구,가락농수산물종합도매시장,90.83
20250314,11,서울특별시,11710,송파구,가락농수산물종합도매시장,90.31
20250315,11,서울특별시,11710,송파구,가락농수산물종합도매시장,66
20250316,11,서울특별시,11710,송파구,가락농수산물종합도매시장,72.45
20250317,11,서울특별시,11710,송파구,가락농수산물종합도매시장,90.13
20250318,11,서울특별시,11710,송파구,가락농수산물종합도매시장,90.87
20250319,11,서울특별시,11710,송파구,가락농수산물종합도매시장,89.22
20250320,11,서울특별시,11710,송파구,가락농수산물종합도매시장,90.31
20250321,11,서울특별시,11710,송파구,가락농수산물종합도매시장,90.63
20250322,11,서울특별시,11710,송파구,가락농수산물종합도매시장,81.56
20250323,11,서울특별시,11710,송파구,가락농수산물종합도매시장,64.11
20250324,11,서울특별시,11710,송파구,가락농수산물종합도매시장,88.57
20250325,11,서울특별시,11710,송파구,가락농수산물종합도매시장,90.99
20250326,11,서울특별시,11710,송파구,가락농수산물종합도매시장,90.87
20250327,11,서울특별시,11710,송파구,가락농수산물종합도매시장,90.31
20250328,11,서울특별시,11710,송파구,가락농수산물종합도매시장,90.63
20250329,11,서울특별시,11710,송파구,가락농수산물종합도매시장,81.41
20250330,11,서울특별시,11710,송파구,가락농수산물종합도매시장,64.11
20250331,11,서울특별시,11710,송파구,가락농수산물종합도매시장,90.14
20250401,11,서울특별시,11710,송파구,가락농수산물종합도매시장,91.03
20250402,11,서울특별시,11710,송파구,가락농수산물종합도매시장,90.87
20250403,11,서울특별시,11710,송파구,가락농수산물종합도매시장,90.31
20250404,11,서울특별시,11710,송파구,가락농수산물종합도매시장,91.03
20250405,11,서울특별시,11710,송파구,가락농수산물종합도매시장,81.56
20250406,11,서울특별시,11710,송파구,가락농수산물종합도매시장,64.11
20250407,11,서울특별시,11710,송파구,가락농수산물종합도매시장,88.57
20250408,11,서울특별시,11710,송파구,가락농수산물종합도매시장,90.87
20250409,11,서울특별시,11710,송파구,가락농수산물종합도매시장,89.22
20250410,11,서울특별시,11710,송파구,가락농수산물종합도매시장,91.03
20250411,11,서울특별시,11710,송파구,가락농수산물종합도매시장,91.03
20250313,11,서울특별시,11710,송파구,래미안 갤러리,56.63
20250314,11,서울특별시,11710,송파구,래미안 갤러리,56.2
20250315,11,서울특별시,11710,송파구,래미안 갤러리,82.47
20250316,11,서울특별시,11710,송파구,래미안 갤러리,76.25
20250317,11,서울특별시,11710,송파구,래미안 갤러리,58.69
20250318,11,서울특별시,11710,송파구,래미안 갤러리,93.37
20250319,11,서울특별시,11710,송파구,래미안 갤러리,90.64
20250320,11,서울특별시,11710,송파구,래미안 갤러리,56.2
20250321,11,서울특별시,11710,송파구,래미안 갤러리,57.09
20250322,11,서울특별시,11710,송파구,래미안 갤러리,86.74
20250323,11,서울특별시,11710,송파구,래미안 갤러리,82.47
20250324,11,서울특별시,11710,송파구,래미안 갤러리,61.63
20250325,11,서울특별시,11710,송파구,래미안 갤러리,93.37
20250326,11,서울특별시,11710,송파구,래미안 갤러리,93.37
20250327,11,서울특별시,11710,송파구,래미안 갤러리,56.2
20250328,11,서울특별시,11710,송파구,래미안 갤러리,57.09
20250329,11,서울특별시,11710,송파구,래미안 갤러리,73.22
20250330,11,서울특별시,11710,송파구,래미안 갤러리,88.9
20250331,11,서울특별시,11710,송파구,래미안 갤러리,58.69
20250401,11,서울특별시,11710,송파구,래미안 갤러리,74.9
20250402,11,서울특별시,11710,송파구,래미안 갤러리,93.37
20250403,11,서울특별시,11710,송파구,래미안 갤러리,56.2
20250404,11,서울특별시,11710,송파구,래미안 갤러리,74.9
20250405,11,서울특별시,11710,송파구,래미안 갤러리,86.74
20250406,11,서울특별시,11710,송파구,래미안 갤러리,82.47
20250407,11,서울특별시,11710,송파구,래미안 갤러리,61.63
20250408,11,서울특별시,11710,송파구,래미안 갤러리,93.37
20250409,11,서울특별시,11710,송파구,래미안 갤러리,90.64
20250410,11,서울특별시,11710,송파구,래미안 갤러리,74.9
20250411,11,서울특별시,11710,송파구,래미안 갤러리,74.9
20250313,11,서울특별시,11710,송파구,롯데월드 아쿠아리움,97.93
20250314,11,서울특별시,11710,송파구,롯데월드 아쿠아리움,97.49
20250315,11,서울특별시,11710,송파구,롯데월드 아쿠아리움,97.02
20250316,11,서울특별시,11710,송파구,롯데월드 아쿠아리움,96.41
20250317,11,서울특별시,11710,송파구,롯데월드 아쿠아리움,98.17
20250318,11,서울특별시,11710,송파구,롯데월드 아쿠아리움,97.55
20250319,11,서울특별시,11710,송파구,롯데월드 아쿠아리움,97.36
20250320,11,서울특별시,11710,송파구,롯데월드 아쿠아리움,98.62
20250321,11,서울특별시,11710,송파구,롯데월드 아쿠아리움,98.62
20250322,11,서울특별시,11710,송파구,롯데월드 아쿠아리움,96.84
20250323,11,서울특별시,11710,송파구,롯데월드 아쿠아리움,97.02
20250324,11,서울특별시,11710,송파구,롯데월드 아쿠아리움,97.94
20250325,11,서울특별시,11710,송파구,롯데월드 아쿠아리움,97.39
20250326,11,서울특별시,11710,송파구,롯데월드 아쿠아리움,97.55
20250327,11,서울특별시,11710,송파구,롯데월드 아쿠아리움,97.49
20250328,11,서울특별시,11710,송파구,롯데월드 아쿠아리움,98.62
20250329,11,서울특별시,11710,송파구,롯데월드 아쿠아리움,96.84
20250330,11,서울특별시,11710,송파구,롯데월드 아쿠아리움,97.02
20250331,11,서울특별시,11710,송파구,롯데월드 아쿠아리움,98.17
20250401,11,서울특별시,11710,송파구,롯데월드 아쿠아리움,97.39
20250402,11,서울특별시,11710,송파구,롯데월드 아쿠아리움,97.55
20250403,11,서울특별시,11710,송파구,롯데월드 아쿠아리움,98.62
20250404,11,서울특별시,11710,송파구,롯데월드 아쿠아리움,98.62
20250405,11,서울특별시,11710,송파구,롯데월드 아쿠아리움,96.84
20250406,11,서울특별시,11710,송파구,롯데월드 아쿠아리움,97.02
20250407,11,서울특별시,11710,송파구,롯데월드 아쿠아리움,97.94
20250408,11,서울특별시,11710,송파구,롯데월드 아쿠아리움,97.55
20250409,11,서울특별시,11710,송파구,롯데월드 아쿠아리움,96.59
20250410,11,서울특별시,11710,송파구,롯데월드 아쿠아리움,98.62
20250411,11,서울특별시,11710,송파구,롯데월드 아쿠아리움,98.62
20250313,11,서울특별시,11710,송파구,롯데월드 어드벤처,93.77
20250314,11,서울특별시,11710,송파구,롯데월드 어드벤처,93.8
20250315,11,서울특별시,11710,송파구,롯데월드 어드벤처,94.86
20250316,11,서울특별시,11710,송파구,롯데월드 어드벤처,96.69
20250317,11,서울특별시,11710,송파구,롯데월드 어드벤처,92.34
20250318,11,서울특별시,11710,송파구,롯데월드 어드벤처,91.37
20250319,11,서울특별시,11710,송파구,롯데월드 어드벤처,91.47
20250320,11,서울특별시,11710,송파구,롯데월드 어드벤처,91.69
20250321,11,서울특별시,11710,송파구,롯데월드 어드벤처,91.69
20250322,11,서울특별시,11710,송파구,롯데월드 어드벤처,94.88
20250323,11,서울특별시,11710,송파구,롯데월드 어드벤처,94.86
20250324,11,서울특별시,11710,송파구,롯데월드 어드벤처,92.87
20250325,11,서울특별시,11710,송파구,롯데월드 어드벤처,91.43
20250326,11,서울특별시,11710,송파구,롯데월드 어드벤처,91.37
20250327,11,서울특별시,11710,송파구,롯데월드 어드벤처,93.8
20250328,11,서울특별시,11710,송파구,롯데월드 어드벤처,91.69
20250329,11,서울특별시,11710,송파구,롯데월드 어드벤처,94.88
20250330,11,서울특별시,11710,송파구,롯데월드 어드벤처,92.01
20250331,11,서울특별시,11710,송파구,롯데월드 어드벤처,92.87
20250401,11,서울특별시,11710,송파구,롯데월드 어드벤처,91.43
20250402,11,서울특별시,11710,송파구,롯데월드 어드벤처,91.37
20250403,11,서울특별시,11710,송파구,롯데월드 어드벤처,91.69
20250404,11,서울특별시,11710,송파구,롯데월드 어드벤처,92.2
20250405,11,서울특별시,11710,송파구,롯데월드 어드벤처,94.88
20250406,11,서울특별시,11710,송파구,롯데월드 어드벤처,92.01
20250407,11,서울특별시,11710,송파구,롯데월드 어드벤처,92.87
20250408,11,서울특별시,11710,송파구,롯데월드 어드벤처,91.37
20250409,11,서울특별시,11710,송파구,롯데월드 어드벤처,91.47
20250410,11,서울특별시,11710,송파구,롯데월드 어드벤처,92.2
20250411,11,서울특별시,11710,송파구,롯데월드 어드벤처,92.2
20250313,11,서울특별시,11710,송파구,롯데월드타워&롯데월드몰,95.31
20250314,11,서울특별시,11710,송파구,롯데월드타워&롯데월드몰,95.3
20250315,11,서울특별시,11710,송파구,롯데월드타워&롯데월드몰,99.67
20250316,11,서울특별시,11710,송파구,롯데월드타워&롯데월드몰,99.44
20250317,11,서울특별시,11710,송파구,롯데월드타워&롯데월드몰,91.09
20250318,11,서울특별시,11710,송파구,롯데월드타워&롯데월드몰,94.71
20250319,11,서울특별시,11710,송파구,롯데월드타워&롯데월드몰,94.02
20250320,11,서울특별시,11710,송파구,롯데월드타워&롯데월드몰,93.55
20250321,11,서울특별시,11710,송파구,롯데월드타워&롯데월드몰,93.55
20250322,11,서울특별시,11710,송파구,롯데월드타워&롯데월드몰,99.27
20250323,11,서울특별시,11710,송파구,롯데월드타워&롯데월드몰,99.67
20250324,11,서울특별시,11710,송파구,롯데월드타워&롯데월드몰,94.5
20250325,11,서울특별시,11710,송파구,롯데월드타워&롯데월드몰,94.71
20250326,11,서울특별시,11710,송파구,롯데월드타워&롯데월드몰,94.71
20250327,11,서울특별시,11710,송파구,롯데월드타워&롯데월드몰,95.3
20250328,11,서울특별시,11710,송파구,롯데월드타워&롯데월드몰,93.55
20250329,11,서울특별시,11710,송파구,롯데월드타워&롯데월드몰,99.28
20250330,11,서울특별시,11710,송파구,롯데월드타워&롯데월드몰,99.57
20250331,11,서울특별시,11710,송파구,롯데월드타워&롯데월드몰,91.7
20250401,11,서울특별시,11710,송파구,롯데월드타워&롯데월드몰,93.39
20250402,11,서울특별시,11710,송파구,롯데월드타워&롯데월드몰,94.71
20250403,11,서울특별시,11710,송파구,롯데월드타워&롯데월드몰,93.55
20250404,11,서울특별시,11710,송파구,롯데월드타워&롯데월드몰,93.39
20250405,11,서울특별시,11710,송파구,롯데월드타워&롯데월드몰,99.27
20250406,11,서울특별시,11710,송파구,롯데월드타워&롯데월드몰,99.67
20250407,11,서울특별시,11710,송파구,롯데월드타워&롯데월드몰,94.5
20250408,11,서울특별시,11710,송파구,롯데월드타워&롯데월드몰,94.81
20250409,11,서울특별시,11710,송파구,롯데월드타워&롯데월드몰,95.54
20250410,11,서울특별시,11710,송파구,롯데월드타워&롯데월드몰,93.39
20250411,11,서울특별시,11710,송파구,롯데월드타워&롯데월드몰,93.39
20250313,11,서울특별시,11710,송파구,마천공원,90.86
20250314,11,서울특별시,11710,송파구,마천공원,90.83
20250315,11,서울특별시,11710,송파구,마천공원,90.86
20250316,11,서울특별시,11710,송파구,마천공원,90.86
20250317,11,서울특별시,11710,송파구,마천공원,90.85
20250318,11,서울특별시,11710,송파구,마천공원,90.87
20250319,11,서울특별시,11710,송파구,마천공원,90.87
20250320,11,서울특별시,11710,송파구,마천공원,90.87
20250321,11,서울특별시,11710,송파구,마천공원,90.87
20250322,11,서울특별시,11710,송파구,마천공원,88.16
20250323,11,서울특별시,11710,송파구,마천공원,90.86
20250324,11,서울특별시,11710,송파구,마천공원,90.86
20250325,11,서울특별시,11710,송파구,마천공원,90.87
20250326,11,서울특별시,11710,송파구,마천공원,90.87
20250327,11,서울특별시,11710,송파구,마천공원,90.83
20250328,11,서울특별시,11710,송파구,마천공원,90.87
20250329,11,서울특별시,11710,송파구,마천공원,88.16
20250330,11,서울특별시,11710,송파구,마천공원,90.86
20250331,11,서울특별시,11710,송파구,마천공원,90.86
20250401,11,서울특별시,11710,송파구,마천공원,90.87
20250402,11,서울특별시,11710,송파구,마천공원,90.87
20250403,11,서울특별시,11710,송파구,마천공원,90.87
20250404,11,서울특별시,11710,송파구,마천공원,90.87
20250405,11,서울특별시,11710,송파구,마천공원,88.16
20250406,11,서울특별시,11710,송파구,마천공원,90.86
20250407,11,서울특별시,11710,송파구,마천공원,90.86
20250408,11,서울특별시,11710,송파구,마천공원,90.87
20250409,11,서울특별시,11710,송파구,마천공원,90.87
20250410,11,서울특별시,11710,송파구,마천공원,90.87
20250411,11,서울특별시,11710,송파구,마천공원,90.87
20250313,11,서울특별시,11710,송파구,마천시장,100
20250314,11,서울특별시,11710,송파구,마천시장,100
20250315,11,서울특별시,11710,송파구,마천시장,100
20250316,11,서울특별시,11710,송파구,마천시장,100
20250317,11,서울특별시,11710,송파구,마천시장,100
20250318,11,서울특별시,11710,송파구,마천시장,100
20250319,11,서울특별시,11710,송파구,마천시장,100
20250320,11,서울특별시,11710,송파구,마천시장,100
20250321,11,서울특별시,11710,송파구,마천시장,100
20250322,11,서울특별시,11710,송파구,마천시장,97.42
20250323,11,서울특별시,11710,송파구,마천시장,100
20250324,11,서울특별시,11710,송파구,마천시장,100
20250325,11,서울특별시,11710,송파구,마천시장,100
20250326,11,서울특별시,11710,송파구,마천시장,100
20250327,11,서울특별시,11710,송파구,마천시장,100
20250328,11,서울특별시,11710,송파구,마천시장,100
20250329,11,서울특별시,11710,송파구,마천시장,97.4
20250330,11,서울특별시,11710,송파구,마천시장,100
20250331,11,서울특별시,11710,송파구,마천시장,100
20250401,11,서울특별시,11710,송파구,마천시장,100
20250402,11,서울특별시,11710,송파구,마천시장,100
20250403,11,서울특별시,11710,송파구,마천시장,100
20250404,11,서울특별시,11710,송파구,마천시장,100
20250405,11,서울특별시,11710,송파구,마천시장,97.42
20250406,11,서울특별시,11710,송파구,마천시장,100
20250407,11,서울특별시,11710,송파구,마천시장,100
20250408,11,서울특별시,11710,송파구,마천시장,100
20250409,11,서울특별시,11710,송파구,마천시장,100
20250410,11,서울특별시,11710,송파구,마천시장,100
20250411,11,서울특별시,11710,송파구,마천시장,100
20250313,11,서울특별시,11710,송파구,몽촌역사관,83.5
20250314,11,서울특별시,11710,송파구,몽촌역사관,78.82
20250315,11,서울특별시,11710,송파구,몽촌역사관,81.98
20250316,11,서울특별시,11710,송파구,몽촌역사관,81.6
20250317,11,서울특별시,11710,송파구,몽촌역사관,72.14
20250318,11,서울특별시,11710,송파구,몽촌역사관,74.29
20250319,11,서울특별시,11710,송파구,몽촌역사관,84.64
20250320,11,서울특별시,11710,송파구,몽촌역사관,78.82
20250321,11,서울특별시,11710,송파구,몽촌역사관,89.81
20250322,11,서울특별시,11710,송파구,몽촌역사관,85.83
20250323,11,서울특별시,11710,송파구,몽촌역사관,89.31
20250324,11,서울특별시,11710,송파구,몽촌역사관,88.79
20250325,11,서울특별시,11710,송파구,몽촌역사관,57.28
20250326,11,서울특별시,11710,송파구,몽촌역사관,74.29
20250327,11,서울특별시,11710,송파구,몽촌역사관,78.82
20250328,11,서울특별시,11710,송파구,몽촌역사관,89.81
20250329,11,서울특별시,11710,송파구,몽촌역사관,86.31
20250330,11,서울특별시,11710,송파구,몽촌역사관,89.31
20250331,11,서울특별시,11710,송파구,몽촌역사관,74.04
20250401,11,서울특별시,11710,송파구,몽촌역사관,81.38
20250402,11,서울특별시,11710,송파구,몽촌역사관,74.29
20250403,11,서울특별시,11710,송파구,몽촌역사관,78.82
20250404,11,서울특별시,11710,송파구,몽촌역사관,81.38
20250405,11,서울특별시,11710,송파구,몽촌역사관,85.83
20250406,11,서울특별시,11710,송파구,몽촌역사관,89.31
20250407,11,서울특별시,11710,송파구,몽촌역사관,88.79
20250408,11,서울특별시,11710,송파구,몽촌역사관,74.29
20250409,11,서울특별시,11710,송파구,몽촌역사관,84.64
20250410,11,서울특별시,11710,송파구,몽촌역사관,81.38
20250411,11,서울특별시,11710,송파구,몽촌역사관,81.38
20250313,11,서울특별시,11710,송파구,방이동 고분공원,69.57
20250314,11,서울특별시,11710,송파구,방이동 고분공원,81.75
20250315,11,서울특별시,11710,송파구,방이동 고분공원,87.73
20250316,11,서울특별시,11710,송파구,방이동 고분공원,80.55
20250317,11,서울특별시,11710,송파구,방이동 고분공원,71.95
20250318,11,서울특별시,11710,송파구,방이동 고분공원,74.85
20250319,11,서울특별시,11710,송파구,방이동 고분공원,74.85
20250320,11,서울특별시,11710,송파구,방이동 고분공원,81.84
20250321,11,서울특별시,11710,송파구,방이동 고분공원,81.84
20250322,11,서울특별시,11710,송파구,방이동 고분공원,84
20250323,11,서울특별시,11710,송파구,방이동 고분공원,87.73
20250324,11,서울특별시,11710,송파구,방이동 고분공원,66.68
20250325,11,서울특별시,11710,송파구,방이동 고분공원,79.36
20250326,11,서울특별시,11710,송파구,방이동 고분공원,74.85
20250327,11,서울특별시,11710,송파구,방이동 고분공원,58.33
20250328,11,서울특별시,11710,송파구,방이동 고분공원,81.84
20250329,11,서울특별시,11710,송파구,방이동 고분공원,84
20250330,11,서울특별시,11710,송파구,방이동 고분공원,86.26
20250331,11,서울특별시,11710,송파구,방이동 고분공원,71.95
20250401,11,서울특별시,11710,송파구,방이동 고분공원,79.36
20250402,11,서울특별시,11710,송파구,방이동 고분공원,74.85
20250403,11,서울특별시,11710,송파구,방이동 고분공원,81.75
20250404,11,서울특별시,11710,송파구,방이동 고분공원,81.84
20250405,11,서울특별시,11710,송파구,방이동 고분공원,84
20250406,11,서울특별시,11710,송파구,방이동 고분공원,86.26
20250407,11,서울특별시,11710,송파구,방이동 고분공원,66.68
20250408,11,서울특별시,11710,송파구,방이동 고분공원,74.85
20250409,11,서울특별시,11710,송파구,방이동 고분공원,74.85
20250410,11,서울특별시,11710,송파구,방이동 고분공원,81.84
20250411,11,서울특별시,11710,송파구,방이동 고분공원,81.84
20250313,11,서울특별시,11710,송파구,방이동 생태경관 보전지역,67.18
20250314,11,서울특별시,11710,송파구,방이동 생태경관 보전지역,67.18
20250315,11,서울특별시,11710,송파구,방이동 생태경관 보전지역,94.52
20250316,11,서울특별시,11710,송파구,방이동 생태경관 보전지역,94.48
20250317,11,서울특별시,11710,송파구,방이동 생태경관 보전지역,67.18
20250318,11,서울특별시,11710,송파구,방이동 생태경관 보전지역,94.47
20250319,11,서울특별시,11710,송파구,방이동 생태경관 보전지역,94.47
20250320,11,서울특별시,11710,송파구,방이동 생태경관 보전지역,94.47
20250321,11,서울특별시,11710,송파구,방이동 생태경관 보전지역,94.47
20250322,11,서울특별시,11710,송파구,방이동 생태경관 보전지역,94.5
20250323,11,서울특별시,11710,송파구,방이동 생태경관 보전지역,94.52
20250324,11,서울특별시,11710,송파구,방이동 생태경관 보전지역,67.18
20250325,11,서울특별시,11710,송파구,방이동 생태경관 보전지역,94.47
20250326,11,서울특별시,11710,송파구,방이동 생태경관 보전지역,94.47
20250327,11,서울특별시,11710,송파구,방이동 생태경관 보전지역,67.18
20250328,11,서울특별시,11710,송파구,방이동 생태경관 보전지역,94.47
20250329,11,서울특별시,11710,송파구,방이동 생태경관 보전지역,94.5
20250330,11,서울특별시,11710,송파구,방이동 생태경관 보전지역,94.48
20250331,11,서울특별시,11710,송파구,방이동 생태경관 보전지역,67.18
20250401,11,서울특별시,11710,송파구,방이동 생태경관 보전지역,94.47
20250402,11,서울특별시,11710,송파구,방이동 생태경관 보전지역,94.47
20250403,11,서울특별시,11710,송파구,방이동 생태경관 보전지역,94.47
20250404,11,서울특별시,11710,송파구,방이동 생태경관 보전지역,94.47
20250405,11,서울특별시,11710,송파구,방이동 생태경관 보전지역,94.5
20250406,11,서울특별시,11710,송파구,방이동 생태경관 보전지역,94.48
20250407,11,서울특별시,11710,송파구,방이동 생태경관 보전지역,67.18
20250408,11,서울특별시,11710,송파구,방이동 생태경관 보전지역,94.47
20250409,11,서울특별시,11710,송파구,방이동 생태경관 보전지역,94.47
20250410,11,서울특별시,11710,송파구,방이동 생태경관 보전지역,94.47
20250411,11,서울특별시,11710,송파구,방이동 생태경관 보전지역,94.47
20250313,11,서울특별시,11710,송파구,방이시장,61.08
20250314,11,서울특별시,11710,송파구,방이시장,61.02
20250315,11,서울특별시,11710,송파구,방이시장,84.31
20250316,11,서울특별시,11710,송파구,방이시장,80.65
20250317,11,서울특별시,11710,송파구,방이시장,58.1
20250318,11,서울특별시,11710,송파구,방이시장,61.1
20250319,11,서울특별시,11710,송파구,방이시장,60.84
20250320,11,서울특별시,11710,송파구,방이시장,61.01
20250321,11,서울특별시,11710,송파구,방이시장,61.01
20250322,11,서울특별시,11710,송파구,방이시장,67.11
20250323,11,서울특별시,11710,송파구,방이시장,83.02
20250324,11,서울특별시,11710,송파구,방이시장,58.56
20250325,11,서울특별시,11710,송파구,방이시장,60.62
20250326,11,서울특별시,11710,송파구,방이시장,61.1
20250327,11,서울특별시,11710,송파구,방이시장,61.02
20250328,11,서울특별시,11710,송파구,방이시장,61.01
20250329,11,서울특별시,11710,송파구,방이시장,65.47
20250330,11,서울특별시,11710,송파구,방이시장,83.02
20250331,11,서울특별시,11710,송파구,방이시장,58.44
20250401,11,서울특별시,11710,송파구,방이시장,60.62
20250402,11,서울특별시,11710,송파구,방이시장,61.1
20250403,11,서울특별시,11710,송파구,방이시장,61.01
20250404,11,서울특별시,11710,송파구,방이시장,60.62
20250405,11,서울특별시,11710,송파구,방이시장,67.11
20250406,11,서울특별시,11710,송파구,방이시장,83.02
20250407,11,서울특별시,11710,송파구,방이시장,58.56
20250408,11,서울특별시,11710,송파구,방이시장,61.1
20250409,11,서울특별시,11710,송파구,방이시장,61.24
20250410,11,서울특별시,11710,송파구,방이시장,61.18
20250411,11,서울특별시,11710,송파구,방이시장,60.62
20250313,11,서울특별시,11710,송파구,백제초기적석총,96.29
20250314,11,서울특별시,11710,송파구,백제초기적석총,95.95
20250315,11,서울특별시,11710,송파구,백제초기적석총,96.75
20250316,11,서울특별시,11710,송파구,백제초기적석총,97
20250317,11,서울특별시,11710,송파구,백제초기적석총,96.15
20250318,11,서울특별시,11710,송파구,백제초기적석총,96.36
20250319,11,서울특별시,11710,송파구,백제초기적석총,94.83
20250320,11,서울특별시,11710,송파구,백제초기적석총,95.94
20250321,11,서울특별시,11710,송파구,백제초기적석총,95.94
20250322,11,서울특별시,11710,송파구,백제초기적석총,97.95
20250323,11,서울특별시,11710,송파구,백제초기적석총,96.75
20250324,11,서울특별시,11710,송파구,백제초기적석총,95.22
20250325,11,서울특별시,11710,송파구,백제초기적석총,96.53
20250326,11,서울특별시,11710,송파구,백제초기적석총,96.36
20250327,11,서울특별시,11710,송파구,백제초기적석총,95.95
20250328,11,서울특별시,11710,송파구,백제초기적석총,95.94
20250329,11,서울특별시,11710,송파구,백제초기적석총,97.95
20250330,11,서울특별시,11710,송파구,백제초기적석총,96.75
20250331,11,서울특별시,11710,송파구,백제초기적석총,96.15
20250401,11,서울특별시,11710,송파구,백제초기적석총,96.53
20250402,11,서울특별시,11710,송파구,백제초기적석총,96.36
20250403,11,서울특별시,11710,송파구,백제초기적석총,96.34
20250404,11,서울특별시,11710,송파구,백제초기적석총,96.53
20250405,11,서울특별시,11710,송파구,백제초기적석총,97.95
20250406,11,서울특별시,11710,송파구,백제초기적석총,96.75
20250407,11,서울특별시,11710,송파구,백제초기적석총,95.22
20250408,11,서울특별시,11710,송파구,백제초기적석총,96.36
20250409,11,서울특별시,11710,송파구,백제초기적석총,94.83
20250410,11,서울특별시,11710,송파구,백제초기적석총,96.41
20250411,11,서울특별시,11710,송파구,백제초기적석총,96.53
20250313,11,서울특별시,11710,송파구,불광사,99.83
20250314,11,서울특별시,11710,송파구,불광사,99.83
20250315,11,서울특별시,11710,송파구,불광사,76.3
20250316,11,서울특별시,11710,송파구,불광사,74.38
20250317,11,서울특별시,11710,송파구,불광사,53.55
20250318,11,서울특별시,11710,송파구,불광사,64.35
20250319,11,서울특별시,11710,송파구,불광사,59.22
20250320,11,서울특별시,11710,송파구,불광사,83.97
20250321,11,서울특별시,11710,송파구,불광사,83.97
20250322,11,서울특별시,11710,송파구,불광사,76.3
20250323,11,서울특별시,11710,송파구,불광사,76.3
20250324,11,서울특별시,11710,송파구,불광사,99.83
20250325,11,서울특별시,11710,송파구,불광사,65.12
20250326,11,서울특별시,11710,송파구,불광사,64.35
20250327,11,서울특별시,11710,송파구,불광사,99.83
20250328,11,서울특별시,11710,송파구,불광사,83.97
20250329,11,서울특별시,11710,송파구,불광사,76.3
20250330,11,서울특별시,11710,송파구,불광사,76.3
20250331,11,서울특별시,11710,송파구,불광사,53.55
20250401,11,서울특별시,11710,송파구,불광사,65.12
20250402,11,서울특별시,11710,송파구,불광사,64.35
20250403,11,서울특별시,11710,송파구,불광사,83.97
20250404,11,서울특별시,11710,송파구,불광사,65.12
20250405,11,서울특별시,11710,송파구,불광사,76.3
20250406,11,서울특별시,11710,송파구,불광사,76.3
20250407,11,서울특별시,11710,송파구,불광사,99.83
20250408,11,서울특별시,11710,송파구,불광사,64.35
20250409,11,서울특별시,11710,송파구,불광사,59.25
20250410,11,서울특별시,11710,송파구,불광사,65.12
20250411,11,서울특별시,11710,송파구,불광사,65.12
20250313,11,서울특별시,11710,송파구,서울 몽촌토성,84.42
20250314,11,서울특별시,11710,송파구,서울 몽촌토성,85.12
20250315,11,서울특별시,11710,송파구,서울 몽촌토성,99.77
20250316,11,서울특별시,11710,송파구,서울 몽촌토성,99.84
20250317,11,서울특별시,11710,송파구,서울 몽촌토성,75.87
20250318,11,서울특별시,11710,송파구,서울 몽촌토성,80.48
20250319,11,서울특별시,11710,송파구,서울 몽촌토성,90.19
20250320,11,서울특별시,11710,송파구,서울 몽촌토성,75.73
20250321,11,서울특별시,11710,송파구,서울 몽촌토성,75.73
20250322,11,서울특별시,11710,송파구,서울 몽촌토성,99.75
20250313,11,서울특별시,11740,강동구,고덕동 생태경관 보전지역,96.94
20250314,11,서울특별시,11740,강동구,고덕동 생태경관 보전지역,60.26
20250315,11,서울특별시,11740,강동구,고덕동 생태경관 보전지역,55.91
20250316,11,서울특별시,11740,강동구,고덕동 생태경관 보전지역,56.24
20250317,11,서울특별시,11740,강동구,고덕동 생태경관 보전지역,60.26
20250318,11,서울특별시,11740,강동구,고덕동 생태경관 보전지역,60.26
20250319,11,서울특별시,11740,강동구,고덕동 생태경관 보전지역,60.26
20250320,11,서울특별시,11740,강동구,고덕동 생태경관 보전지역,60.26
20250321,11,서울특별시,11740,강동구,고덕동 생태경관 보전지역,59.9
20250322,11,서울특별시,11740,강동구,고덕동 생태경관 보전지역,47.83
20250323,11,서울특별시,11740,강동구,고덕동 생태경관 보전지역,54.26
20250324,11,서울특별시,11740,강동구,고덕동 생태경관 보전지역,60.26
20250325,11,서울특별시,11740,강동구,고덕동 생태경관 보전지역,96.94
20250326,11,서울특별시,11740,강동구,고덕동 생태경관 보전지역,62.4
20250327,11,서울특별시,11740,강동구,고덕동 생태경관 보전지역,62.4
20250328,11,서울특별시,11740,강동구,고덕동 생태경관 보전지역,60.26
20250329,11,서울특별시,11740,강동구,고덕동 생태경관 보전지역,55.91
20250330,11,서울특별시,11740,강동구,고덕동 생태경관 보전지역,47.83
20250331,11,서울특별시,11740,강동구,고덕동 생태경관 보전지역,62.4
20250401,11,서울특별시,11740,강동구,고덕동 생태경관 보전지역,62.4
20250402,11,서울특별시,11740,강동구,고덕동 생태경관 보전지역,58.22
20250403,11,서울특별시,11740,강동구,고덕동 생태경관 보전지역,62.4
20250404,11,서울특별시,11740,강동구,고덕동 생태경관 보전지역,96.94
20250405,11,서울특별시,11740,강동구,고덕동 생태경관 보전지역,55.91
20250406,11,서울특별시,11740,강동구,고덕동 생태경관 보전지역,47.83
20250407,11,서울특별시,11740,강동구,고덕동 생태경관 보전지역,62.4
20250408,11,서울특별시,11740,강동구,고덕동 생태경관 보전지역,58.22
20250409,11,서울특별시,11740,강동구,고덕동 생태경관 보전지역,58.22
20250410,11,서울특별시,11740,강동구,고덕동 생태경관 보전지역,62.4
20250411,11,서울특별시,11740,강동구,고덕동 생태경관 보전지역,96.94
20250313,11,서울특별시,11740,강동구,고분다리전통시장,75.5
20250314,11,서울특별시,11740,강동구,고분다리전통시장,75.5
20250315,11,서울특별시,11740,강동구,고분다리전통시장,65.58
20250316,11,서울특별시,11740,강동구,고분다리전통시장,65.58
20250317,11,서울특별시,11740,강동구,고분다리전통시장,75.5
20250318,11,서울특별시,11740,강동구,고분다리전통시장,75.5
20250319,11,서울특별시,11740,강동구,고분다리전통시장,75.5
20250320,11,서울특별시,11740,강동구,고분다리전통시장,75.5
20250321,11,서울특별시,11740,강동구,고분다리전통시장,75.5
20250322,11,서울특별시,11740,강동구,고분다리전통시장,65.58
20250323,11,서울특별시,11740,강동구,고분다리전통시장,65.58
20250324,11,서울특별시,11740,강동구,고분다리전통시장,75.5
20250325,11,서울특별시,11740,강동구,고분다리전통시장,75.5
20250326,11,서울특별시,11740,강동구,고분다리전통시장,75.5
20250327,11,서울특별시,11740,강동구,고분다리전통시장,75.5
20250328,11,서울특별시,11740,강동구,고분다리전통시장,75.5
20250329,11,서울특별시,11740,강동구,고분다리전통시장,65.58
20250330,11,서울특별시,11740,강동구,고분다리전통시장,65.58
20250331,11,서울특별시,11740,강동구,고분다리전통시장,75.5
20250401,11,서울특별시,11740,강동구,고분다리전통시장,75.5
20250402,11,서울특별시,11740,강동구,고분다리전통시장,75.5
20250403,11,서울특별시,11740,강동구,고분다리전통시장,75.5
20250404,11,서울특별시,11740,강동구,고분다리전통시장,75.5
20250405,11,서울특별시,11740,강동구,고분다리전통시장,65.58
20250406,11,서울특별시,11740,강동구,고분다리전통시장,65.58
20250407,11,서울특별시,11740,강동구,고분다리전통시장,75.5
20250408,11,서울특별시,11740,강동구,고분다리전통시장,75.5
20250409,11,서울특별시,11740,강동구,고분다리전통시장,75.5
20250410,11,서울특별시,11740,강동구,고분다리전통시장,75.5
20250411,11,서울특별시,11740,강동구,고분다리전통시장,75.5
20250313,11,서울특별시,11740,강동구,광나루한강공원,70.97
20250314,11,서울특별시,11740,강동구,광나루한강공원,68.62
20250315,11,서울특별시,11740,강동구,광나루한강공원,68.99
20250316,11,서울특별시,11740,강동구,광나루한강공원,60.1
20250317,11,서울특별시,11740,강동구,광나루한강공원,68.62
20250318,11,서울특별시,11740,강동구,광나루한강공원,68.62
20250319,11,서울특별시,11740,강동구,광나루한강공원,68.62
20250320,11,서울특별시,11740,강동구,광나루한강공원,68.62
20250321,11,서울특별시,11740,강동구,광나루한강공원,69.8
20250322,11,서울특별시,11740,강동구,광나루한강공원,69.01
20250323,11,서울특별시,11740,강동구,광나루한강공원,59.68
20250324,11,서울특별시,11740,강동구,광나루한강공원,68.62
20250325,11,서울특별시,11740,강동구,광나루한강공원,70.97
20250326,11,서울특별시,11740,강동구,광나루한강공원,70.23
20250327,11,서울특별시,11740,강동구,광나루한강공원,70.23
20250328,11,서울특별시,11740,강동구,광나루한강공원,68.62
20250329,11,서울특별시,11740,강동구,광나루한강공원,68.99
20250330,11,서울특별시,11740,강동구,광나루한강공원,69.01
20250331,11,서울특별시,11740,강동구,광나루한강공원,70.23
20250401,11,서울특별시,11740,강동구,광나루한강공원,70.23
20250402,11,서울특별시,11740,강동구,광나루한강공원,47.3
20250403,11,서울특별시,11740,강동구,광나루한강공원,70.23
20250404,11,서울특별시,11740,강동구,광나루한강공원,70.97
20250405,11,서울특별시,11740,강동구,광나루한강공원,68.98
20250406,11,서울특별시,11740,강동구,광나루한강공원,69.01
20250407,11,서울특별시,11740,강동구,광나루한강공원,70.23
20250408,11,서울특별시,11740,강동구,광나루한강공원,47.3
20250409,11,서울특별시,11740,강동구,광나루한강공원,47.3
20250410,11,서울특별시,11740,강동구,광나루한강공원,70.23
20250411,11,서울특별시,11740,강동구,광나루한강공원,70.97
20250313,11,서울특별시,11740,강동구,광나루한강공원 암사생태공원,71.55
20250314,11,서울특별시,11740,강동구,광나루한강공원 암사생태공원,71.15
20250315,11,서울특별시,11740,강동구,광나루한강공원 암사생태공원,81.67
20250316,11,서울특별시,11740,강동구,광나루한강공원 암사생태공원,77.84
20250317,11,서울특별시,11740,강동구,광나루한강공원 암사생태공원,71.15
20250318,11,서울특별시,11740,강동구,광나루한강공원 암사생태공원,71.15
20250319,11,서울특별시,11740,강동구,광나루한강공원 암사생태공원,71.15
20250320,11,서울특별시,11740,강동구,광나루한강공원 암사생태공원,71.15
20250321,11,서울특별시,11740,강동구,광나루한강공원 암사생태공원,79.49
20250322,11,서울특별시,11740,강동구,광나루한강공원 암사생태공원,81.67
20250323,11,서울특별시,11740,강동구,광나루한강공원 암사생태공원,77.72
20250324,11,서울특별시,11740,강동구,광나루한강공원 암사생태공원,71.15
20250325,11,서울특별시,11740,강동구,광나루한강공원 암사생태공원,71.55
20250326,11,서울특별시,11740,강동구,광나루한강공원 암사생태공원,71.72
20250327,11,서울특별시,11740,강동구,광나루한강공원 암사생태공원,71.72
20250328,11,서울특별시,11740,강동구,광나루한강공원 암사생태공원,71.15
20250329,11,서울특별시,11740,강동구,광나루한강공원 암사생태공원,81.67
20250330,11,서울특별시,11740,강동구,광나루한강공원 암사생태공원,81.67
20250331,11,서울특별시,11740,강동구,광나루한강공원 암사생태공원,71.72
20250401,11,서울특별시,11740,강동구,광나루한강공원 암사생태공원,71.72
20250402,11,서울특별시,11740,강동구,광나루한강공원 암사생태공원,71.34
20250403,11,서울특별시,11740,강동구,광나루한강공원 암사생태공원,71.72
20250404,11,서울특별시,11740,강동구,광나루한강공원 암사생태공원,71.55
20250405,11,서울특별시,11740,강동구,광나루한강공원 암사생태공원,81.67
20250406,11,서울특별시,11740,강동구,광나루한강공원 암사생태공원,81.67
20250407,11,서울특별시,11740,강동구,광나루한강공원 암사생태공원,71.72
20250408,11,서울특별시,11740,강동구,광나루한강공원 암사생태공원,71.34
20250409,11,서울특별시,11740,강동구,광나루한강공원 암사생태공원,71.34
20250410,11,서울특별시,11740,강동구,광나루한강공원 암사생태공원,71.72
20250411,11,서울특별시,11740,강동구,광나루한강공원 암사생태공원,71.55
20250313,11,서울특별시,11740,강동구,구강사,53.39
20250314,11,서울특별시,11740,강동구,구강사,52.98
20250315,11,서울특별시,11740,강동구,구강사,69.5
20250316,11,서울특별시,11740,강동구,구강사,70.77
20250317,11,서울특별시,11740,강동구,구강사,53.23
20250318,11,서울특별시,11740,강동구,구강사,53.23
20250319,11,서울특별시,11740,강동구,구강사,53.23
20250320,11,서울특별시,11740,강동구,구강사,53.23
20250321,11,서울특별시,11740,강동구,구강사,55.03
20250322,11,서울특별시,11740,강동구,구강사,70.66
20250323,11,서울특별시,11740,강동구,구강사,70
20250324,11,서울특별시,11740,강동구,구강사,53.23
20250325,11,서울특별시,11740,강동구,구강사,53.39
20250326,11,서울특별시,11740,강동구,구강사,54.42
20250327,11,서울특별시,11740,강동구,구강사,54.42
20250328,11,서울특별시,11740,강동구,구강사,53.23
20250329,11,서울특별시,11740,강동구,구강사,69.5
20250330,11,서울특별시,11740,강동구,구강사,70.66
20250331,11,서울특별시,11740,강동구,구강사,54.42
20250401,11,서울특별시,11740,강동구,구강사,54.42
20250402,11,서울특별시,11740,강동구,구강사,53.96
20250403,11,서울특별시,11740,강동구,구강사,54.42
20250404,11,서울특별시,11740,강동구,구강사,53.39
20250405,11,서울특별시,11740,강동구,구강사,66.7
20250406,11,서울특별시,11740,강동구,구강사,69.83
20250407,11,서울특별시,11740,강동구,구강사,54.42
20250408,11,서울특별시,11740,강동구,구강사,53.96
20250409,11,서울특별시,11740,강동구,구강사,53.96
20250410,11,서울특별시,11740,강동구,구강사,53.96
20250411,11,서울특별시,11740,강동구,구강사,53.39
20250313,11,서울특별시,11740,강동구,구암서원 터(구암정),98.53
20250314,11,서울특별시,11740,강동구,구암서원 터(구암정),70.72
20250315,11,서울특별시,11740,강동구,구암서원 터(구암정),66.26
20250316,11,서울특별시,11740,강동구,구암서원 터(구암정),66.32
20250317,11,서울특별시,11740,강동구,구암서원 터(구암정),70.72
20250318,11,서울특별시,11740,강동구,구암서원 터(구암정),70.72
20250319,11,서울특별시,11740,강동구,구암서원 터(구암정),70.72
20250320,11,서울특별시,11740,강동구,구암서원 터(구암정),70.72
20250321,11,서울특별시,11740,강동구,구암서원 터(구암정),70.66
20250322,11,서울특별시,11740,강동구,구암서원 터(구암정),66.09
20250323,11,서울특별시,11740,강동구,구암서원 터(구암정),69.06
20250324,11,서울특별시,11740,강동구,구암서원 터(구암정),70.72
20250325,11,서울특별시,11740,강동구,구암서원 터(구암정),98.53
20250326,11,서울특별시,11740,강동구,구암서원 터(구암정),100
20250327,11,서울특별시,11740,강동구,구암서원 터(구암정),100
20250328,11,서울특별시,11740,강동구,구암서원 터(구암정),70.72
20250329,11,서울특별시,11740,강동구,구암서원 터(구암정),66.26
20250330,11,서울특별시,11740,강동구,구암서원 터(구암정),66.09
20250331,11,서울특별시,11740,강동구,구암서원 터(구암정),100
20250401,11,서울특별시,11740,강동구,구암서원 터(구암정),100
20250402,11,서울특별시,11740,강동구,구암서원 터(구암정),100
20250403,11,서울특별시,11740,강동구,구암서원 터(구암정),100
20250404,11,서울특별시,11740,강동구,구암서원 터(구암정),98.53
20250405,11,서울특별시,11740,강동구,구암서원 터(구암정),66.26
20250406,11,서울특별시,11740,강동구,구암서원 터(구암정),66.09
20250407,11,서울특별시,11740,강동구,구암서원 터(구암정),100
20250408,11,서울특별시,11740,강동구,구암서원 터(구암정),100
20250409,11,서울특별시,11740,강동구,구암서원 터(구암정),100
20250410,11,서울특별시,11740,강동구,구암서원 터(구암정),100
20250411,11,서울특별시,11740,강동구,구암서원 터(구암정),98.53
20250313,11,서울특별시,11740,강동구,길동복조리시장,94.23
20250314,11,서울특별시,11740,강동구,길동복조리시장,94.23
20250315,11,서울특별시,11740,강동구,길동복조리시장,96.49
20250316,11,서울특별시,11740,강동구,길동복조리시장,96.49
20250317,11,서울특별시,11740,강동구,길동복조리시장,94.23
20250318,11,서울특별시,11740,강동구,길동복조리시장,94.23
20250319,11,서울특별시,11740,강동구,길동복조리시장,94.23
20250320,11,서울특별시,11740,강동구,길동복조리시장,94.23
20250321,11,서울특별시,11740,강동구,길동복조리시장,94.21
20250322,11,서울특별시,11740,강동구,길동복조리시장,96.49
20250323,11,서울특별시,11740,강동구,길동복조리시장,96.49
20250324,11,서울특별시,11740,강동구,길동복조리시장,94.23
20250325,11,서울특별시,11740,강동구,길동복조리시장,94.23
20250326,11,서울특별시,11740,강동구,길동복조리시장,94.24
20250327,11,서울특별시,11740,강동구,길동복조리시장,94.24
20250328,11,서울특별시,11740,강동구,길동복조리시장,94.23
20250329,11,서울특별시,11740,강동구,길동복조리시장,96.49
20250330,11,서울특별시,11740,강동구,길동복조리시장,96.49
20250331,11,서울특별시,11740,강동구,길동복조리시장,94.24
20250401,11,서울특별시,11740,강동구,길동복조리시장,94.24
20250402,11,서울특별시,11740,강동구,길동복조리시장,94.23
20250403,11,서울특별시,11740,강동구,길동복조리시장,94.24
20250404,11,서울특별시,11740,강동구,길동복조리시장,94.23
20250405,11,서울특별시,11740,강동구,길동복조리시장,96.48
20250406,11,서울특별시,11740,강동구,길동복조리시장,96.48
20250407,11,서울특별시,11740,강동구,길동복조리시장,94.24
20250408,11,서울특별시,11740,강동구,길동복조리시장,94.23
20250409,11,서울특별시,11740,강동구,길동복조리시장,94.23
20250410,11,서울특별시,11740,강동구,길동복조리시장,94.23
20250411,11,서울특별시,11740,강동구,길동복조리시장,94.23
20250313,11,서울특별시,11740,강동구,길동생태공원,56.84
20250314,11,서울특별시,11740,강동구,길동생태공원,58.52
20250315,11,서울특별시,11740,강동구,길동생태공원,55.29
20250316,11,서울특별시,11740,강동구,길동생태공원,60.02
20250317,11,서울특별시,11740,강동구,길동생태공원,58.52
20250318,11,서울특별시,11740,강동구,길동생태공원,58.52
20250319,11,서울특별시,11740,강동구,길동생태공원,58.52
20250320,11,서울특별시,11740,강동구,길동생태공원,58.52
20250321,11,서울특별시,11740,강동구,길동생태공원,59.82
20250322,11,서울특별시,11740,강동구,길동생태공원,57.5
20250323,11,서울특별시,11740,강동구,길동생태공원,56.73
20250324,11,서울특별시,11740,강동구,길동생태공원,58.52
20250325,11,서울특별시,11740,강동구,길동생태공원,56.84
20250326,11,서울특별시,11740,강동구,길동생태공원,71.11
20250327,11,서울특별시,11740,강동구,길동생태공원,71.11
20250328,11,서울특별시,11740,강동구,길동생태공원,58.52
20250329,11,서울특별시,11740,강동구,길동생태공원,55.29
20250330,11,서울특별시,11740,강동구,길동생태공원,57.5
20250331,11,서울특별시,11740,강동구,길동생태공원,71.11
20250401,11,서울특별시,11740,강동구,길동생태공원,71.11
20250402,11,서울특별시,11740,강동구,길동생태공원,71.04
20250403,11,서울특별시,11740,강동구,길동생태공원,71.11
20250404,11,서울특별시,11740,강동구,길동생태공원,56.84
20250405,11,서울특별시,11740,강동구,길동생태공원,52.89
20250406,11,서울특별시,11740,강동구,길동생태공원,54.55
20250407,11,서울특별시,11740,강동구,길동생태공원,71.11
20250408,11,서울특별시,11740,강동구,길동생태공원,71.04
20250409,11,서울특별시,11740,강동구,길동생태공원,71.04
20250410,11,서울특별시,11740,강동구,길동생태공원,71.11
20250411,11,서울특별시,11740,강동구,길동생태공원,56.84
20250313,11,서울특별시,11740,강동구,둔촌역전통시장,88.74
20250314,11,서울특별시,11740,강동구,둔촌역전통시장,88.92
20250315,11,서울특별시,11740,강동구,둔촌역전통시장,91.06
20250316,11,서울특별시,11740,강동구,둔촌역전통시장,88.19
20250317,11,서울특별시,11740,강동구,둔촌역전통시장,88.92
20250318,11,서울특별시,11740,강동구,둔촌역전통시장,88.92
20250319,11,서울특별시,11740,강동구,둔촌역전통시장,88.92
20250320,11,서울특별시,11740,강동구,둔촌역전통시장,88.92
20250321,11,서울특별시,11740,강동구,둔촌역전통시장,89.06
20250322,11,서울특별시,11740,강동구,둔촌역전통시장,86.9
20250323,11,서울특별시,11740,강동구,둔촌역전통시장,88.2
20250324,11,서울특별시,11740,강동구,둔촌역전통시장,88.92
20250325,11,서울특별시,11740,강동구,둔촌역전통시장,88.74
20250326,11,서울특별시,11740,강동구,둔촌역전통시장,88.73
20250327,11,서울특별시,11740,강동구,둔촌역전통시장,88.73
20250328,11,서울특별시,11740,강동구,둔촌역전통시장,88.92
20250329,11,서울특별시,11740,강동구,둔촌역전통시장,91.06
20250330,11,서울특별시,11740,강동구,둔촌역전통시장,86.9
20250331,11,서울특별시,11740,강동구,둔촌역전통시장,88.73
20250401,11,서울특별시,11740,강동구,둔촌역전통시장,88.73
20250402,11,서울특별시,11740,강동구,둔촌역전통시장,88.65
20250403,11,서울특별시,11740,강동구,둔촌역전통시장,88.73
20250404,11,서울특별시,11740,강동구,둔촌역전통시장,88.74
20250405,11,서울특별시,11740,강동구,둔촌역전통시장,91.06
20250406,11,서울특별시,11740,강동구,둔촌역전통시장,86.91
20250407,11,서울특별시,11740,강동구,둔촌역전통시장,88.73
20250408,11,서울특별시,11740,강동구,둔촌역전통시장,88.65
20250409,11,서울특별시,11740,강동구,둔촌역전통시장,88.65
20250410,11,서울특별시,11740,강동구,둔촌역전통시장,88.65
20250411,11,서울특별시,11740,강동구,둔촌역전통시장,88.74
20250313,11,서울특별시,11740,강동구,브이센터 (브이센터 더라이브뮤지엄),56.9
20250314,11,서울특별시,11740,강동구,브이센터 (브이센터 더라이브뮤지엄),55.73
20250315,11,서울특별시,11740,강동구,브이센터 (브이센터 더라이브뮤지엄),49
20250316,11,서울특별시,11740,강동구,브이센터 (브이센터 더라이브뮤지엄),48.2
20250317,11,서울특별시,11740,강동구,브이센터 (브이센터 더라이브뮤지엄),58.3
20250318,11,서울특별시,11740,강동구,브이센터 (브이센터 더라이브뮤지엄),58.3
20250319,11,서울특별시,11740,강동구,브이센터 (브이센터 더라이브뮤지엄),58.3
20250320,11,서울특별시,11740,강동구,브이센터 (브이센터 더라이브뮤지엄),58.3
20250321,11,서울특별시,11740,강동구,브이센터 (브이센터 더라이브뮤지엄),45.37
20250322,11,서울특별시,11740,강동구,브이센터 (브이센터 더라이브뮤지엄),43.64
20250323,11,서울특별시,11740,강동구,브이센터 (브이센터 더라이브뮤지엄),47.53
20250324,11,서울특별시,11740,강동구,브이센터 (브이센터 더라이브뮤지엄),58.3
20250325,11,서울특별시,11740,강동구,브이센터 (브이센터 더라이브뮤지엄),56.9
20250326,11,서울특별시,11740,강동구,브이센터 (브이센터 더라이브뮤지엄),100
20250327,11,서울특별시,11740,강동구,브이센터 (브이센터 더라이브뮤지엄),100
20250328,11,서울특별시,11740,강동구,브이센터 (브이센터 더라이브뮤지엄),58.3
20250329,11,서울특별시,11740,강동구,브이센터 (브이센터 더라이브뮤지엄),49
20250330,11,서울특별시,11740,강동구,브이센터 (브이센터 더라이브뮤지엄),43.64
20250331,11,서울특별시,11740,강동구,브이센터 (브이센터 더라이브뮤지엄),100
20250401,11,서울특별시,11740,강동구,브이센터 (브이센터 더라이브뮤지엄),100
20250402,11,서울특별시,11740,강동구,브이센터 (브이센터 더라이브뮤지엄),100
20250403,11,서울특별시,11740,강동구,브이센터 (브이센터 더라이브뮤지엄),100
20250404,11,서울특별시,11740,강동구,브이센터 (브이센터 더라이브뮤지엄),56.9
20250405,11,서울특별시,11740,강동구,브이센터 (브이센터 더라이브뮤지엄),53.09
20250406,11,서울특별시,11740,강동구,브이센터 (브이센터 더라이브뮤지엄),42.7
20250407,11,서울특별시,11740,강동구,브이센터 (브이센터 더라이브뮤지엄),100
20250408,11,서울특별시,11740,강동구,브이센터 (브이센터 더라이브뮤지엄),100
20250409,11,서울특별시,11740,강동구,브이센터 (브이센터 더라이브뮤지엄),100
20250410,11,서울특별시,11740,강동구,브이센터 (브이센터 더라이브뮤지엄),100
20250411,11,서울특별시,11740,강동구,브이센터 (브이센터 더라이브뮤지엄),56.9
20250313,11,서울특별시,11740,강동구,서울 암사동 유적,52.45
20250314,11,서울특별시,11740,강동구,서울 암사동 유적,47.47
20250315,11,서울특별시,11740,강동구,서울 암사동 유적,40.57
20250316,11,서울특별시,11740,강동구,서울 암사동 유적,41.28
20250317,11,서울특별시,11740,강동구,서울 암사동 유적,52.42
20250318,11,서울특별시,11740,강동구,서울 암사동 유적,52.42
20250319,11,서울특별시,11740,강동구,서울 암사동 유적,52.42
20250320,11,서울특별시,11740,강동구,서울 암사동 유적,52.42
20250321,11,서울특별시,11740,강동구,서울 암사동 유적,47.47
20250322,11,서울특별시,11740,강동구,서울 암사동 유적,40.39
20250323,11,서울특별시,11740,강동구,서울 암사동 유적,40.9
20250324,11,서울특별시,11740,강동구,서울 암사동 유적,52.42
20250325,11,서울특별시,11740,강동구,서울 암사동 유적,52.45
20250326,11,서울특별시,11740,강동구,서울 암사동 유적,52.45
20250327,11,서울특별시,11740,강동구,서울 암사동 유적,52.45
20250328,11,서울특별시,11740,강동구,서울 암사동 유적,52.42
20250329,11,서울특별시,11740,강동구,서울 암사동 유적,40.57
20250330,11,서울특별시,11740,강동구,서울 암사동 유적,40.39
20250331,11,서울특별시,11740,강동구,서울 암사동 유적,52.45
20250401,11,서울특별시,11740,강동구,서울 암사동 유적,52.45
20250402,11,서울특별시,11740,강동구,서울 암사동 유적,52.45
20250403,11,서울특별시,11740,강동구,서울 암사동 유적,52.45
20250404,11,서울특별시,11740,강동구,서울 암사동 유적,52.45
20250405,11,서울특별시,11740,강동구,서울 암사동 유적,40.57
20250406,11,서울특별시,11740,강동구,서울 암사동 유적,40.57
20250407,11,서울특별시,11740,강동구,서울 암사동 유적,52.45
20250408,11,서울특별시,11740,강동구,서울 암사동 유적,52.45
20250409,11,서울특별시,11740,강동구,서울 암사동 유적,52.45
20250410,11,서울특별시,11740,강동구,서울 암사동 유적,52.45
20250411,11,서울특별시,11740,강동구,서울 암사동 유적,52.45
20250313,11,서울특별시,11740,강동구,암사선사유적박물관,53.77
20250314,11,서울특별시,11740,강동구,암사선사유적박물관,55.66
20250315,11,서울특별시,11740,강동구,암사선사유적박물관,67.66
20250316,11,서울특별시,11740,강동구,암사선사유적박물관,65.72
20250317,11,서울특별시,11740,강동구,암사선사유적박물관,55.66
20250318,11,서울특별시,11740,강동구,암사선사유적박물관,55.66
20250319,11,서울특별시,11740,강동구,암사선사유적박물관,55.66
20250320,11,서울특별시,11740,강동구,암사선사유적박물관,55.66
20250321,11,서울특별시,11740,강동구,암사선사유적박물관,41.4
20250322,11,서울특별시,11740,강동구,암사선사유적박물관,48.67
20250323,11,서울특별시,11740,강동구,암사선사유적박물관,57.34
20250324,11,서울특별시,11740,강동구,암사선사유적박물관,55.66
20250325,11,서울특별시,11740,강동구,암사선사유적박물관,53.77
20250326,11,서울특별시,11740,강동구,암사선사유적박물관,50.83
20250327,11,서울특별시,11740,강동구,암사선사유적박물관,50.83
20250328,11,서울특별시,11740,강동구,암사선사유적박물관,55.66
20250329,11,서울특별시,11740,강동구,암사선사유적박물관,67.66
20250330,11,서울특별시,11740,강동구,암사선사유적박물관,48.67
20250331,11,서울특별시,11740,강동구,암사선사유적박물관,50.83
20250401,11,서울특별시,11740,강동구,암사선사유적박물관,50.83
20250402,11,서울특별시,11740,강동구,암사선사유적박물관,50.76
20250403,11,서울특별시,11740,강동구,암사선사유적박물관,50.83
20250404,11,서울특별시,11740,강동구,암사선사유적박물관,53.77
20250405,11,서울특별시,11740,강동구,암사선사유적박물관,59.92
20250406,11,서울특별시,11740,강동구,암사선사유적박물관,47.47
20250407,11,서울특별시,11740,강동구,암사선사유적박물관,50.83
20250408,11,서울특별시,11740,강동구,암사선사유적박물관,50.76
20250409,11,서울특별시,11740,강동구,암사선사유적박물관,50.76
20250410,11,서울특별시,11740,강동구,암사선사유적박물관,50.76
20250411,11,서울특별시,11740,강동구,암사선사유적박물관,53.77
20250313,11,서울특별시,11740,강동구,암사종합시장,67.34
20250314,11,서울특별시,11740,강동구,암사종합시장,71.15
20250315,11,서울특별시,11740,강동구,암사종합시장,75.42
20250316,11,서울특별시,11740,강동구,암사종합시장,75.15
20250317,11,서울특별시,11740,강동구,암사종합시장,71.15
20250318,11,서울특별시,11740,강동구,암사종합시장,71.15
20250319,11,서울특별시,11740,강동구,암사종합시장,71.15
20250320,11,서울특별시,11740,강동구,암사종합시장,71.15
20250321,11,서울특별시,11740,강동구,암사종합시장,69.21
20250322,11,서울특별시,11740,강동구,암사종합시장,78.94
20250323,11,서울특별시,11740,강동구,암사종합시장,76.76
20250324,11,서울특별시,11740,강동구,암사종합시장,71.15
20250325,11,서울특별시,11740,강동구,암사종합시장,67.34
20250326,11,서울특별시,11740,강동구,암사종합시장,67.83
20250327,11,서울특별시,11740,강동구,암사종합시장,67.83
20250328,11,서울특별시,11740,강동구,암사종합시장,71.15
20250329,11,서울특별시,11740,강동구,암사종합시장,75.42
20250330,11,서울특별시,11740,강동구,암사종합시장,78.94
20250331,11,서울특별시,11740,강동구,암사종합시장,67.83
20250401,11,서울특별시,11740,강동구,암사종합시장,67.83
20250402,11,서울특별시,11740,강동구,암사종합시장,70.34
20250403,11,서울특별시,11740,강동구,암사종합시장,67.83
20250404,11,서울특별시,11740,강동구,암사종합시장,67.34
20250405,11,서울특별시,11740,강동구,암사종합시장,74.27
20250406,11,서울특별시,11740,강동구,암사종합시장,78.28
20250407,11,서울특별시,11740,강동구,암사종합시장,67.83
20250408,11,서울특별시,11740,강동구,암사종합시장,70.34
20250409,11,서울특별시,11740,강동구,암사종합시장,70.34
20250410,11,서울특별시,11740,강동구,암사종합시장,70.34
20250411,11,서울특별시,11740,강동구,암사종합시장,67.34
20250313,11,서울특별시,11740,강동구,일자산자연공원,94.3
20250314,11,서울특별시,11740,강동구,일자산자연공원,91.61
20250315,11,서울특별시,11740,강동구,일자산자연공원,82.63
20250316,11,서울특별시,11740,강동구,일자산자연공원,97.41
20250317,11,서울특별시,11740,강동구,일자산자연공원,91.61
20250318,11,서울특별시,11740,강동구,일자산자연공원,91.61
20250319,11,서울특별시,11740,강동구,일자산자연공원,91.61
20250320,11,서울특별시,11740,강동구,일자산자연공원,91.61
20250321,11,서울특별시,11740,강동구,일자산자연공원,92.26
20250322,11,서울특별시,11740,강동구,일자산자연공원,96.26
