areaNm,hubTatsNm,hubBsicAdres,hubCtgryLclsNm,hubRank,baseYm,mapX,mapY,areaCd,signguCd,signguNm,hubCtgryMclsNm,formatted_text
서울특별시,팔각정북악스카이,서울 종로구 북악산로 2670,관광지,1,202502,126.980649304390720,37.601597640276750,11,11110,종로구,문화관광,[지역] 서울특별시 [장소] 팔각정북악스카이 [카테고리] 관광지
서울특별시,신창시장,서울 도봉구 덕릉로57길 100,관광지,1,202502,127.037560448345000,37.639482498700100,11,11320,도봉구,쇼핑,[지역] 서울특별시 [장소] 신창시장 [카테고리] 관광지
서울특별시,롯데백화점미아점,서울 강북구 도봉로 620,관광지,1,202502,127.030503640574000,37.614642038726000,11,11305,강북구,쇼핑,[지역] 서울특별시 [장소] 롯데백화점미아점 [카테고리] 관광지
서울특별시,NC백화점신구로점,서울 구로구 구로중앙로 1520,관광지,1,202502,126.882825790362000,37.501164213239000,11,11530,구로구,쇼핑,[지역] 서울특별시 [장소] NC백화점신구로점 [카테고리] 관광지
서울특별시,현대백화점천호점,서울 강동구 천호대로 10050,관광지,1,202502,127.124470251801000,37.538883567487600,11,11740,강동구,쇼핑,[지역] 서울특별시 [장소] 현대백화점천호점 [카테고리] 관광지
서울특별시,타임스트림,서울 관악구 신림로 3300,관광지,1,202502,126.930266112394000,37.483888721297200,11,11620,관악구,쇼핑,[지역] 서울특별시 [장소] 타임스트림 [카테고리] 관광지
서울특별시,우림시장,서울 중랑구 망우로62길 524,관광지,1,202502,127.098277597092000,37.597154443555300,11,11260,중랑구,쇼핑,[지역] 서울특별시 [장소] 우림시장 [카테고리] 관광지
서울특별시,노량진수산시장,서울 동작구 노들로 6740,관광지,1,202502,126.937848463373160,37.514746311669290,11,11590,동작구,쇼핑,[지역] 서울특별시 [장소] 노량진수산시장 [카테고리] 관광지
서울특별시,롯데백화점청량리점,서울 동대문구 왕산로 2140,관광지,1,202502,127.047671224242000,37.580739358753000,11,11230,동대문구,쇼핑,[지역] 서울특별시 [장소] 롯데백화점청량리점 [카테고리] 관광지
서울특별시,그랜드워커힐서울,서울 광진구 워커힐로 1770,숙박,1,202502,127.110971310576000,37.555131604694500,11,11215,광진구,숙박,[지역] 서울특별시 [장소] 그랜드워커힐서울 [카테고리] 숙박
서울특별시,현대백화점압구정본점,서울 강남구 압구정로 1650,관광지,1,202502,127.027490810337000,37.527346002885200,11,11680,강남구,쇼핑,[지역] 서울특별시 [장소] 현대백화점압구정본점 [카테고리] 관광지
서울특별시,서울숲,서울 성동구 뚝섬로 2730,관광지,1,202502,127.039283446100000,37.544854567366900,11,11200,성동구,문화관광,[지역] 서울특별시 [장소] 서울숲 [카테고리] 관광지
서울특별시,롯데월드몰,서울 송파구 올림픽로 3000,관광지,1,202502,127.104500080534000,37.513858556462200,11,11710,송파구,쇼핑,[지역] 서울특별시 [장소] 롯데월드몰 [카테고리] 관광지
서울특별시,HDC아이파크몰용산점,서울 용산구 한강대로23길 550,관광지,1,202502,126.964465730843000,37.528965323741400,11,11170,용산구,쇼핑,[지역] 서울특별시 [장소] HDC아이파크몰용산점 [카테고리] 관광지
서울특별시,롯데백화점본점,서울 중구 남대문로 810,관광지,1,202502,126.981760674782000,37.564740800167000,11,11140,중구,쇼핑,[지역] 서울특별시 [장소] 롯데백화점본점 [카테고리] 관광지
서울특별시,신세계백화점강남점,서울 서초구 신반포로 1760,관광지,1,202502,127.004231446895000,37.505025621091600,11,11650,서초구,쇼핑,[지역] 서울특별시 [장소] 신세계백화점강남점 [카테고리] 관광지
서울특별시,롯데백화점노원점,서울 노원구 동일로 14140,관광지,1,202502,127.061113718018000,37.655036401393100,11,11350,노원구,쇼핑,[지역] 서울특별시 [장소] 롯데백화점노원점 [카테고리] 관광지
서울특별시,현대백화점미아점,서울 성북구 동소문로 3150,관광지,1,202502,127.028700446121000,37.608347157757300,11,11290,성북구,쇼핑,[지역] 서울특별시 [장소] 현대백화점미아점 [카테고리] 관광지
서울특별시,김포국제공항국내선,서울 강서구 하늘길 1110,관광지,1,202502,126.802937943025000,37.558926787216900,11,11500,강서구,기타관광,[지역] 서울특별시 [장소] 김포국제공항국내선 [카테고리] 관광지
서울특별시,현대백화점목동점,서울 양천구 목동동로 2570,관광지,1,202502,126.875187349495000,37.526522345501000,11,11470,양천구,쇼핑,[지역] 서울특별시 [장소] 현대백화점목동점 [카테고리] 관광지
서울특별시,망원시장,서울 마포구 포은로8길 140,관광지,1,202502,126.906058951147490,37.556530111308010,11,11440,마포구,쇼핑,[지역] 서울특별시 [장소] 망원시장 [카테고리] 관광지
서울특별시,현대백화점신촌점,서울 서대문구 신촌로 830,관광지,1,202502,126.935820469888000,37.556047078487800,11,11410,서대문구,쇼핑,[지역] 서울특별시 [장소] 현대백화점신촌점 [카테고리] 관광지
서울특별시,현대시티아울렛가산점,서울 금천구 디지털로10길 90,관광지,1,202502,126.889150704584000,37.477642981043700,11,11545,금천구,쇼핑,[지역] 서울특별시 [장소] 현대시티아울렛가산점 [카테고리] 관광지
서울특별시,롯데몰은평점,서울 은평구 통일로 10500,관광지,1,202502,126.917932407595000,37.637676409961200,11,11380,은평구,쇼핑,[지역] 서울특별시 [장소] 롯데몰은평점 [카테고리] 관광지
서울특별시,더현대서울,서울 영등포구 여의대로 1080,관광지,1,202502,126.928293662902000,37.526022727106000,11,11560,영등포구,쇼핑,[지역] 서울특별시 [장소] 더현대서울 [카테고리] 관광지
서울특별시,롯데호텔월드,서울 송파구 올림픽로 2400,숙박,10,202502,127.100139386778000,37.511469916315000,11,11710,송파구,숙박,[지역] 서울특별시 [장소] 롯데호텔월드 [카테고리] 숙박
서울특별시,구로시장,서울 구로구 구로동로22길 174,관광지,10,202502,126.885686756753070,37.489248941505124,11,11530,구로구,쇼핑,[지역] 서울특별시 [장소] 구로시장 [카테고리] 관광지
서울특별시,신라스테이서초,서울 서초구 효령로 4270,숙박,10,202502,127.030083086096000,37.489441285734600,11,11650,서초구,숙박,[지역] 서울특별시 [장소] 신라스테이서초 [카테고리] 숙박
서울특별시,블루스퀘어,서울 용산구 이태원로 2940,관광지,10,202502,127.002453480488000,37.540910350659400,11,11170,용산구,문화관광,[지역] 서울특별시 [장소] 블루스퀘어 [카테고리] 관광지
서울특별시,수협강서수산시장,서울 강서구 강서도매시장로 920,관광지,10,202502,126.818758642811420,37.552823059482580,11,11500,강서구,쇼핑,[지역] 서울특별시 [장소] 수협강서수산시장 [카테고리] 관광지
서울특별시,리베라호텔서울,서울 강남구 영동대로 7370,숙박,10,202502,127.054254521425000,37.523829313148000,11,11680,강남구,숙박,[지역] 서울특별시 [장소] 리베라호텔서울 [카테고리] 숙박
서울특별시,파리공원,서울 양천구 목동동로 3630,관광지,10,202502,126.877159315633000,37.534632530530100,11,11470,양천구,문화관광,[지역] 서울특별시 [장소] 파리공원 [카테고리] 관광지
서울특별시,디뮤지엄,서울 성동구 왕십리로 8321,관광지,10,202502,127.044185612004000,37.543893181363500,11,11200,성동구,문화관광,[지역] 서울특별시 [장소] 디뮤지엄 [카테고리] 관광지
서울특별시,페어필드바이메리어트서울호텔,서울 영등포구 경인로 8700,숙박,10,202502,126.909307278346000,37.516932170557300,11,11560,영등포구,숙박,[지역] 서울특별시 [장소] 페어필드바이메리어트서울호텔 [카테고리] 숙박
서울특별시,신라면세점서울점,서울 중구 동호로 2490,관광지,10,202502,127.007758397297340,37.557214053732860,11,11140,중구,쇼핑,[지역] 서울특별시 [장소] 신라면세점서울점 [카테고리] 관광지
서울특별시,공릉동도깨비시장,서울 노원구 동일로180길 220,관광지,10,202502,127.075918256959000,37.622484706114200,11,11350,노원구,쇼핑,[지역] 서울특별시 [장소] 공릉동도깨비시장 [카테고리] 관광지
서울특별시,자양전통시장,서울 광진구 자양로13길 720,관광지,10,202502,127.080002277633130,37.534102472392630,11,11215,광진구,쇼핑,[지역] 서울특별시 [장소] 자양전통시장 [카테고리] 관광지
서울특별시,서울한방진흥센터,서울 동대문구 약령중앙로 260,관광지,10,202502,127.037616579559000,37.580572648709200,11,11230,동대문구,문화관광,[지역] 서울특별시 [장소] 서울한방진흥센터 [카테고리] 관광지
서울특별시,론스타호텔,서울 도봉구 마들로11길 370,숙박,10,202502,127.051197961824000,37.653730934751900,11,11320,도봉구,숙박,[지역] 서울특별시 [장소] 론스타호텔 [카테고리] 숙박
서울특별시,삼천사,서울 은평구 연서로54길 1270,관광지,10,202502,126.952484788919430,37.642314974990754,11,11380,은평구,역사관광,[지역] 서울특별시 [장소] 삼천사 [카테고리] 관광지
서울특별시,핸드픽트호텔서울,서울 동작구 상도로 1200,숙박,10,202502,126.933571202570000,37.501220071490000,11,11590,동작구,숙박,[지역] 서울특별시 [장소] 핸드픽트호텔서울 [카테고리] 숙박
서울특별시,CGV미아,서울 강북구 도봉로 340,관광지,10,202502,127.030755778797710,37.612096736701820,11,11305,강북구,문화관광,[지역] 서울특별시 [장소] CGV미아 [카테고리] 관광지
서울특별시,서대문독립공원,서울 서대문구 통일로 2510,관광지,10,202502,126.956373991055000,37.574100671913500,11,11410,서대문구,문화관광,[지역] 서울특별시 [장소] 서대문독립공원 [카테고리] 관광지
서울특별시,퐁퐁플라워가산센터,서울 금천구 벚꽃로 2780,관광지,10,202502,126.884575839969000,37.479416738014600,11,11545,금천구,문화관광,[지역] 서울특별시 [장소] 퐁퐁플라워가산센터 [카테고리] 관광지
서울특별시,아리랑힐호텔동대문,서울 성북구 아리랑로 80,숙박,10,202502,127.016657917073810,37.593620794483215,11,11290,성북구,숙박,[지역] 서울특별시 [장소] 아리랑힐호텔동대문 [카테고리] 숙박
서울특별시,둔촌역전통시장,서울 강동구,관광지,10,202502,127.135080512607000,37.527968228871300,11,11740,강동구,쇼핑,[지역] 서울특별시 [장소] 둔촌역전통시장 [카테고리] 관광지
서울특별시,롯데호텔L7홍대,서울 마포구 양화로 1410,숙박,10,202502,126.921700680704000,37.555752308085000,11,11440,마포구,숙박,[지역] 서울특별시 [장소] 롯데호텔L7홍대 [카테고리] 숙박
서울특별시,청와대,서울 종로구 청와대로 10,관광지,10,202502,126.976427620421000,37.585599465306000,11,11110,종로구,기타관광,[지역] 서울특별시 [장소] 청와대 [카테고리] 관광지
서울특별시,봉천고개,서울 관악구,관광지,10,202502,126.956235916781000,37.491276915058000,11,11620,관악구,자연관광,[지역] 서울특별시 [장소] 봉천고개 [카테고리] 관광지
서울특별시,삼룡사,서울 중랑구 용마산로112나길 410,관광지,10,202502,127.101666185922000,37.596515649845500,11,11260,중랑구,역사관광,[지역] 서울특별시 [장소] 삼룡사 [카테고리] 관광지
서울특별시,삼각지공원,서울 용산구,관광지,100,202502,126.975372657758000,37.534494258748900,11,11170,용산구,문화관광,[지역] 서울특별시 [장소] 삼각지공원 [카테고리] 관광지
서울특별시,페이스서울,서울 용산구 이태원로 2670,관광지,100,202502,127.001134137703000,37.538520219740100,11,11170,용산구,문화관광,[지역] 서울특별시 [장소] 페이스서울 [카테고리] 관광지
서울특별시,토요코인호텔서울동대문1,서울 중구 퇴계로 3370,숙박,100,202502,127.008952660715000,37.564685419275300,11,11140,중구,숙박,[지역] 서울특별시 [장소] 토요코인호텔서울동대문1 [카테고리] 숙박
서울특별시,도곡스타탁구클럽,서울 서초구 논현로 1510,관광지,100,202502,127.042062900000000,37.482917200000000,11,11650,서초구,레저스포츠,[지역] 서울특별시 [장소] 도곡스타탁구클럽 [카테고리] 관광지
서울특별시,강남실탄사격장송파파크하비오점,서울 송파구 송파대로 1110,관광지,100,202502,127.123623528642720,37.480273525862145,11,11710,송파구,레저스포츠,[지역] 서울특별시 [장소] 강남실탄사격장송파파크하비오점 [카테고리] 관광지
서울특별시,미래한강본부난지안내센터,서울 마포구,관광지,100,202502,126.885339049219620,37.562864604500560,11,11440,마포구,기타관광,[지역] 서울특별시 [장소] 미래한강본부난지안내센터 [카테고리] 관광지
서울특별시,호텔디엠,서울 종로구 난계로29길 730,숙박,100,202502,127.019396076203000,37.573323373886000,11,11110,종로구,숙박,[지역] 서울특별시 [장소] 호텔디엠 [카테고리] 숙박
서울특별시,마루공원,서울 강남구,관광지,100,202502,127.080835723249000,37.496332655960900,11,11680,강남구,문화관광,[지역] 서울특별시 [장소] 마루공원 [카테고리] 관광지
서울특별시,심플스테이김포공항점,서울 강서구 개화동로29길 570,숙박,100,202502,126.809998321000250,37.563742250775945,11,11500,강서구,숙박,[지역] 서울특별시 [장소] 심플스테이김포공항점 [카테고리] 숙박
서울특별시,봉원사,서울 서대문구 봉원사길 1200,관광지,11,202502,126.947821236434010,37.571945770976406,11,11410,서대문구,역사관광,[지역] 서울특별시 [장소] 봉원사 [카테고리] 관광지
서울특별시,달마사,서울 동작구 서달로 5026,관광지,11,202502,126.962698031240850,37.498709064303910,11,11590,동작구,역사관광,[지역] 서울특별시 [장소] 달마사 [카테고리] 관광지
서울특별시,서울암사동유적,서울 강동구 올림픽로 8750,관광지,11,202502,127.130358392555000,37.560686639912800,11,11740,강동구,역사관광,[지역] 서울특별시 [장소] 서울암사동유적 [카테고리] 관광지
서울특별시,서울월드컵경기장,서울 마포구 월드컵로 2400,관광지,11,202502,126.897268284040380,37.568267650773230,11,11440,마포구,문화관광,[지역] 서울특별시 [장소] 서울월드컵경기장 [카테고리] 관광지
서울특별시,롯데시네마수유,서울 강북구 도봉로 3080,관광지,11,202502,127.023839505257400,37.635705072447784,11,11305,강북구,문화관광,[지역] 서울특별시 [장소] 롯데시네마수유 [카테고리] 관광지
서울특별시,밀리오레동대문점,서울 중구 장충단로 2630,관광지,11,202502,127.008424896703420,37.568157236676655,11,11140,중구,쇼핑,[지역] 서울특별시 [장소] 밀리오레동대문점 [카테고리] 관광지
서울특별시,보문사,서울 성북구 보문사길 200,관광지,11,202502,127.015951834059200,37.584460953063380,11,11290,성북구,역사관광,[지역] 서울특별시 [장소] 보문사 [카테고리] 관광지
서울특별시,관악신사시장,서울 관악구 난곡로74길 580,관광지,11,202502,126.916822859616000,37.486305026708400,11,11620,관악구,쇼핑,[지역] 서울특별시 [장소] 관악신사시장 [카테고리] 관광지
서울특별시,CT LEX,서울 금천구 시흥대로 3990,관광지,11,202502,126.897241457760000,37.469390195969500,11,11545,금천구,쇼핑,[지역] 서울특별시 [장소] CT LEX [카테고리] 관광지
서울특별시,JW메리어트동대문스퀘어서울,서울 종로구 청계천로 2790,숙박,11,202502,127.008785952337000,37.570490302397600,11,11110,종로구,숙박,[지역] 서울특별시 [장소] JW메리어트동대문스퀘어서울 [카테고리] 숙박
서울특별시,호텔더디자이너스청량리점,서울 동대문구 왕산로 2260,숙박,11,202502,127.047643439407000,37.581711468364000,11,11230,동대문구,숙박,[지역] 서울특별시 [장소] 호텔더디자이너스청량리점 [카테고리] 숙박
서울특별시,노룬산골목시장,서울 광진구,관광지,11,202502,127.065031200369050,37.536577906637260,11,11215,광진구,쇼핑,[지역] 서울특별시 [장소] 노룬산골목시장 [카테고리] 관광지
서울특별시,신곡종합시장,서울 양천구 남부순환로79길 370,관광지,11,202502,126.843079220797000,37.518328654100200,11,11470,양천구,쇼핑,[지역] 서울특별시 [장소] 신곡종합시장 [카테고리] 관광지
서울특별시,서울숲씨어터,서울 성동구 서울숲2길 3214,관광지,11,202502,127.043079994208310,37.545420445020850,11,11200,성동구,문화관광,[지역] 서울특별시 [장소] 서울숲씨어터 [카테고리] 관광지
서울특별시,안다즈서울강남,서울 강남구 논현로 8540,숙박,11,202502,127.028928668135620,37.525532893656990,11,11680,강남구,숙박,[지역] 서울특별시 [장소] 안다즈서울강남 [카테고리] 숙박
서울특별시,CGV구로,서울 구로구 구로중앙로 1520,관광지,11,202502,126.882770240094810,37.501136438334825,11,11530,구로구,문화관광,[지역] 서울특별시 [장소] CGV구로 [카테고리] 관광지
서울특별시,해밀톤호텔,서울 용산구 이태원로 1790,숙박,11,202502,126.993593229582330,37.534827665890220,11,11170,용산구,숙박,[지역] 서울특별시 [장소] 해밀톤호텔 [카테고리] 숙박
서울특별시,메이필드호텔,서울 강서구 방화대로 940,숙박,11,202502,126.819164442846000,37.547186282189000,11,11500,강서구,숙박,[지역] 서울특별시 [장소] 메이필드호텔 [카테고리] 숙박
서울특별시,롯데백화점에비뉴엘월드타워점,서울 송파구 올림픽로 3000,관광지,11,202502,127.101583686288000,37.512941977471900,11,11710,송파구,쇼핑,[지역] 서울특별시 [장소] 롯데백화점에비뉴엘월드타워점 [카테고리] 관광지
서울특별시,예술의전당콘서트홀,서울 서초구 남부순환로 24060,관광지,11,202502,127.011369942574660,37.479111992953705,11,11650,서초구,문화관광,[지역] 서울특별시 [장소] 예술의전당콘서트홀 [카테고리] 관광지
서울특별시,연산군묘,서울 도봉구,관광지,11,202502,127.022589364971000,37.661368760300400,11,11320,도봉구,역사관광,[지역] 서울특별시 [장소] 연산군묘 [카테고리] 관광지
서울특별시,라코지스테이서울,서울 중랑구 망우로 2320,숙박,11,202502,127.078446085915000,37.594237989793700,11,11260,중랑구,숙박,[지역] 서울특별시 [장소] 라코지스테이서울 [카테고리] 숙박
서울특별시,켄싱턴호텔여의도,서울 영등포구 국회대로76길 160,숙박,11,202502,126.921933086225830,37.530244422216290,11,11560,영등포구,숙박,[지역] 서울특별시 [장소] 켄싱턴호텔여의도 [카테고리] 숙박
서울특별시,태릉국제스케이트장,서울 노원구 화랑로 7270,관광지,11,202502,127.102971204101150,37.638677446989696,11,11350,노원구,레저스포츠,[지역] 서울특별시 [장소] 태릉국제스케이트장 [카테고리] 관광지
서울특별시,수국사,서울 은평구 서오릉로23길 85,관광지,11,202502,126.904364600000000,37.615810200000000,11,11380,은평구,역사관광,[지역] 서울특별시 [장소] 수국사 [카테고리] 관광지
서울특별시,광화문,서울 종로구 사직로 1610,관광지,12,202502,126.976927668386670,37.576045018222850,11,11110,종로구,역사관광,[지역] 서울특별시 [장소] 광화문 [카테고리] 관광지
서울특별시,목동로데오거리,서울 양천구,관광지,12,202502,126.862716240127720,37.528105420002560,11,11470,양천구,문화관광,[지역] 서울특별시 [장소] 목동로데오거리 [카테고리] 관광지
서울특별시,CGV건대입구,서울 광진구 아차산로30길 260,관광지,12,202502,127.066892111660410,37.539799768021650,11,11215,광진구,문화관광,[지역] 서울특별시 [장소] CGV건대입구 [카테고리] 관광지
서울특별시,꿈의숲아트센터,서울 강북구 월계로 1730,관광지,12,202502,127.038477209006000,37.621567911122800,11,11305,강북구,문화관광,[지역] 서울특별시 [장소] 꿈의숲아트센터 [카테고리] 관광지
서울특별시,세빛섬,서울 서초구 올림픽대로 208514,관광지,12,202502,126.995315516251670,37.512191404521616,11,11650,서초구,자연관광,[지역] 서울특별시 [장소] 세빛섬 [카테고리] 관광지
서울특별시,의릉,서울 성북구 화랑로32길 14637,관광지,12,202502,127.057253465313000,37.603625660063700,11,11290,성북구,역사관광,[지역] 서울특별시 [장소] 의릉 [카테고리] 관광지
서울특별시,CGV불광,서울 은평구 불광로 200,관광지,12,202502,126.928987234296050,37.609707493876330,11,11380,은평구,문화관광,[지역] 서울특별시 [장소] CGV불광 [카테고리] 관광지
서울특별시,더플라자호텔,서울 중구 소공로 1190,숙박,12,202502,126.978122115508000,37.564685228569000,11,11140,중구,숙박,[지역] 서울특별시 [장소] 더플라자호텔 [카테고리] 숙박
서울특별시,간데메공원,서울 동대문구 서울시립대로2길 590,관광지,12,202502,127.048810083676000,37.573268007750100,11,11230,동대문구,문화관광,[지역] 서울특별시 [장소] 간데메공원 [카테고리] 관광지
서울특별시,여의도백화점,서울 영등포구 국제금융로6길 330,관광지,12,202502,126.926960500981110,37.520745551394920,11,11560,영등포구,쇼핑,[지역] 서울특별시 [장소] 여의도백화점 [카테고리] 관광지
서울특별시,서울형키즈카페중랑구면목4동점,서울 중랑구 용마산로 2090,관광지,12,202502,127.084855998768600,37.572446989297134,11,11260,중랑구,문화관광,[지역] 서울특별시 [장소] 서울형키즈카페중랑구면목4동점 [카테고리] 관광지
서울특별시,하운드호텔서울대입구점,서울 관악구 관악로15길 170,숙박,12,202502,126.951433211203950,37.480164050138000,11,11620,관악구,숙박,[지역] 서울특별시 [장소] 하운드호텔서울대입구점 [카테고리] 숙박
서울특별시,성수아트홀,서울 성동구 뚝섬로1길 430,관광지,12,202502,127.046949414435550,37.545410106355210,11,11200,성동구,문화관광,[지역] 서울특별시 [장소] 성수아트홀 [카테고리] 관광지
서울특별시,스탠포드호텔서울,서울 마포구 월드컵북로58길 150,숙박,12,202502,126.886684847140000,37.582353275334600,11,11440,마포구,숙박,[지역] 서울특별시 [장소] 스탠포드호텔서울 [카테고리] 숙박
서울특별시,마인드호텔,서울 금천구 남부순환로 12620,숙박,12,202502,126.890964156520000,37.478889059988100,11,11545,금천구,숙박,[지역] 서울특별시 [장소] 마인드호텔 [카테고리] 숙박
서울특별시,가락몰,서울 송파구 양재대로 9320,관광지,12,202502,127.116499197829440,37.493472097849875,11,11710,송파구,쇼핑,[지역] 서울특별시 [장소] 가락몰 [카테고리] 관광지
서울특별시,가리봉시장,서울 구로구 우마3길 190,관광지,12,202502,126.889158741052630,37.481305436388520,11,11530,구로구,쇼핑,[지역] 서울특별시 [장소] 가리봉시장 [카테고리] 관광지
서울특별시,스페이스살림,서울 동작구 노량진로 100,관광지,12,202502,126.927155008645000,37.512357633548000,11,11590,동작구,문화관광,[지역] 서울특별시 [장소] 스페이스살림 [카테고리] 관광지
서울특별시,옥천암,서울 서대문구 홍지문길 138,관광지,12,202502,126.954262847948270,37.597014674220155,11,11410,서대문구,역사관광,[지역] 서울특별시 [장소] 옥천암 [카테고리] 관광지
서울특별시,서울창포원,서울 도봉구 마들로 9160,관광지,12,202502,127.048114553785770,37.689365678229805,11,11320,도봉구,문화관광,[지역] 서울특별시 [장소] 서울창포원 [카테고리] 관광지
서울특별시,광나루한강공원,서울 강동구 선사로 83106,관광지,12,202502,127.121637064126300,37.550021151289876,11,11740,강동구,문화관광,[지역] 서울특별시 [장소] 광나루한강공원 [카테고리] 관광지
서울특별시,국립중앙박물관어린이박물관,서울 용산구 서빙고로 1370,관광지,12,202502,126.979692930648350,37.523994278908460,11,11170,용산구,문화관광,[지역] 서울특별시 [장소] 국립중앙박물관어린이박물관 [카테고리] 관광지
서울특별시,노보텔앰배서더호텔서울강남,서울 강남구 봉은사로 1300,숙박,12,202502,127.028895882471470,37.505303519166330,11,11680,강남구,숙박,[지역] 서울특별시 [장소] 노보텔앰배서더호텔서울강남 [카테고리] 숙박
서울특별시,롯데백화점김포공항점,서울 강서구 하늘길 380,관광지,12,202502,126.803137962244000,37.563295432267300,11,11500,강서구,쇼핑,[지역] 서울특별시 [장소] 롯데백화점김포공항점 [카테고리] 관광지
서울특별시,동천실내스케이트장,서울 노원구 노원로18길 410,관광지,12,202502,127.073112741033000,37.644065524405900,11,11350,노원구,레저스포츠,[지역] 서울특별시 [장소] 동천실내스케이트장 [카테고리] 관광지
서울특별시,신라스테이역삼,서울 강남구 언주로 5170,숙박,13,202502,127.041366312800680,37.504753467661490,11,11680,강남구,숙박,[지역] 서울특별시 [장소] 신라스테이역삼 [카테고리] 숙박
서울특별시,서울올림픽파크텔,서울 송파구 올림픽로 4480,숙박,13,202502,127.116498913830000,37.522274325790500,11,11710,송파구,숙박,[지역] 서울특별시 [장소] 서울올림픽파크텔 [카테고리] 숙박
서울특별시,롤러팡팡,서울 관악구 신림로 3400,관광지,13,202502,126.930099452248000,37.484777506444100,11,11620,관악구,레저스포츠,[지역] 서울특별시 [장소] 롤러팡팡 [카테고리] 관광지
서울특별시,골든씨티호텔,서울 동대문구 천호대로 3770,숙박,13,202502,127.061031308426000,37.562352679569000,11,11230,동대문구,숙박,[지역] 서울특별시 [장소] 골든씨티호텔 [카테고리] 숙박
서울특별시,메가박스신촌,서울 서대문구 신촌역로 300,관광지,13,202502,126.941903216968920,37.559768907528880,11,11410,서대문구,문화관광,[지역] 서울특별시 [장소] 메가박스신촌 [카테고리] 관광지
서울특별시,예술의전당음악당,서울 서초구 남부순환로 24060,관광지,13,202502,127.011731021612800,37.479056446041810,11,11650,서초구,문화관광,[지역] 서울특별시 [장소] 예술의전당음악당 [카테고리] 관광지
서울특별시,커먼그라운드,서울 광진구 아차산로 2000,관광지,13,202502,127.065864412010750,37.541299588236630,11,11215,광진구,쇼핑,[지역] 서울특별시 [장소] 커먼그라운드 [카테고리] 관광지
서울특별시,용산가족공원,서울 용산구 서빙고로 1370,관광지,13,202502,126.983983115927000,37.521579138352900,11,11170,용산구,문화관광,[지역] 서울특별시 [장소] 용산가족공원 [카테고리] 관광지
서울특별시,범서쇼핑센터,서울 은평구 통일로 8420,관광지,13,202502,126.922071106260000,37.618706409599700,11,11380,은평구,쇼핑,[지역] 서울특별시 [장소] 범서쇼핑센터 [카테고리] 관광지
서울특별시,푸른수목원,서울 구로구 서해안로 21170,관광지,13,202502,126.824803427292000,37.483443689122300,11,11530,구로구,자연관광,[지역] 서울특별시 [장소] 푸른수목원 [카테고리] 관광지
서울특별시,누디트서울숲,서울 성동구 아차산로 60,관광지,13,202502,127.045116731954180,37.547639996270590,11,11200,성동구,문화관광,[지역] 서울특별시 [장소] 누디트서울숲 [카테고리] 관광지
서울특별시,코트야드메리어트서울보타닉파크호텔,서울 강서구 마곡중앙12로 100,숙박,13,202502,126.829274449936400,37.566989607181800,11,11500,강서구,숙박,[지역] 서울특별시 [장소] 코트야드메리어트서울보타닉파크호텔 [카테고리] 숙박
서울특별시,양천해누리체육공원,서울 양천구 안양천로 7110,관광지,13,202502,126.872937694351280,37.511746262926650,11,11470,양천구,문화관광,[지역] 서울특별시 [장소] 양천해누리체육공원 [카테고리] 관광지
서울특별시,서울역사박물관,서울 종로구 새문안로 550,관광지,13,202502,126.970483861752610,37.570406741805240,11,11110,종로구,문화관광,[지역] 서울특별시 [장소] 서울역사박물관 [카테고리] 관광지
서울특별시,호압사,서울 금천구 호암로 2780,관광지,13,202502,126.925575193119410,37.452600460768170,11,11545,금천구,역사관광,[지역] 서울특별시 [장소] 호압사 [카테고리] 관광지
서울특별시,서울시립북서울미술관,서울 노원구 동일로 12380,관광지,13,202502,127.066780012478400,37.640871409878050,11,11350,노원구,문화관광,[지역] 서울특별시 [장소] 서울시립북서울미술관 [카테고리] 관광지
서울특별시,정릉,서울 성북구 아리랑로19길 1160,관광지,13,202502,127.006119216643240,37.602153289496094,11,11290,성북구,역사관광,[지역] 서울특별시 [장소] 정릉 [카테고리] 관광지
서울특별시,영등포청과시장,서울 영등포구 영신로 1610,관광지,13,202502,126.900962839125000,37.522050797292700,11,11560,영등포구,쇼핑,[지역] 서울특별시 [장소] 영등포청과시장 [카테고리] 관광지
서울특별시,서울로얄호텔,서울 중구 명동길 610,숙박,13,202502,126.985593665526000,37.564324205369000,11,11140,중구,숙박,[지역] 서울특별시 [장소] 서울로얄호텔 [카테고리] 숙박
서울특별시,CGV천호,서울 강동구 양재대로 15710,관광지,13,202502,127.142246356025680,37.545716222911850,11,11740,강동구,문화관광,[지역] 서울특별시 [장소] CGV천호 [카테고리] 관광지
서울특별시,아만티호텔서울,서울 마포구 월드컵북로 310,숙박,13,202502,126.918710895714000,37.557157956201000,11,11440,마포구,숙박,[지역] 서울특별시 [장소] 아만티호텔서울 [카테고리] 숙박
서울특별시,우이동유원지,서울 강북구,관광지,13,202502,127.007651565573440,37.668713890001430,11,11305,강북구,문화관광,[지역] 서울특별시 [장소] 우이동유원지 [카테고리] 관광지
서울특별시,호텔드씨엘,서울 중랑구 동일로 8660,숙박,13,202502,127.078640379418000,37.607708654974000,11,11260,중랑구,숙박,[지역] 서울특별시 [장소] 호텔드씨엘 [카테고리] 숙박
서울특별시,SR호텔사당,서울 동작구 동작대로1길 150,숙박,13,202502,126.980428312027000,37.477139808256000,11,11590,동작구,숙박,[지역] 서울특별시 [장소] SR호텔사당 [카테고리] 숙박
서울특별시,창골축구장,서울 도봉구 해등로3길 4811,관광지,13,202502,127.041004492053000,37.648481478578600,11,11320,도봉구,문화관광,[지역] 서울특별시 [장소] 창골축구장 [카테고리] 관광지
서울특별시,라이즈오토그래프컬렉션,서울 마포구 양화로 1300,숙박,14,202502,126.921238470876000,37.554463838898200,11,11440,마포구,숙박,[지역] 서울특별시 [장소] 라이즈오토그래프컬렉션 [카테고리] 숙박
서울특별시,응봉산팔각정,서울 성동구,관광지,14,202502,127.029899974493570,37.547844440754740,11,11200,성동구,역사관광,[지역] 서울특별시 [장소] 응봉산팔각정 [카테고리] 관광지
서울특별시,우이시장,서울 강북구 한천로162길 240,관광지,14,202502,127.019921043060440,37.646298766246330,11,11305,강북구,쇼핑,[지역] 서울특별시 [장소] 우이시장 [카테고리] 관광지
서울특별시,리움미술관M1,서울 용산구 이태원로55길 6016,관광지,14,202502,126.998847504387640,37.538545740088210,11,11170,용산구,문화관광,[지역] 서울특별시 [장소] 리움미술관M1 [카테고리] 관광지
서울특별시,은가어린이공원,서울 서대문구,관광지,14,202502,126.919460580182000,37.582766108989000,11,11410,서대문구,문화관광,[지역] 서울특별시 [장소] 은가어린이공원 [카테고리] 관광지
서울특별시,봉은사,서울 강남구 봉은사로 5310,관광지,14,202502,127.057448759999640,37.515385864412800,11,11680,강남구,역사관광,[지역] 서울특별시 [장소] 봉은사 [카테고리] 관광지
서울특별시,목사랑시장,서울 양천구 목동중앙남로7길 80,관광지,14,202502,126.866354702858000,37.538243158307000,11,11470,양천구,쇼핑,[지역] 서울특별시 [장소] 목사랑시장 [카테고리] 관광지
서울특별시,암사선사유적박물관,서울 강동구 올림픽로 8750,관광지,14,202502,127.131136091511400,37.561547656384030,11,11740,강동구,문화관광,[지역] 서울특별시 [장소] 암사선사유적박물관 [카테고리] 관광지
서울특별시,신라스테이광화문,서울 종로구 삼봉로 710,숙박,14,202502,126.981149541229000,37.572712096539000,11,11110,종로구,숙박,[지역] 서울특별시 [장소] 신라스테이광화문 [카테고리] 숙박
서울특별시,씨에스에비뉴호텔,서울 은평구 통일로 5851,숙박,14,202502,126.936434716339590,37.599078519113560,11,11380,은평구,숙박,[지역] 서울특별시 [장소] 씨에스에비뉴호텔 [카테고리] 숙박
서울특별시,골드리버호텔,서울 금천구 서부샛길 5840,숙박,14,202502,126.876895178667040,37.478375195158804,11,11545,금천구,숙박,[지역] 서울특별시 [장소] 골드리버호텔 [카테고리] 숙박
서울특별시,영화사,서울 광진구 영화사로 1070,관광지,14,202502,127.098298050930210,37.554315418935710,11,11215,광진구,역사관광,[지역] 서울특별시 [장소] 영화사 [카테고리] 관광지
서울특별시,타요키즈카페보라매점,서울 동작구 보라매로5가길 160,관광지,14,202502,126.924099931728000,37.491304493189800,11,11590,동작구,문화관광,[지역] 서울특별시 [장소] 타요키즈카페보라매점 [카테고리] 관광지
서울특별시,호텔파크하비오,서울 송파구 송파대로 1110,숙박,14,202502,127.123998634599090,37.481917923745090,11,11710,송파구,숙박,[지역] 서울특별시 [장소] 호텔파크하비오 [카테고리] 숙박
서울특별시,호텔어반,서울 관악구 난곡로64길 50,숙박,14,202502,126.914989739355000,37.481361142534100,11,11620,관악구,숙박,[지역] 서울특별시 [장소] 호텔어반 [카테고리] 숙박
서울특별시,메가박스창동,서울 도봉구 도봉로 5580,관광지,14,202502,127.038782410205970,37.654619642979210,11,11320,도봉구,문화관광,[지역] 서울특별시 [장소] 메가박스창동 [카테고리] 관광지
서울특별시,메리어트 이그제큐티브 아파트먼트서울,서울 영등포구 여의대로 80,숙박,14,202502,126.918461263287000,37.521384314473900,11,11560,영등포구,숙박,[지역] 서울특별시 [장소] 메리어트 이그제큐티브 아파트먼트서울 [카테고리] 숙박
서울특별시,전곡시장,서울 동대문구 한천로 1900,관광지,14,202502,127.068502703289000,37.577767610295100,11,11230,동대문구,쇼핑,[지역] 서울특별시 [장소] 전곡시장 [카테고리] 관광지
서울특별시,메이호텔,서울 중랑구 망우로52길 280,숙박,14,202502,127.090000577938000,37.596126732673600,11,11260,중랑구,숙박,[지역] 서울특별시 [장소] 메이호텔 [카테고리] 숙박
서울특별시,앰배서더서울풀만호텔,서울 중구 동호로 2870,숙박,14,202502,127.002369966057000,37.560241448020500,11,11140,중구,숙박,[지역] 서울특별시 [장소] 앰배서더서울풀만호텔 [카테고리] 숙박
서울특별시,장위전통시장,서울 성북구 화랑로19가길 2022,관광지,14,202502,127.051309492430000,37.610319292915400,11,11290,성북구,쇼핑,[지역] 서울특별시 [장소] 장위전통시장 [카테고리] 관광지
서울특별시,국립국악원예악당,서울 서초구 남부순환로 23640,관광지,14,202502,127.008647981014690,37.477584374897130,11,11650,서초구,문화관광,[지역] 서울특별시 [장소] 국립국악원예악당 [카테고리] 관광지
서울특별시,불암산스포츠타운,서울 노원구 중계로 360,관광지,14,202502,127.083972918020110,37.639177269521900,11,11350,노원구,문화관광,[지역] 서울특별시 [장소] 불암산스포츠타운 [카테고리] 관광지
서울특별시,롯데시네마가양,서울 강서구 양천로 4760,관광지,14,202502,126.853133452347880,37.561684810256240,11,11500,강서구,문화관광,[지역] 서울특별시 [장소] 롯데시네마가양 [카테고리] 관광지
서울특별시,구로아트밸리예술극장,서울 구로구 가마산로25길 924,관광지,14,202502,126.888908617877380,37.496553672132706,11,11530,구로구,문화관광,[지역] 서울특별시 [장소] 구로아트밸리예술극장 [카테고리] 관광지
서울특별시,CGV등촌,서울 강서구 공항대로45길 630,관광지,15,202502,126.855974654606310,37.557908974660580,11,11500,강서구,문화관광,[지역] 서울특별시 [장소] CGV등촌 [카테고리] 관광지
서울특별시,노원기차마을스위스관,서울 노원구 화랑로 6220,관광지,15,202502,127.094055476989000,37.625317825603600,11,11350,노원구,문화관광,[지역] 서울특별시 [장소] 노원기차마을스위스관 [카테고리] 관광지
서울특별시,나인트리프리미어로카우스호텔서울용산,서울 용산구 한강대로23길 250,숙박,15,202502,126.964373718651000,37.527633873202000,11,11170,용산구,숙박,[지역] 서울특별시 [장소] 나인트리프리미어로카우스호텔서울용산 [카테고리] 숙박
서울특별시,더데이호텔,서울 도봉구 도봉로 9030,숙박,15,202502,127.045614822410000,37.685116154670000,11,11320,도봉구,숙박,[지역] 서울특별시 [장소] 더데이호텔 [카테고리] 숙박
서울특별시,LCDC SEOUL,서울 성동구 연무장17길 100,관광지,15,202502,127.061482708558570,37.541583253508605,11,11200,성동구,문화관광,[지역] 서울특별시 [장소] LCDC SEOUL [카테고리] 관광지
서울특별시,임피리얼팰리스서울휴관중,서울 강남구 언주로 6400,숙박,15,202502,127.035867389473000,37.514052551211200,11,11680,강남구,숙박,[지역] 서울특별시 [장소] 임피리얼팰리스서울휴관중 [카테고리] 숙박
서울특별시,롯데시네마가산디지털,서울 금천구 디지털로10길 90,관광지,15,202502,126.889015984869960,37.477631217914660,11,11545,금천구,문화관광,[지역] 서울특별시 [장소] 롯데시네마가산디지털 [카테고리] 관광지
서울특별시,호림박물관,서울 관악구 남부순환로152길 530,관광지,15,202502,126.918183899675000,37.480888994336800,11,11620,관악구,문화관광,[지역] 서울특별시 [장소] 호림박물관 [카테고리] 관광지
서울특별시,서머셋팰리스서울,서울 종로구 율곡로2길 70,숙박,15,202502,126.981205069005000,37.575045160323200,11,11110,종로구,숙박,[지역] 서울특별시 [장소] 서머셋팰리스서울 [카테고리] 숙박
서울특별시,현대시장,서울 동대문구 한천로11길 610,관광지,15,202502,127.058142632285000,37.567268759738500,11,11230,동대문구,쇼핑,[지역] 서울특별시 [장소] 현대시장 [카테고리] 관광지
서울특별시,테마호텔,서울 중랑구 망우로52길 80,숙박,15,202502,127.089276666018290,37.596800881661990,11,11260,중랑구,숙박,[지역] 서울특별시 [장소] 테마호텔 [카테고리] 숙박
서울특별시,오라카이청계산호텔,서울 서초구 청계산로9길 17,숙박,15,202502,127.054616329376000,37.449115724811000,11,11650,서초구,숙박,[지역] 서울특별시 [장소] 오라카이청계산호텔 [카테고리] 숙박
서울특별시,거리공원,서울 구로구,관광지,15,202502,126.891908320912580,37.499247823322760,11,11530,구로구,문화관광,[지역] 서울특별시 [장소] 거리공원 [카테고리] 관광지
서울특별시,중곡제일시장,서울 광진구 긴고랑로11길 140,관광지,15,202502,127.081529442130000,37.563713761354700,11,11215,광진구,쇼핑,[지역] 서울특별시 [장소] 중곡제일시장 [카테고리] 관광지
서울특별시,로이넷호텔 서울 마포,서울 마포구 마포대로 670,숙박,15,202502,126.948078201180000,37.541701791784100,11,11440,마포구,숙박,[지역] 서울특별시 [장소] 로이넷호텔 서울 마포 [카테고리] 숙박
서울특별시,경창시장,서울 양천구 오목로9길 310,관광지,15,202502,126.842300938820070,37.524724344717995,11,11470,양천구,쇼핑,[지역] 서울특별시 [장소] 경창시장 [카테고리] 관광지
서울특별시,서울혁신파크,서울 은평구 통일로 6840,관광지,15,202502,126.933736816245000,37.608485442345300,11,11380,은평구,문화관광,[지역] 서울특별시 [장소] 서울혁신파크 [카테고리] 관광지
서울특별시,국립대한민국임시정부기념관,서울 서대문구 통일로 27924,관광지,15,202502,126.954394480252630,37.576060821696400,11,11410,서대문구,문화관광,[지역] 서울특별시 [장소] 국립대한민국임시정부기념관 [카테고리] 관광지
서울특별시,CGV영등포,서울 영등포구 영중로 150,관광지,15,202502,126.903684862433560,37.517134715711090,11,11560,영등포구,문화관광,[지역] 서울특별시 [장소] CGV영등포 [카테고리] 관광지
서울특별시,대림쇼핑타운,서울 동작구 여의대방로 2500,관광지,15,202502,126.924544168313220,37.508746923944340,11,11590,동작구,쇼핑,[지역] 서울특별시 [장소] 대림쇼핑타운 [카테고리] 관광지
서울특별시,장미원시장,서울 강북구 삼양로123길 145,관광지,15,202502,127.014479152645000,37.644703972367400,11,11305,강북구,쇼핑,[지역] 서울특별시 [장소] 장미원시장 [카테고리] 관광지
서울특별시,NC백화점송파점,서울 송파구 충민로 660,관광지,15,202502,127.125915175035000,37.477168484246100,11,11710,송파구,쇼핑,[지역] 서울특별시 [장소] NC백화점송파점 [카테고리] 관광지
서울특별시,헬로방방돌곶이역점,서울 성북구 화랑로 2480,관광지,15,202502,127.056920096278160,37.610291553432866,11,11290,성북구,문화관광,[지역] 서울특별시 [장소] 헬로방방돌곶이역점 [카테고리] 관광지
서울특별시,이비스앰배서더호텔명동,서울 중구 남대문로 780,숙박,15,202502,126.983038342152000,37.564213091321000,11,11140,중구,숙박,[지역] 서울특별시 [장소] 이비스앰배서더호텔명동 [카테고리] 숙박
서울특별시,고분다리전통시장,서울 강동구 구천면로34길 100,관광지,15,202502,127.131802888615770,37.542327659954020,11,11740,강동구,쇼핑,[지역] 서울특별시 [장소] 고분다리전통시장 [카테고리] 관광지
서울특별시,포도모텔,서울 관악구 신림로64길 160,숙박,16,202502,126.930706079984360,37.484902566446340,11,11620,관악구,숙박,[지역] 서울특별시 [장소] 포도모텔 [카테고리] 숙박
서울특별시,영등포전통시장,서울 영등포구,관광지,16,202502,126.906906762906060,37.520301035878600,11,11560,영등포구,쇼핑,[지역] 서울특별시 [장소] 영등포전통시장 [카테고리] 관광지
서울특별시,스타필드코엑스몰,서울 강남구 영동대로 5130,관광지,16,202502,127.059643047567000,37.511164143714200,11,11680,강남구,쇼핑,[지역] 서울특별시 [장소] 스타필드코엑스몰 [카테고리] 관광지
서울특별시,아모렉스호텔,서울 성동구 왕십리로20길 190,숙박,16,202502,127.035306414419500,37.563661956037890,11,11200,성동구,숙박,[지역] 서울특별시 [장소] 아모렉스호텔 [카테고리] 숙박
서울특별시,금빛공원,서울 금천구 금하로 6680,관광지,16,202502,126.904352085295360,37.452753272788510,11,11545,금천구,문화관광,[지역] 서울특별시 [장소] 금빛공원 [카테고리] 관광지
서울특별시,마리,서울 강동구 양재대로111길 280,숙박,16,202502,127.138135698084000,37.537467150389400,11,11740,강동구,숙박,[지역] 서울특별시 [장소] 마리 [카테고리] 숙박
서울특별시,CGV강변,서울 광진구 광나루로56길 850,관광지,16,202502,127.095695103515920,37.535855959297960,11,11215,광진구,문화관광,[지역] 서울특별시 [장소] CGV강변 [카테고리] 관광지
서울특별시,한국가구박물관,서울 성북구 대사관로 1210,관광지,16,202502,126.993203041371660,37.600025477168800,11,11290,성북구,문화관광,[지역] 서울특별시 [장소] 한국가구박물관 [카테고리] 관광지
서울특별시,용마프라자,서울 중랑구 봉우재로71길 180,관광지,16,202502,127.098777559049000,37.596432307999200,11,11260,중랑구,쇼핑,[지역] 서울특별시 [장소] 용마프라자 [카테고리] 관광지
서울특별시,서래마을,서울 서초구,관광지,16,202502,126.998454266077470,37.497304255625640,11,11650,서초구,기타관광,[지역] 서울특별시 [장소] 서래마을 [카테고리] 관광지
서울특별시,글래드호텔마포,서울 마포구 마포대로 920,숙박,16,202502,126.951458072549000,37.542826481429000,11,11440,마포구,숙박,[지역] 서울특별시 [장소] 글래드호텔마포 [카테고리] 숙박
서울특별시,허준박물관,서울 강서구 허준로 870,관광지,16,202502,126.850994697930000,37.567850750389800,11,11500,강서구,문화관광,[지역] 서울특별시 [장소] 허준박물관 [카테고리] 관광지
서울특별시,롯데아울렛서울역점,서울 용산구 한강대로 4050,관광지,16,202502,126.970511791856000,37.554491916182000,11,11170,용산구,쇼핑,[지역] 서울특별시 [장소] 롯데아울렛서울역점 [카테고리] 관광지
서울특별시,상계중앙시장,서울 노원구 상계로27길 190,관광지,16,202502,127.070390613885000,37.659285967741000,11,11350,노원구,쇼핑,[지역] 서울특별시 [장소] 상계중앙시장 [카테고리] 관광지
서울특별시,금호아트홀연세,서울 서대문구 연세로 500,관광지,16,202502,126.936932427546760,37.563057220032730,11,11410,서대문구,문화관광,[지역] 서울특별시 [장소] 금호아트홀연세 [카테고리] 관광지
서울특별시,서울형키즈카페시립1호점,서울 동작구 노량진로 100,관광지,16,202502,126.927275359017980,37.512412992104120,11,11590,동작구,문화관광,[지역] 서울특별시 [장소] 서울형키즈카페시립1호점 [카테고리] 관광지
서울특별시,현대백화점목동점별관,서울 양천구 목동동로 2570,관광지,16,202502,126.875298449759000,37.526605669872200,11,11470,양천구,쇼핑,[지역] 서울특별시 [장소] 현대백화점목동점별관 [카테고리] 관광지
서울특별시,가락수산시장,서울 송파구 양재대로 9320,관광지,16,202502,127.108861005114010,37.492805460448200,11,11710,송파구,쇼핑,[지역] 서울특별시 [장소] 가락수산시장 [카테고리] 관광지
서울특별시,디큐브링크아트센터,서울 구로구 경인로 6620,관광지,16,202502,126.889547330427580,37.508941132644010,11,11530,구로구,문화관광,[지역] 서울특별시 [장소] 디큐브링크아트센터 [카테고리] 관광지
서울특별시,반얀트리클럽앤스파서울,서울 중구 장충단로 600,숙박,16,202502,127.000905489977870,37.550798931922984,11,11140,중구,숙박,[지역] 서울특별시 [장소] 반얀트리클럽앤스파서울 [카테고리] 숙박
서울특별시,롯데시네마은평,서울 은평구 통일로 10500,관광지,16,202502,126.917932407594630,37.637676409961150,11,11380,은평구,문화관광,[지역] 서울특별시 [장소] 롯데시네마은평 [카테고리] 관광지
서울특별시,야크돔,서울 강북구 삼양로173길 520,관광지,16,202502,127.009711408225260,37.662423051348995,11,11305,강북구,문화관광,[지역] 서울특별시 [장소] 야크돔 [카테고리] 관광지
서울특별시,쁘띠몽드장안점,서울 동대문구 한천로 1930,관광지,16,202502,127.067928885129220,37.578208711766734,11,11230,동대문구,문화관광,[지역] 서울특별시 [장소] 쁘띠몽드장안점 [카테고리] 관광지
서울특별시,나인트리프리미어호텔인사동,서울 종로구 인사동길 490,숙박,16,202502,126.983232666904630,37.574684103513950,11,11110,종로구,숙박,[지역] 서울특별시 [장소] 나인트리프리미어호텔인사동 [카테고리] 숙박
서울특별시,무수아취,서울 도봉구 도봉로169길 2490,숙박,16,202502,127.033078500000000,37.676415000000000,11,11320,도봉구,숙박,[지역] 서울특별시 [장소] 무수아취 [카테고리] 숙박
서울특별시,대한민국역사박물관,서울 종로구 세종대로 1980,관광지,17,202502,126.977816497458050,37.573934156797094,11,11110,종로구,문화관광,[지역] 서울특별시 [장소] 대한민국역사박물관 [카테고리] 관광지
서울특별시,하늘공원,서울 마포구 하늘공원로 950,관광지,17,202502,126.885463804957000,37.567406567210500,11,11440,마포구,문화관광,[지역] 서울특별시 [장소] 하늘공원 [카테고리] 관광지
서울특별시,중랑숲캠핑장,서울 중랑구 망우로87길 1100,숙박,17,202502,127.110498643071920,37.604320358224705,11,11260,중랑구,숙박,[지역] 서울특별시 [장소] 중랑숲캠핑장 [카테고리] 숙박
서울특별시,봉국사,서울 성북구 정릉로 2020,관광지,17,202502,127.005924759812910,37.605208490319400,11,11290,성북구,역사관광,[지역] 서울특별시 [장소] 봉국사 [카테고리] 관광지
서울특별시,서울새활용플라자,서울 성동구 자동차시장길 490,관광지,17,202502,127.057698313546000,37.558575317781300,11,11200,성동구,문화관광,[지역] 서울특별시 [장소] 서울새활용플라자 [카테고리] 관광지
서울특별시,리치몰,서울 구로구 구로중앙로 1340,관광지,17,202502,126.884103463784000,37.499997689205300,11,11530,구로구,쇼핑,[지역] 서울특별시 [장소] 리치몰 [카테고리] 관광지
서울특별시,월드킹노원점,서울 노원구 동일로180길 140,관광지,17,202502,127.075279429717000,37.622095858209000,11,11350,노원구,문화관광,[지역] 서울특별시 [장소] 월드킹노원점 [카테고리] 관광지
서울특별시,한국방송회관코바코홀,서울 양천구 목동동로 2330,관광지,17,202502,126.871493235181000,37.526938941540400,11,11470,양천구,문화관광,[지역] 서울특별시 [장소] 한국방송회관코바코홀 [카테고리] 관광지
서울특별시,사자암,서울 동작구 국사봉1길 23514,관광지,17,202502,126.937209847353000,37.492415555924000,11,11590,동작구,역사관광,[지역] 서울특별시 [장소] 사자암 [카테고리] 관광지
서울특별시,코트야드바이메리어트서울타임스퀘어,서울 영등포구 영중로 150,숙박,17,202502,126.904351466158330,37.517412465434500,11,11560,영등포구,숙박,[지역] 서울특별시 [장소] 코트야드바이메리어트서울타임스퀘어 [카테고리] 숙박
서울특별시,수유중앙시장,서울 강북구 노해로17길 210,관광지,17,202502,127.021117483650000,37.640343407451000,11,11305,강북구,쇼핑,[지역] 서울특별시 [장소] 수유중앙시장 [카테고리] 관광지
서울특별시,어린이회관,서울 광진구 광나루로 4410,관광지,17,202502,127.078168799609000,37.546993451234400,11,11215,광진구,문화관광,[지역] 서울특별시 [장소] 어린이회관 [카테고리] 관광지
서울특별시,롯데월드아쿠아리움,서울 송파구 올림픽로 3000,관광지,17,202502,127.103555723840930,37.513608579441886,11,11710,송파구,문화관광,[지역] 서울특별시 [장소] 롯데월드아쿠아리움 [카테고리] 관광지
서울특별시,메가박스강동,서울 강동구 성내로 480,관광지,17,202502,127.125386938733700,37.528468110241040,11,11740,강동구,문화관광,[지역] 서울특별시 [장소] 메가박스강동 [카테고리] 관광지
서울특별시,볏골공원,서울 강서구 까치산로4길 220,관광지,17,202502,126.844356662246850,37.541464874362630,11,11500,강서구,문화관광,[지역] 서울특별시 [장소] 볏골공원 [카테고리] 관광지
서울특별시,쥬라리움금천점,서울 금천구 두산로 710,관광지,17,202502,126.895686031086000,37.470612267511500,11,11545,금천구,문화관광,[지역] 서울특별시 [장소] 쥬라리움금천점 [카테고리] 관광지
서울특별시,포방터시장,서울 서대문구 포방터길 460,관광지,17,202502,126.949096632574780,37.598681116173570,11,11410,서대문구,쇼핑,[지역] 서울특별시 [장소] 포방터시장 [카테고리] 관광지
서울특별시,명락사,서울 관악구 청룡1길 110,관광지,17,202502,126.946959072514000,37.481389112153700,11,11620,관악구,역사관광,[지역] 서울특별시 [장소] 명락사 [카테고리] 관광지
서울특별시,압구정로데오거리,서울 강남구,관광지,17,202502,127.038117053718000,37.527606554084700,11,11680,강남구,문화관광,[지역] 서울특별시 [장소] 압구정로데오거리 [카테고리] 관광지
서울특별시,도봉동실내스포츠센터,서울 도봉구 마들로 8050,관광지,17,202502,127.050281103791000,37.681366618184000,11,11320,도봉구,레저스포츠,[지역] 서울특별시 [장소] 도봉동실내스포츠센터 [카테고리] 관광지
서울특별시,강남아르누보씨티,서울 서초구 서초대로74길 490,숙박,17,202502,127.028209479374770,37.493447607963105,11,11650,서초구,숙박,[지역] 서울특별시 [장소] 강남아르누보씨티 [카테고리] 숙박
서울특별시,서울기록원,서울 은평구 통일로62길 70,관광지,17,202502,126.934958938110000,37.607430016479000,11,11380,은평구,문화관광,[지역] 서울특별시 [장소] 서울기록원 [카테고리] 관광지
서울특별시,포포인츠바이쉐라톤조선서울역,서울 용산구 한강대로 3660,숙박,17,202502,126.972900498489000,37.551020110220200,11,11170,용산구,숙박,[지역] 서울특별시 [장소] 포포인츠바이쉐라톤조선서울역 [카테고리] 숙박
서울특별시,이경시장,서울 동대문구 외대역동로 760,관광지,17,202502,127.065182960341190,37.595065980578454,11,11230,동대문구,쇼핑,[지역] 서울특별시 [장소] 이경시장 [카테고리] 관광지
서울특별시,노보텔앰배서더호텔서울동대문,서울 중구 을지로 2380,숙박,17,202502,127.004369726058000,37.566296315670600,11,11140,중구,숙박,[지역] 서울특별시 [장소] 노보텔앰배서더호텔서울동대문 [카테고리] 숙박
서울특별시,레이크호텔,서울 송파구 석촌호수로 2160,숙박,18,202502,127.101056016317000,37.506831569075000,11,11710,송파구,숙박,[지역] 서울특별시 [장소] 레이크호텔 [카테고리] 숙박
서울특별시,머큐어앰배서더호텔홍대,서울 마포구 양화로 1440,숙박,18,202502,126.922396786167610,37.555295076651550,11,11440,마포구,숙박,[지역] 서울특별시 [장소] 머큐어앰배서더호텔홍대 [카테고리] 숙박
서울특별시,CTS아트홀,서울 동작구 노량진로 1000,관광지,18,202502,126.937044270426500,37.513006445189180,11,11590,동작구,문화관광,[지역] 서울특별시 [장소] CTS아트홀 [카테고리] 관광지
서울특별시,다이노스얼라이브,서울 동대문구 왕산로 2000,관광지,18,202502,127.046258751296880,37.579716504848550,11,11230,동대문구,문화관광,[지역] 서울특별시 [장소] 다이노스얼라이브 [카테고리] 관광지
서울특별시,독립문,서울 서대문구,관광지,18,202502,126.959540387486880,37.572434217550420,11,11410,서대문구,역사관광,[지역] 서울특별시 [장소] 독립문 [카테고리] 관광지
서울특별시,CGV중계,서울 노원구 동일로204가길 120,관광지,18,202502,127.068614993489750,37.639900530363890,11,11350,노원구,문화관광,[지역] 서울특별시 [장소] CGV중계 [카테고리] 관광지
서울특별시,엘리에나호텔,서울 강남구 논현로 6450,숙박,18,202502,127.031701126881000,37.511219519489000,11,11680,강남구,숙박,[지역] 서울특별시 [장소] 엘리에나호텔 [카테고리] 숙박
서울특별시,청계천박물관,서울 성동구 청계천로 5300,관광지,18,202502,127.034978020951000,37.571240378332200,11,11200,성동구,문화관광,[지역] 서울특별시 [장소] 청계천박물관 [카테고리] 관광지
서울특별시,생명과학박물관,서울 양천구 목동동로 2061,관광지,18,202502,126.872008739660880,37.523924338919400,11,11470,양천구,문화관광,[지역] 서울특별시 [장소] 생명과학박물관 [카테고리] 관광지
서울특별시,호텔더디자이너스프리미어건대,서울 광진구 동일로 1720,숙박,18,202502,127.067308666397880,37.547354452826980,11,11215,광진구,숙박,[지역] 서울특별시 [장소] 호텔더디자이너스프리미어건대 [카테고리] 숙박
서울특별시,힐튼가든인서울강남점,서울 서초구 강남대로 2530,숙박,18,202502,127.032784809414070,37.485932401754994,11,11650,서초구,숙박,[지역] 서울특별시 [장소] 힐튼가든인서울강남점 [카테고리] 숙박
서울특별시,JK블라썸호텔,서울 강서구 양천로65길 4122,숙박,18,202502,126.867659961912000,37.556852124426000,11,11500,강서구,숙박,[지역] 서울특별시 [장소] JK블라썸호텔 [카테고리] 숙박
서울특별시,이촌한강공원,서울 용산구 이촌로72길 620,관광지,18,202502,126.975845016748000,37.515996400316300,11,11170,용산구,문화관광,[지역] 서울특별시 [장소] 이촌한강공원 [카테고리] 관광지
서울특별시,볼베어파크은평점,서울 은평구 통일로 10500,관광지,18,202502,126.917863946409800,37.637456417641300,11,11380,은평구,문화관광,[지역] 서울특별시 [장소] 볼베어파크은평점 [카테고리] 관광지
서울특별시,신도봉시장,서울 도봉구 도당로27길 600,관광지,18,202502,127.041226478418800,37.670256736730174,11,11320,도봉구,쇼핑,[지역] 서울특별시 [장소] 신도봉시장 [카테고리] 관광지
서울특별시,석관시장,서울 성북구 돌곶이로22가길 270,관광지,18,202502,127.060114261944000,37.609263914536500,11,11290,성북구,쇼핑,[지역] 서울특별시 [장소] 석관시장 [카테고리] 관광지
서울특별시,롯데영플라자명동점,서울 중구 남대문로 670,관광지,18,202502,126.981538484294000,37.563546492492800,11,11140,중구,쇼핑,[지역] 서울특별시 [장소] 롯데영플라자명동점 [카테고리] 관광지
서울특별시,문래근린공원,서울 영등포구,관광지,18,202502,126.894019070300500,37.517079107706380,11,11560,영등포구,문화관광,[지역] 서울특별시 [장소] 문래근린공원 [카테고리] 관광지
서울특별시,오라카이인사동스위츠,서울 종로구 인사동4길 180,숙박,18,202502,126.987398972994000,37.573017655384800,11,11110,종로구,숙박,[지역] 서울특별시 [장소] 오라카이인사동스위츠 [카테고리] 숙박
서울특별시,남촌공원,서울 중랑구,관광지,18,202502,127.091333894447000,37.585655729882000,11,11260,중랑구,문화관광,[지역] 서울특별시 [장소] 남촌공원 [카테고리] 관광지
서울특별시,구로리공원,서울 구로구 구로중앙로 130,관광지,18,202502,126.891602873239140,37.490859902305544,11,11530,구로구,문화관광,[지역] 서울특별시 [장소] 구로리공원 [카테고리] 관광지
서울특별시,아르고호텔,서울 강동구 진황도로 930,숙박,18,202502,127.136830273385000,37.536161737484100,11,11740,강동구,숙박,[지역] 서울특별시 [장소] 아르고호텔 [카테고리] 숙박
서울특별시,3SHOTEL,서울 금천구 시흥대로 3530,숙박,18,202502,126.897143555425430,37.465231437291465,11,11545,금천구,숙박,[지역] 서울특별시 [장소] 3SHOTEL [카테고리] 숙박
서울특별시,봉천중앙시장,서울 관악구,관광지,18,202502,126.954180616028640,37.484111063985700,11,11620,관악구,쇼핑,[지역] 서울특별시 [장소] 봉천중앙시장 [카테고리] 관광지
서울특별시,보광사,서울 강북구 삼양로145길 1770,관광지,18,202502,127.003454728429350,37.650012434618674,11,11305,강북구,역사관광,[지역] 서울특별시 [장소] 보광사 [카테고리] 관광지
서울특별시,강동아트센터대극장한강,서울 강동구 동남로 8700,관광지,19,202502,127.157550476077390,37.551049036367736,11,11740,강동구,문화관광,[지역] 서울특별시 [장소] 강동아트센터대극장한강 [카테고리] 관광지
서울특별시,호텔포코성수,서울 성동구 성수이로 960,숙박,19,202502,127.057080668056020,37.543456914059560,11,11200,성동구,숙박,[지역] 서울특별시 [장소] 호텔포코성수 [카테고리] 숙박
서울특별시,메가박스상암월드컵경기장,서울 마포구 월드컵로 2400,관광지,19,202502,126.897684903364780,37.569267537623190,11,11440,마포구,문화관광,[지역] 서울특별시 [장소] 메가박스상암월드컵경기장 [카테고리] 관광지
서울특별시,아카데미하우스호텔,서울 강북구 419로 1350,숙박,19,202502,127.000313813972140,37.640065532198360,11,11305,강북구,숙박,[지역] 서울특별시 [장소] 아카데미하우스호텔 [카테고리] 숙박
서울특별시,삼익쇼핑센터,서울 도봉구 덕릉로57길 300,관광지,19,202502,127.037282690215000,37.640037988221600,11,11320,도봉구,쇼핑,[지역] 서울특별시 [장소] 삼익쇼핑센터 [카테고리] 관광지
서울특별시,대신시장,서울 영등포구 도신로60길 70,관광지,19,202502,126.917561890358630,37.511160174489060,11,11560,영등포구,쇼핑,[지역] 서울특별시 [장소] 대신시장 [카테고리] 관광지
서울특별시,화곡본동시장,서울 강서구 까치산로 350,관광지,19,202502,126.843717815240380,37.543131344355900,11,11500,강서구,쇼핑,[지역] 서울특별시 [장소] 화곡본동시장 [카테고리] 관광지
서울특별시,우리금융아트홀,서울 송파구 올림픽로 4240,관광지,19,202502,127.124998201097970,37.516719465357290,11,11710,송파구,문화관광,[지역] 서울특별시 [장소] 우리금융아트홀 [카테고리] 관광지
서울특별시,불로장생타워,서울 동대문구 왕산로 1170,관광지,19,202502,127.036505590208000,37.578406225705400,11,11230,동대문구,쇼핑,[지역] 서울특별시 [장소] 불로장생타워 [카테고리] 관광지
서울특별시,백련사,서울 서대문구 백련사길 17072,관광지,19,202502,126.927543144405400,37.586654597521110,11,11410,서대문구,역사관광,[지역] 서울특별시 [장소] 백련사 [카테고리] 관광지
서울특별시,토요코인호텔강남역,서울 서초구 강남대로 3230,숙박,19,202502,127.029979248932000,37.491860634845000,11,11650,서초구,숙박,[지역] 서울특별시 [장소] 토요코인호텔강남역 [카테고리] 숙박
서울특별시,비단길현대시장,서울 금천구 독산로41길 70,관광지,19,202502,126.902463328856370,37.456752799183015,11,11545,금천구,쇼핑,[지역] 서울특별시 [장소] 비단길현대시장 [카테고리] 관광지
서울특별시,호텔컬리넌구로,서울 구로구 시흥대로 5330,숙박,19,202502,126.899523391354990,37.481148856323660,11,11530,구로구,숙박,[지역] 서울특별시 [장소] 호텔컬리넌구로 [카테고리] 숙박
서울특별시,서울특별시교육청융합과학교육원본원,서울 관악구 낙성대로 1010,관광지,19,202502,126.959480087924190,37.468750429868580,11,11620,관악구,문화관광,[지역] 서울특별시 [장소] 서울특별시교육청융합과학교육원본원 [카테고리] 관광지
서울특별시,동작구노량진야구장,서울 동작구 노들로 6880,관광지,19,202502,126.943125758999000,37.515274060746000,11,11590,동작구,문화관광,[지역] 서울특별시 [장소] 동작구노량진야구장 [카테고리] 관광지
서울특별시,아쿠아리움코엑스몰점,서울 강남구 영동대로 5130,관광지,19,202502,127.058837552263000,37.512441768839000,11,11680,강남구,문화관광,[지역] 서울특별시 [장소] 아쿠아리움코엑스몰점 [카테고리] 관광지
서울특별시,은평구립축구장,서울 은평구 진관1로 460,관광지,19,202502,126.924792965030990,37.630732811765260,11,11380,은평구,문화관광,[지역] 서울특별시 [장소] 은평구립축구장 [카테고리] 관광지
서울특별시,이비스스타일앰배서더서울용산,서울 용산구 청파로20길 950,숙박,19,202502,126.962159209748620,37.532013241202180,11,11170,용산구,숙박,[지역] 서울특별시 [장소] 이비스스타일앰배서더서울용산 [카테고리] 숙박
서울특별시,어린이회관눈썰매장,서울 광진구 광나루로 4410,관광지,19,202502,127.081433700000000,37.546049400000000,11,11215,광진구,레저스포츠,[지역] 서울특별시 [장소] 어린이회관눈썰매장 [카테고리] 관광지
서울특별시,늘푸른공원,서울 중랑구,관광지,19,202502,127.080001612893580,37.582905976871460,11,11260,중랑구,문화관광,[지역] 서울특별시 [장소] 늘푸른공원 [카테고리] 관광지
서울특별시,DH네상스호텔,서울 성북구 동소문로20나길 390,숙박,19,202502,127.018590403067000,37.592737789721000,11,11290,성북구,숙박,[지역] 서울특별시 [장소] DH네상스호텔 [카테고리] 숙박
서울특별시,CGV하계,서울 노원구 섬밭로 2580,관광지,19,202502,127.064863541004770,37.638677207357716,11,11350,노원구,문화관광,[지역] 서울특별시 [장소] CGV하계 [카테고리] 관광지
서울특별시,오라카이대학로호텔,서울 종로구 율곡로 1800,숙박,19,202502,126.998731256404000,37.575572985494000,11,11110,종로구,숙박,[지역] 서울특별시 [장소] 오라카이대학로호텔 [카테고리] 숙박
서울특별시,안양천야구장,서울 양천구,관광지,19,202502,126.878048306379330,37.515606958606660,11,11470,양천구,문화관광,[지역] 서울특별시 [장소] 안양천야구장 [카테고리] 관광지
서울특별시,남대문시장,서울 중구,관광지,19,202502,126.977649989271000,37.559213636311600,11,11140,중구,쇼핑,[지역] 서울특별시 [장소] 남대문시장 [카테고리] 관광지
서울특별시,방학동도깨비시장,서울 도봉구 도당로13다길 330,관광지,2,202502,127.035503400000000,37.665329700000000,11,11320,도봉구,쇼핑,[지역] 서울특별시 [장소] 방학동도깨비시장 [카테고리] 관광지
서울특별시,마장축산물시장,서울 성동구 마장로31길 400,관광지,2,202502,127.038644368928000,37.569934996564600,11,11200,성동구,쇼핑,[지역] 서울특별시 [장소] 마장축산물시장 [카테고리] 관광지
서울특별시,길상사,서울 성북구 선잠로5길 680,관광지,2,202502,126.994398086748150,37.598903592769630,11,11290,성북구,역사관광,[지역] 서울특별시 [장소] 길상사 [카테고리] 관광지
서울특별시,현대백화점디큐브시티점,서울 구로구 경인로 6620,관광지,2,202502,126.889241804891000,37.508691159691000,11,11530,구로구,쇼핑,[지역] 서울특별시 [장소] 현대백화점디큐브시티점 [카테고리] 관광지
서울특별시,뉴코아팩토리아울렛천호점,서울 강동구 구천면로 1890,관광지,2,202502,127.125985504495190,37.541259305195990,11,11740,강동구,쇼핑,[지역] 서울특별시 [장소] 뉴코아팩토리아울렛천호점 [카테고리] 관광지
서울특별시,신세계백화점본점,서울 중구 소공로 630,관광지,2,202502,126.981144947796000,37.560941161319600,11,11140,중구,쇼핑,[지역] 서울특별시 [장소] 신세계백화점본점 [카테고리] 관광지
서울특별시,경동시장,서울 동대문구 고산자로36길 30,관광지,2,202502,127.038838702732000,37.579406124581000,11,11230,동대문구,쇼핑,[지역] 서울특별시 [장소] 경동시장 [카테고리] 관광지
서울특별시,파라스파라서울,서울 강북구 삼양로 6890,숙박,2,202502,127.009355427941560,37.664433966953354,11,11305,강북구,숙박,[지역] 서울특별시 [장소] 파라스파라서울 [카테고리] 숙박
서울특별시,어린이대공원,서울 광진구 능동로 2160,관광지,2,202502,127.080696321608000,37.549770923713200,11,11215,광진구,문화관광,[지역] 서울특별시 [장소] 어린이대공원 [카테고리] 관광지
서울특별시,신원시장,서울 관악구 남부순환로 15780,관광지,2,202502,126.927544151613000,37.482277779768600,11,11620,관악구,쇼핑,[지역] 서울특별시 [장소] 신원시장 [카테고리] 관광지
서울특별시,동원시장,서울 중랑구 면목로74길 450,관광지,2,202502,127.089885330205730,37.589849413791980,11,11260,중랑구,쇼핑,[지역] 서울특별시 [장소] 동원시장 [카테고리] 관광지
서울특별시,행복한백화점,서울 양천구 목동동로 3090,관광지,2,202502,126.875965033253000,37.528994286540000,11,11470,양천구,쇼핑,[지역] 서울특별시 [장소] 행복한백화점 [카테고리] 관광지
서울특별시,마리오아울렛3관,서울 금천구 벚꽃로 2660,관광지,2,202502,126.885075804062000,37.478444631190800,11,11545,금천구,쇼핑,[지역] 서울특별시 [장소] 마리오아울렛3관 [카테고리] 관광지
서울특별시,현대백화점무역센터점,서울 강남구 테헤란로 5170,관광지,2,202502,127.059726397305000,37.508719982235000,11,11680,강남구,쇼핑,[지역] 서울특별시 [장소] 현대백화점무역센터점 [카테고리] 관광지
서울특별시,롯데백화점관악점,서울 관악구 봉천로 2090,관광지,2,202502,126.924998039769000,37.490486612852200,11,11590,동작구,쇼핑,[지역] 서울특별시 [장소] 롯데백화점관악점 [카테고리] 관광지
서울특별시,예술의전당,서울 서초구 남부순환로 24060,관광지,2,202502,127.011842126463000,37.478667602763700,11,11650,서초구,문화관광,[지역] 서울특별시 [장소] 예술의전당 [카테고리] 관광지
서울특별시,2001아울렛중계점,서울 노원구 동일로204가길 460,관광지,2,202502,127.067918794733000,37.641232486347000,11,11350,노원구,쇼핑,[지역] 서울특별시 [장소] 2001아울렛중계점 [카테고리] 관광지
서울특별시,경복궁,서울 종로구 사직로 1610,관광지,2,202502,126.976899873351000,37.578072561267100,11,11110,종로구,역사관광,[지역] 서울특별시 [장소] 경복궁 [카테고리] 관광지
서울특별시,타임스퀘어,서울 영등포구 영중로 150,관광지,2,202502,126.903464329426000,37.517243302283500,11,11560,영등포구,쇼핑,[지역] 서울특별시 [장소] 타임스퀘어 [카테고리] 관광지
서울특별시,서대문형무소역사관,서울 서대문구 통일로 2510,관광지,2,202502,126.955901806957660,37.574572836600716,11,11410,서대문구,문화관광,[지역] 서울특별시 [장소] 서대문형무소역사관 [카테고리] 관광지
서울특별시,망원한강공원,서울 마포구 마포나루길 4670,관광지,2,202502,126.894546428800300,37.555741305679370,11,11440,마포구,문화관광,[지역] 서울특별시 [장소] 망원한강공원 [카테고리] 관광지
서울특별시,국립중앙박물관,서울 용산구 서빙고로 1370,관광지,2,202502,126.980316757195000,37.523995503078700,11,11170,용산구,문화관광,[지역] 서울특별시 [장소] 국립중앙박물관 [카테고리] 관광지
서울특별시,김포국제공항국제선,서울 강서구 하늘길 380,관광지,2,202502,126.800915915530000,37.565989551474600,11,11500,강서구,기타관광,[지역] 서울특별시 [장소] 김포국제공항국제선 [카테고리] 관광지
서울특별시,은평한옥마을,서울 은평구,관광지,2,202502,126.939430424992050,37.641342784648664,11,11380,은평구,역사관광,[지역] 서울특별시 [장소] 은평한옥마을 [카테고리] 관광지
서울특별시,롯데백화점잠실점,서울 송파구 올림픽로 2400,관광지,2,202502,127.099472772661000,37.512247600069000,11,11710,송파구,쇼핑,[지역] 서울특별시 [장소] 롯데백화점잠실점 [카테고리] 관광지
서울특별시,신림동별빛거리,서울 관악구 신림로 00,관광지,20,202502,126.928655112173000,37.487499405249700,11,11620,관악구,문화관광,[지역] 서울특별시 [장소] 신림동별빛거리 [카테고리] 관광지
서울특별시,뚝섬유원지,서울 광진구,관광지,20,202502,127.069808620412990,37.529051028649240,11,11215,광진구,문화관광,[지역] 서울특별시 [장소] 뚝섬유원지 [카테고리] 관광지
서울특별시,목동사격장,서울 양천구 안양천로 9390,관광지,20,202502,126.880742364289000,37.530521916675700,11,11470,양천구,레저스포츠,[지역] 서울특별시 [장소] 목동사격장 [카테고리] 관광지
서울특별시,롯데시네마독산,서울 금천구 시흥대로 3990,관광지,20,202502,126.897074806417500,37.469362420390220,11,11545,금천구,문화관광,[지역] 서울특별시 [장소] 롯데시네마독산 [카테고리] 관광지
서울특별시,용문시장,서울 용산구,관광지,20,202502,126.960262898441000,37.535966217783000,11,11170,용산구,쇼핑,[지역] 서울특별시 [장소] 용문시장 [카테고리] 관광지
서울특별시,개봉중앙시장,서울 구로구 개봉로17길 340,관광지,20,202502,126.853911827165000,37.491804009186700,11,11530,구로구,쇼핑,[지역] 서울특별시 [장소] 개봉중앙시장 [카테고리] 관광지
서울특별시,대조시장,서울 은평구 진흥로 1530,관광지,20,202502,126.926457104310600,37.609042731842960,11,11380,은평구,쇼핑,[지역] 서울특별시 [장소] 대조시장 [카테고리] 관광지
서울특별시,리치다이아몬드호텔,서울 강북구 삼양로 50018,숙박,20,202502,127.015617909957000,37.647592533959100,11,11305,강북구,숙박,[지역] 서울특별시 [장소] 리치다이아몬드호텔 [카테고리] 숙박
서울특별시,마들스포츠타운,서울 노원구 덕릉로 4600,관광지,20,202502,127.057558594182370,37.643954328538534,11,11350,노원구,문화관광,[지역] 서울특별시 [장소] 마들스포츠타운 [카테고리] 관광지
서울특별시,롯데면세점본점,서울 중구 남대문로 810,관광지,20,202502,126.981649573719000,37.564740799480500,11,11140,중구,쇼핑,[지역] 서울특별시 [장소] 롯데면세점본점 [카테고리] 관광지
서울특별시,난지한강공원,서울 마포구 한강난지로 1620,관광지,20,202502,126.876270203960830,37.566212204906535,11,11440,마포구,문화관광,[지역] 서울특별시 [장소] 난지한강공원 [카테고리] 관광지
서울특별시,낙산공원,서울 종로구 낙산길 410,관광지,20,202502,127.007480415343000,37.580655785099600,11,11110,종로구,문화관광,[지역] 서울특별시 [장소] 낙산공원 [카테고리] 관광지
서울특별시,퐁퐁플라워관악센터,서울 관악구 봉천로 2090,관광지,20,202502,126.925044298295000,37.490526811066200,11,11590,동작구,문화관광,[지역] 서울특별시 [장소] 퐁퐁플라워관악센터 [카테고리] 관광지
서울특별시,오클라우드호텔,서울 서초구 사평대로58길 120,숙박,20,202502,127.023785255260000,37.503025972977200,11,11650,서초구,숙박,[지역] 서울특별시 [장소] 오클라우드호텔 [카테고리] 숙박
서울특별시,롯데시네마영등포,서울 영등포구 경인로 8460,관광지,20,202502,126.908330034872850,37.516207960845750,11,11560,영등포구,문화관광,[지역] 서울특별시 [장소] 롯데시네마영등포 [카테고리] 관광지
서울특별시,서울사진미술관건축중2024년10월개관예정,서울 도봉구 마들로13길 700,관광지,20,202502,127.048948148123000,37.655480718086100,11,11320,도봉구,문화관광,[지역] 서울특별시 [장소] 서울사진미술관건축중2024년10월개관예정 [카테고리] 관광지
서울특별시,브라운도트호텔성신여대점,서울 성북구 동소문로23길 110,숙박,20,202502,127.017312728593000,37.593987637177700,11,11290,성북구,숙박,[지역] 서울특별시 [장소] 브라운도트호텔성신여대점 [카테고리] 숙박
서울특별시,발리관광호텔,서울 강동구 풍성로 2100,숙박,20,202502,127.134997176072960,37.529051436512120,11,11740,강동구,숙박,[지역] 서울특별시 [장소] 발리관광호텔 [카테고리] 숙박
서울특별시,제일프라자,서울 중랑구 동일로143길 190,관광지,20,202502,127.077584946006000,37.605014515584800,11,11260,중랑구,쇼핑,[지역] 서울특별시 [장소] 제일프라자 [카테고리] 관광지
서울특별시,성룡사,서울 서대문구 신촌로7길 300,관광지,20,202502,126.932404090202000,37.558324571845600,11,11410,서대문구,역사관광,[지역] 서울특별시 [장소] 성룡사 [카테고리] 관광지
서울특별시,세라젬웰파크청량리점,서울 동대문구 고산자로32길 780,관광지,20,202502,127.043032788399000,37.577323058308200,11,11230,동대문구,문화관광,[지역] 서울특별시 [장소] 세라젬웰파크청량리점 [카테고리] 관광지
서울특별시,서울하수도과학관,서울 성동구 자동차시장3길 640,관광지,20,202502,127.057920521691000,37.557964278708600,11,11200,성동구,문화관광,[지역] 서울특별시 [장소] 서울하수도과학관 [카테고리] 관광지
서울특별시,파크하얏트서울호텔,서울 강남구 테헤란로 6060,숙박,20,202502,127.064142666412000,37.508581136846000,11,11680,강남구,숙박,[지역] 서울특별시 [장소] 파크하얏트서울호텔 [카테고리] 숙박
서울특별시,롯데시티호텔김포공항,서울 강서구 하늘길 380,숙박,20,202502,126.802696351469590,37.563900890155935,11,11500,강서구,숙박,[지역] 서울특별시 [장소] 롯데시티호텔김포공항 [카테고리] 숙박
서울특별시,잠실한강공원,서울 송파구 한가람로 650,관광지,20,202502,127.082002074627680,37.517719080984300,11,11710,송파구,문화관광,[지역] 서울특별시 [장소] 잠실한강공원 [카테고리] 관광지
서울특별시,평화의공원,서울 마포구,관광지,21,202502,126.895101870963030,37.562296106254344,11,11440,마포구,문화관광,[지역] 서울특별시 [장소] 평화의공원 [카테고리] 관광지
서울특별시,대림프라자,서울 동작구 사당로17길 80,관광지,21,202502,126.974317685032000,37.484166736534700,11,11590,동작구,쇼핑,[지역] 서울특별시 [장소] 대림프라자 [카테고리] 관광지
서울특별시,호텔디아티스트성신여대점,서울 성북구 동소문로 1260,숙박,21,202502,127.018760440358450,37.593878923175836,11,11290,성북구,숙박,[지역] 서울특별시 [장소] 호텔디아티스트성신여대점 [카테고리] 숙박
서울특별시,구산동마을공원,서울 은평구,관광지,21,202502,126.908405716750000,37.614595690389200,11,11380,은평구,문화관광,[지역] 서울특별시 [장소] 구산동마을공원 [카테고리] 관광지
서울특별시,호텔더디자이너스건대점,서울 광진구 천호대로 5210,숙박,21,202502,127.076601684934470,37.558662401973550,11,11215,광진구,숙박,[지역] 서울특별시 [장소] 호텔더디자이너스건대점 [카테고리] 숙박
서울특별시,양화한강공원,서울 영등포구 노들로 2210,관광지,21,202502,126.898129576732600,37.541326328434096,11,11560,영등포구,문화관광,[지역] 서울특별시 [장소] 양화한강공원 [카테고리] 관광지
서울특별시,국제선센터,서울 양천구 목동동로 1670,관광지,21,202502,126.870076755371000,37.520800753985000,11,11470,양천구,역사관광,[지역] 서울특별시 [장소] 국제선센터 [카테고리] 관광지
서울특별시,그레이튼호텔,서울 중랑구 상봉로28길 70,숙박,21,202502,127.093528040055000,37.595793460031000,11,11260,중랑구,숙박,[지역] 서울특별시 [장소] 그레이튼호텔 [카테고리] 숙박
서울특별시,백범김구기념관,서울 용산구 임정로 260,관광지,21,202502,126.959179582809650,37.544243031736600,11,11170,용산구,문화관광,[지역] 서울특별시 [장소] 백범김구기념관 [카테고리] 관광지
서울특별시,국립민속박물관,서울 종로구 삼청로 370,관광지,21,202502,126.978927432490960,37.581683267182460,11,11110,종로구,문화관광,[지역] 서울특별시 [장소] 국립민속박물관 [카테고리] 관광지
서울특별시,호텔페이토강남,서울 서초구 강남대로 2590,숙박,21,202502,127.032673501687900,37.486555708900300,11,11650,서초구,숙박,[지역] 서울특별시 [장소] 호텔페이토강남 [카테고리] 숙박
서울특별시,롯데시네마월드타워,서울 송파구 올림픽로 3000,관광지,21,202502,127.104055676772560,37.513803004546880,11,11710,송파구,문화관광,[지역] 서울특별시 [장소] 롯데시네마월드타워 [카테고리] 관광지
서울특별시,메가박스화곡,서울 강서구 화곡로 1420,관광지,21,202502,126.837607281157090,37.540603821997940,11,11500,강서구,문화관광,[지역] 서울특별시 [장소] 메가박스화곡 [카테고리] 관광지
서울특별시,호텔삼정,서울 강남구 봉은사로 1500,숙박,21,202502,127.031173449073000,37.505859024622900,11,11680,강남구,숙박,[지역] 서울특별시 [장소] 호텔삼정 [카테고리] 숙박
서울특별시,경륜경정장안지점,서울 동대문구 장한로2길 330,관광지,21,202502,127.067169643805000,37.562213845043900,11,11230,동대문구,레저스포츠,[지역] 서울특별시 [장소] 경륜경정장안지점 [카테고리] 관광지
서울특별시,EVER8호텔,서울 서대문구 신촌역로 70,숙박,21,202502,126.942542071490000,37.557352524306000,11,11410,서대문구,숙박,[지역] 서울특별시 [장소] EVER8호텔 [카테고리] 숙박
서울특별시,천호문구완구거리,서울 강동구 천호대로 00,관광지,21,202502,127.122748179096330,37.539494597167990,11,11740,강동구,쇼핑,[지역] 서울특별시 [장소] 천호문구완구거리 [카테고리] 관광지
서울특별시,렛츠런CCC도봉지점,서울 도봉구 노해로67길 140,관광지,21,202502,127.049392583727000,37.652314420747000,11,11320,도봉구,레저스포츠,[지역] 서울특별시 [장소] 렛츠런CCC도봉지점 [카테고리] 관광지
서울특별시,국립극장,서울 중구 장충단로 590,관광지,21,202502,126.999620289248000,37.552603425444600,11,11140,중구,문화관광,[지역] 서울특별시 [장소] 국립극장 [카테고리] 관광지
서울특별시,성수낙낙,서울 성동구 아차산로17길 480,관광지,21,202502,127.065944189350720,37.546440151011154,11,11200,성동구,문화관광,[지역] 서울특별시 [장소] 성수낙낙 [카테고리] 관광지
서울특별시,불암산나비정원,서울 노원구 한글비석로12길 5127,관광지,21,202502,127.080639724113000,37.655480917116200,11,11350,노원구,기타관광,[지역] 서울특별시 [장소] 불암산나비정원 [카테고리] 관광지
서울특별시,신트라호텔,서울 관악구 신림로66길 160,숙박,21,202502,126.930599401999000,37.485305226279000,11,11620,관악구,숙박,[지역] 서울특별시 [장소] 신트라호텔 [카테고리] 숙박
서울특별시,쌈지어린이공원,서울 금천구,관광지,21,202502,126.903990833267000,37.470917838185500,11,11545,금천구,문화관광,[지역] 서울특별시 [장소] 쌈지어린이공원 [카테고리] 관광지
서울특별시,라마다호텔서울신도림,서울 구로구 경인로 6240,숙박,21,202502,126.885408840725000,37.506330298266000,11,11530,구로구,숙박,[지역] 서울특별시 [장소] 라마다호텔서울신도림 [카테고리] 숙박
서울특별시,삼양시장,서울 강북구,관광지,21,202502,127.017923478577000,37.625095152469500,11,11305,강북구,쇼핑,[지역] 서울특별시 [장소] 삼양시장 [카테고리] 관광지
서울특별시,포레스타호텔,서울 은평구 진흥로 1790,숙박,22,202502,126.929467500000000,37.608602000000000,11,11380,은평구,숙박,[지역] 서울특별시 [장소] 포레스타호텔 [카테고리] 숙박
서울특별시,키즈런스포츠파크,서울 노원구 섬밭로 2580,관광지,22,202502,127.064834925167360,37.638672442024090,11,11350,노원구,문화관광,[지역] 서울특별시 [장소] 키즈런스포츠파크 [카테고리] 관광지
서울특별시,이비스앰배서더인사동,서울 종로구 삼일대로30길 310,숙박,22,202502,126.989315452762000,37.574406395482000,11,11110,종로구,숙박,[지역] 서울특별시 [장소] 이비스앰배서더인사동 [카테고리] 숙박
서울특별시,용마폭포공원축구장,서울 중랑구 용마산로 25012,관광지,22,202502,127.090111893746000,37.574434797630900,11,11260,중랑구,문화관광,[지역] 서울특별시 [장소] 용마폭포공원축구장 [카테고리] 관광지
서울특별시,연화사,서울 동대문구 경희대로3길 560,관광지,22,202502,127.050464194405660,37.594357627967370,11,11230,동대문구,역사관광,[지역] 서울특별시 [장소] 연화사 [카테고리] 관광지
서울특별시,낙성대공원,서울 관악구 낙성대로 770,관광지,22,202502,126.959902446557980,37.471112601091270,11,11620,관악구,문화관광,[지역] 서울특별시 [장소] 낙성대공원 [카테고리] 관광지
서울특별시,여의도눈썰매장,서울 영등포구,관광지,22,202502,126.919683257012000,37.533632905473000,11,11560,영등포구,레저스포츠,[지역] 서울특별시 [장소] 여의도눈썰매장 [카테고리] 관광지
서울특별시,파라다이스카지노워커힐,서울 광진구 워커힐로 1770,관광지,22,202502,127.110761715392240,37.555230210292780,11,11215,광진구,문화관광,[지역] 서울특별시 [장소] 파라다이스카지노워커힐 [카테고리] 관광지
서울특별시,호텔앨리,서울 서대문구 연세로2마길 200,숙박,22,202502,126.942292087910000,37.557991337764000,11,11410,서대문구,숙박,[지역] 서울특별시 [장소] 호텔앨리 [카테고리] 숙박
서울특별시,몬스터파크신도림점,서울 구로구 경인로 6610,관광지,22,202502,126.888434314711220,37.509781507507270,11,11530,구로구,문화관광,[지역] 서울특별시 [장소] 몬스터파크신도림점 [카테고리] 관광지
서울특별시,신라아이파크면세점용산점,서울 용산구 한강대로23길 550,관광지,22,202502,126.964151497946300,37.529550316911630,11,11170,용산구,쇼핑,[지역] 서울특별시 [장소] 신라아이파크면세점용산점 [카테고리] 관광지
서울특별시,양재근린공원,서울 서초구,관광지,22,202502,127.042422766494840,37.471640825600424,11,11650,서초구,문화관광,[지역] 서울특별시 [장소] 양재근린공원 [카테고리] 관광지
서울특별시,세종호텔,서울 중구 퇴계로 1450,숙박,22,202502,126.987954591834000,37.561380116040000,11,11140,중구,숙박,[지역] 서울특별시 [장소] 세종호텔 [카테고리] 숙박
서울특별시,가든파이브툴,서울 송파구 충민로 100,관광지,22,202502,127.119083972228800,37.478432821639330,11,11710,송파구,쇼핑,[지역] 서울특별시 [장소] 가든파이브툴 [카테고리] 관광지
서울특별시,이사벨관광호텔,서울 금천구 가산로 500,숙박,22,202502,126.897491412882000,37.471723261179200,11,11545,금천구,숙박,[지역] 서울특별시 [장소] 이사벨관광호텔 [카테고리] 숙박
서울특별시,나이아가라호텔,서울 강서구 양천로 7430,숙박,22,202502,126.878659040310000,37.549186411609900,11,11500,강서구,숙박,[지역] 서울특별시 [장소] 나이아가라호텔 [카테고리] 숙박
서울특별시,포포인츠바이쉐라톤서울강남,서울 강남구 도산대로 2030,숙박,22,202502,127.028451332404570,37.520246233823386,11,11680,강남구,숙박,[지역] 서울특별시 [장소] 포포인츠바이쉐라톤서울강남 [카테고리] 숙박
서울특별시,갈산문화예술센터,서울 양천구 목동남로 1060,관광지,22,202502,126.870226513837510,37.510753754030105,11,11470,양천구,문화관광,[지역] 서울특별시 [장소] 갈산문화예술센터 [카테고리] 관광지
서울특별시,오르봉내리봉,서울 도봉구 마들로 6560,관광지,22,202502,127.047142624597000,37.668729172921800,11,11320,도봉구,문화관광,[지역] 서울특별시 [장소] 오르봉내리봉 [카테고리] 관광지
서울특별시,에스팩토리,서울 성동구 연무장15길 110,관광지,22,202502,127.059497135050000,37.542633155359100,11,11200,성동구,문화관광,[지역] 서울특별시 [장소] 에스팩토리 [카테고리] 관광지
서울특별시,길음시장,서울 성북구 동소문로 2270,관광지,22,202502,127.021756685342000,37.602708878005500,11,11290,성북구,쇼핑,[지역] 서울특별시 [장소] 길음시장 [카테고리] 관광지
서울특별시,호원아트홀,서울 강동구 성안로 300,관광지,22,202502,127.130293111610910,37.526467450762084,11,11740,강동구,문화관광,[지역] 서울특별시 [장소] 호원아트홀 [카테고리] 관광지
서울특별시,북한산국립공원백운대탐방지원센터,서울 강북구 도선사길 2340,관광지,22,202502,126.991370000779000,37.658202265566000,11,11305,강북구,기타관광,[지역] 서울특별시 [장소] 북한산국립공원백운대탐방지원센터 [카테고리] 관광지
서울특별시,노들나루공원축구장,서울 동작구,관광지,22,202502,126.953152645426940,37.513718746464070,11,11590,동작구,문화관광,[지역] 서울특별시 [장소] 노들나루공원축구장 [카테고리] 관광지
서울특별시,절두산순교성지,서울 마포구 토정로 60,관광지,22,202502,126.911580042328350,37.544296710999360,11,11440,마포구,역사관광,[지역] 서울특별시 [장소] 절두산순교성지 [카테고리] 관광지
서울특별시,홈즈스테이지밸리 건축중2024년04월오픈예정,서울 금천구 벚꽃로 1820,숙박,23,202502,126.887881174476000,37.471278809792400,11,11545,금천구,숙박,[지역] 서울특별시 [장소] 홈즈스테이지밸리 건축중2024년04월오픈예정 [카테고리] 숙박
서울특별시,롯데시티호텔명동,서울 중구 삼일대로 3620,숙박,23,202502,126.988103163295000,37.566923740482900,11,11140,중구,숙박,[지역] 서울특별시 [장소] 롯데시티호텔명동 [카테고리] 숙박
서울특별시,시안호텔,서울 은평구 진흥로 1690,숙박,23,202502,126.928485535452410,37.608855670828600,11,11380,은평구,숙박,[지역] 서울특별시 [장소] 시안호텔 [카테고리] 숙박
서울특별시,오동근린공원실내배드민턴장,서울 강북구 덕릉로42길 490,관광지,23,202502,127.032199886311000,37.633010992024000,11,11305,강북구,레저스포츠,[지역] 서울특별시 [장소] 오동근린공원실내배드민턴장 [카테고리] 관광지
서울특별시,서울아트책보고,서울 구로구 경인로 4300,관광지,23,202502,126.867229354492340,37.498954910193476,11,11530,구로구,문화관광,[지역] 서울특별시 [장소] 서울아트책보고 [카테고리] 관광지
서울특별시,연세대세브란스병원우리라운지,서울 서대문구 연세로 501,관광지,23,202502,126.941042158709170,37.562351936766130,11,11410,서대문구,문화관광,[지역] 서울특별시 [장소] 연세대세브란스병원우리라운지 [카테고리] 관광지
서울특별시,동대문토모풋살피치,서울 동대문구 답십리로 2090,관광지,23,202502,127.063834952251630,37.573348330444960,11,11230,동대문구,문화관광,[지역] 서울특별시 [장소] 동대문토모풋살피치 [카테고리] 관광지
서울특별시,살곶이체육공원,서울 성동구,관광지,23,202502,127.050421233150980,37.554547960332490,11,11200,성동구,문화관광,[지역] 서울특별시 [장소] 살곶이체육공원 [카테고리] 관광지
서울특별시,서울서예박물관,서울 서초구 남부순환로 23640,관광지,23,202502,127.011869905504620,37.478278758971754,11,11650,서초구,문화관광,[지역] 서울특별시 [장소] 서울서예박물관 [카테고리] 관광지
서울특별시,만성사,서울 도봉구 시루봉로15길 8823,관광지,23,202502,127.028810938119000,37.670034462480500,11,11320,도봉구,역사관광,[지역] 서울특별시 [장소] 만성사 [카테고리] 관광지
서울특별시,메가박스마곡,서울 강서구 공항대로 2470,관광지,23,202502,126.835107328590240,37.559323863000970,11,11500,강서구,문화관광,[지역] 서울특별시 [장소] 메가박스마곡 [카테고리] 관광지
서울특별시,신라스테이삼성,서울 강남구 영동대로 5060,숙박,23,202502,127.063198293395000,37.509997633953000,11,11680,강남구,숙박,[지역] 서울특별시 [장소] 신라스테이삼성 [카테고리] 숙박
서울특별시,아미드호텔서울,서울 종로구 인사동5길 380,숙박,23,202502,126.984204821520000,37.572601017163000,11,11110,종로구,숙박,[지역] 서울특별시 [장소] 아미드호텔서울 [카테고리] 숙박
서울특별시,뮤지컬팝스오케스트라,서울 관악구 은천로 140,관광지,23,202502,126.936793278453000,37.486166275689800,11,11620,관악구,문화관광,[지역] 서울특별시 [장소] 뮤지컬팝스오케스트라 [카테고리] 관광지
서울특별시,보문사,서울 동작구 성대로16길 900,관광지,23,202502,126.939431844168000,37.494970829701900,11,11590,동작구,역사관광,[지역] 서울특별시 [장소] 보문사 [카테고리] 관광지
서울특별시,노블레스관광호텔,서울 노원구 노해로77길 220,숙박,23,202502,127.059363875023000,37.655175263223000,11,11350,노원구,숙박,[지역] 서울특별시 [장소] 노블레스관광호텔 [카테고리] 숙박
서울특별시,씨랄라워터파크,서울 영등포구 문래로 1640,관광지,23,202502,126.900074070346000,37.517912381557000,11,11560,영등포구,문화관광,[지역] 서울특별시 [장소] 씨랄라워터파크 [카테고리] 관광지
서울특별시,밤나무골시장,서울 성북구,관광지,23,202502,127.035422052308000,37.609152662021000,11,11290,성북구,쇼핑,[지역] 서울특별시 [장소] 밤나무골시장 [카테고리] 관광지
서울특별시,신성종합시장,서울 광진구 용마산로 500,관광지,23,202502,127.088362214924000,37.557936694272900,11,11215,광진구,쇼핑,[지역] 서울특별시 [장소] 신성종합시장 [카테고리] 관광지
서울특별시,법안정사,서울 양천구 목동동로 3710,관광지,23,202502,126.878436969318000,37.535521324382300,11,11470,양천구,역사관광,[지역] 서울특별시 [장소] 법안정사 [카테고리] 관광지
서울특별시,명일전통시장,서울 강동구 양재대로138길 200,관광지,23,202502,127.144773865476000,37.549743551141000,11,11740,강동구,쇼핑,[지역] 서울특별시 [장소] 명일전통시장 [카테고리] 관광지
서울특별시,서울스카이,서울 송파구 올림픽로 3000,관광지,23,202502,127.102581319136000,37.512585821322400,11,11710,송파구,문화관광,[지역] 서울특별시 [장소] 서울스카이 [카테고리] 관광지
서울특별시,망원유수지체육공원,서울 마포구 방울내로11길 1980,관광지,23,202502,126.897407261554870,37.557768866349260,11,11440,마포구,문화관광,[지역] 서울특별시 [장소] 망원유수지체육공원 [카테고리] 관광지
서울특별시,신내차량기지축구장,서울 중랑구 용마산로136길 330,관광지,23,202502,127.110915210736340,37.610486314278020,11,11260,중랑구,문화관광,[지역] 서울특별시 [장소] 신내차량기지축구장 [카테고리] 관광지
서울특별시,후암시장,서울 용산구 후암로35길 240,관광지,23,202502,126.976455740121000,37.550242444301100,11,11170,용산구,쇼핑,[지역] 서울특별시 [장소] 후암시장 [카테고리] 관광지
서울특별시,잔다리어린이공원,서울 마포구,관광지,24,202502,126.912767013637000,37.554602659869500,11,11440,마포구,문화관광,[지역] 서울특별시 [장소] 잔다리어린이공원 [카테고리] 관광지
서울특별시,롯데시네마신도림,서울 구로구 경인로 6620,관광지,24,202502,126.889464005692470,37.508830033872580,11,11530,구로구,문화관광,[지역] 서울특별시 [장소] 롯데시네마신도림 [카테고리] 관광지
서울특별시,행당시장,서울 성동구 왕십리로21길 190,관광지,24,202502,127.032478351882000,37.560547154997200,11,11200,성동구,쇼핑,[지역] 서울특별시 [장소] 행당시장 [카테고리] 관광지
서울특별시,호텔부티크나인,서울 동대문구 왕산로 280,숙박,24,202502,127.026756491464000,37.576406396359000,11,11230,동대문구,숙박,[지역] 서울특별시 [장소] 호텔부티크나인 [카테고리] 숙박
서울특별시,유원호텔,서울 서초구 반포대로12길 290,숙박,24,202502,127.012836142987400,37.485250430047074,11,11650,서초구,숙박,[지역] 서울특별시 [장소] 유원호텔 [카테고리] 숙박
서울특별시,호텔야자성신여대역점,서울 성북구 아리랑로2길 110,숙박,24,202502,127.016979430317580,37.593487692945970,11,11290,성북구,숙박,[지역] 서울특별시 [장소] 호텔야자성신여대역점 [카테고리] 숙박
서울특별시,MRG호텔,서울 동작구 동작대로9길 40,숙박,24,202502,126.981286262481320,37.480731529036106,11,11590,동작구,숙박,[지역] 서울특별시 [장소] MRG호텔 [카테고리] 숙박
서울특별시,렛츠런CCC중랑지점,서울 중랑구 망우로 3900,관광지,24,202502,127.095694483279000,37.598570930155300,11,11260,중랑구,레저스포츠,[지역] 서울특별시 [장소] 렛츠런CCC중랑지점 [카테고리] 관광지
서울특별시,겸재정선미술관,서울 강서구 양천로47길 360,관광지,24,202502,126.838468011965000,37.572239055357200,11,11500,강서구,문화관광,[지역] 서울특별시 [장소] 겸재정선미술관 [카테고리] 관광지
서울특별시,잠원한강공원,서울 서초구 잠원로 221124,관광지,24,202502,127.013424887314000,37.522829175576700,11,11680,강남구,문화관광,[지역] 서울특별시 [장소] 잠원한강공원 [카테고리] 관광지
서울특별시,이랜드크루즈여의도선착장,서울 영등포구 여의동로 2900,관광지,24,202502,126.938376087037570,37.525772817733290,11,11560,영등포구,기타관광,[지역] 서울특별시 [장소] 이랜드크루즈여의도선착장 [카테고리] 관광지
서울특별시,북악팔각정,서울 종로구 북악산로 2670,관광지,24,202502,126.980649304390720,37.601597640276750,11,11110,종로구,역사관광,[지역] 서울특별시 [장소] 북악팔각정 [카테고리] 관광지
서울특별시,송파책박물관,서울 송파구 송파대로37길 770,관광지,24,202502,127.104472452087000,37.498943612839100,11,11710,송파구,문화관광,[지역] 서울특별시 [장소] 송파책박물관 [카테고리] 관광지
서울특별시,도봉튜빙눈썰매장,서울 도봉구 도봉로168길 300,관광지,24,202502,127.047142528633000,37.678394720400500,11,11320,도봉구,레저스포츠,[지역] 서울특별시 [장소] 도봉튜빙눈썰매장 [카테고리] 관광지
서울특별시,해마루축구장,서울 양천구,관광지,24,202502,126.878548238569310,37.517967799733725,11,11470,양천구,문화관광,[지역] 서울특별시 [장소] 해마루축구장 [카테고리] 관광지
서울특별시,롯데시네마노원,서울 노원구 동일로 14140,관광지,24,202502,127.061206735056830,37.655044950513770,11,11350,노원구,문화관광,[지역] 서울특별시 [장소] 롯데시네마노원 [카테고리] 관광지
서울특별시,54번가호텔,서울 관악구 관악로17길 190,숙박,24,202502,126.950607267456000,37.480697505887000,11,11620,관악구,숙박,[지역] 서울특별시 [장소] 54번가호텔 [카테고리] 숙박
서울특별시,동북프라자,서울 강북구 솔샘로 2330,관광지,24,202502,127.018645683572800,37.620206833821390,11,11305,강북구,쇼핑,[지역] 서울특별시 [장소] 동북프라자 [카테고리] 관광지
서울특별시,퐁퐁플라워건대센터,서울 광진구 아차산로 2720,관광지,24,202502,127.073058232877000,37.538605500082300,11,11215,광진구,문화관광,[지역] 서울특별시 [장소] 퐁퐁플라워건대센터 [카테고리] 관광지
서울특별시,호텔가을,서울 서대문구 연세로2나길 130,숙박,24,202502,126.937959158874000,37.556713681172000,11,11410,서대문구,숙박,[지역] 서울특별시 [장소] 호텔가을 [카테고리] 숙박
서울특별시,금천뮤지컬센터,서울 금천구 시흥대로115길 480,관광지,24,202502,126.893875449191570,37.468920499924480,11,11545,금천구,문화관광,[지역] 서울특별시 [장소] 금천뮤지컬센터 [카테고리] 관광지
서울특별시,롯데시네마용산,서울 용산구 청파로 740,관광지,24,202502,126.959707423791490,37.532799913839930,11,11170,용산구,문화관광,[지역] 서울특별시 [장소] 롯데시네마용산 [카테고리] 관광지
서울특별시,코리아나호텔서울,서울 중구 세종대로 1350,숙박,24,202502,126.976594441805930,37.568184814329410,11,11140,중구,숙박,[지역] 서울특별시 [장소] 코리아나호텔서울 [카테고리] 숙박
서울특별시,솔호텔,서울 은평구 통일로65길 102,숙박,24,202502,126.930019176891160,37.609271047284054,11,11380,은평구,숙박,[지역] 서울특별시 [장소] 솔호텔 [카테고리] 숙박
서울특별시,강동야구장,서울 강동구,관광지,24,202502,127.165049638058600,37.567158332852920,11,11740,강동구,문화관광,[지역] 서울특별시 [장소] 강동야구장 [카테고리] 관광지
서울특별시,M호텔,서울 관악구 남부순환로 208227,숙박,25,202502,126.980838633124220,37.476135668938610,11,11620,관악구,숙박,[지역] 서울특별시 [장소] M호텔 [카테고리] 숙박
서울특별시,와우쇼핑몰,서울 노원구 노해로 5070,관광지,25,202502,127.063891240809000,37.655397488145000,11,11350,노원구,쇼핑,[지역] 서울특별시 [장소] 와우쇼핑몰 [카테고리] 관광지
서울특별시,환기미술관,서울 종로구 자하문로40길 630,관광지,25,202502,126.966126422517850,37.594117664685540,11,11110,종로구,문화관광,[지역] 서울특별시 [장소] 환기미술관 [카테고리] 관광지
서울특별시,CGV여의도,서울 영등포구 국제금융로 100,관광지,25,202502,126.925904999097060,37.525078377250930,11,11560,영등포구,문화관광,[지역] 서울특별시 [장소] CGV여의도 [카테고리] 관광지
서울특별시,키주파크금천독산점,서울 금천구 벚꽃로6길 210,관광지,25,202502,126.893353001630760,37.460863380020180,11,11545,금천구,문화관광,[지역] 서울특별시 [장소] 키주파크금천독산점 [카테고리] 관광지
서울특별시,증산종합시장,서울 은평구 증산로3길 120,관광지,25,202502,126.905017455419000,37.581460615980500,11,11380,은평구,쇼핑,[지역] 서울특별시 [장소] 증산종합시장 [카테고리] 관광지
서울특별시,제이베이호텔,서울 강북구 한천로140길 140,숙박,25,202502,127.027349500000000,37.640564600000000,11,11305,강북구,숙박,[지역] 서울특별시 [장소] 제이베이호텔 [카테고리] 숙박
서울특별시,월호텔,서울 서대문구 연세로2길 10110,숙박,25,202502,126.942514293533000,37.557630269785000,11,11410,서대문구,숙박,[지역] 서울특별시 [장소] 월호텔 [카테고리] 숙박
서울특별시,나비쇼핑몰,서울 강동구 천호대로157길 140,관광지,25,202502,127.127303335534000,37.538244770217300,11,11740,강동구,쇼핑,[지역] 서울특별시 [장소] 나비쇼핑몰 [카테고리] 관광지
서울특별시,동작구어린이영어놀이터,서울 동작구 동작대로9길 350,관광지,25,202502,126.979561830489730,37.480552365950050,11,11590,동작구,문화관광,[지역] 서울특별시 [장소] 동작구어린이영어놀이터 [카테고리] 관광지
서울특별시,롤퀸롤러장,서울 성북구 동소문로20나길 470,관광지,25,202502,127.019145905374000,37.593043313383700,11,11290,성북구,레저스포츠,[지역] 서울특별시 [장소] 롤퀸롤러장 [카테고리] 관광지
서울특별시,홀리데이인익스프레스서울홍대,서울 마포구 양화로 1880,숙박,25,202502,126.926952164991000,37.557589132838300,11,11440,마포구,숙박,[지역] 서울특별시 [장소] 홀리데이인익스프레스서울홍대 [카테고리] 숙박
서울특별시,시그니처호텔,서울 동대문구 장한로21길 80,숙박,25,202502,127.069789584692840,37.570245332815770,11,11230,동대문구,숙박,[지역] 서울특별시 [장소] 시그니처호텔 [카테고리] 숙박
서울특별시,호텔스카이파크킹스타운동대문점,서울 중구 장충단로13길 200,숙박,25,202502,127.007473306842000,37.568588027140100,11,11140,중구,숙박,[지역] 서울특별시 [장소] 호텔스카이파크킹스타운동대문점 [카테고리] 숙박
서울특별시,키즈팡팡쌍문점,서울 도봉구 우이천로32길 380,관광지,25,202502,127.025255910187000,37.649231293300600,11,11320,도봉구,문화관광,[지역] 서울특별시 [장소] 키즈팡팡쌍문점 [카테고리] 관광지
서울특별시,르블랑,서울 중랑구 동일로 9610,숙박,25,202502,127.075690051547720,37.616178138777116,11,11260,중랑구,숙박,[지역] 서울특별시 [장소] 르블랑 [카테고리] 숙박
서울특별시,캠프호텔,서울 양천구 가로공원로 1670,숙박,25,202502,126.834575635462560,37.537038146626300,11,11470,양천구,숙박,[지역] 서울특별시 [장소] 캠프호텔 [카테고리] 숙박
서울특별시,롯데호텔L7강남,서울 강남구 테헤란로 4150,숙박,25,202502,127.051699373968000,37.505720279016550,11,11680,강남구,숙박,[지역] 서울특별시 [장소] 롯데호텔L7강남 [카테고리] 숙박
서울특별시,어반플레이스강남,서울 서초구 효령로77길 300,숙박,25,202502,127.029121934096000,37.491692096951400,11,11650,서초구,숙박,[지역] 서울특별시 [장소] 어반플레이스강남 [카테고리] 숙박
서울특별시,방이시장,서울 송파구 백제고분로48길 350,관광지,25,202502,127.116221276525820,37.510581230686920,11,11710,송파구,쇼핑,[지역] 서울특별시 [장소] 방이시장 [카테고리] 관광지
서울특별시,태양모텔,서울 성동구 마조로19길 130,숙박,25,202502,127.040060956885000,37.564907808988100,11,11200,성동구,숙박,[지역] 서울특별시 [장소] 태양모텔 [카테고리] 숙박
서울특별시,방신재래시장,서울 강서구 방화동로16길 320,관광지,25,202502,126.812387045767700,37.571600082468830,11,11500,강서구,쇼핑,[지역] 서울특별시 [장소] 방신재래시장 [카테고리] 관광지
서울특별시,노들섬,서울 용산구 양녕로 4450,관광지,25,202502,126.957242970832910,37.518053890988895,11,11170,용산구,자연관광,[지역] 서울특별시 [장소] 노들섬 [카테고리] 관광지
서울특별시,에이치에비뉴건대점,서울 광진구 동일로 1560,숙박,25,202502,127.066586522278630,37.546049043683105,11,11215,광진구,숙박,[지역] 서울특별시 [장소] 에이치에비뉴건대점 [카테고리] 숙박
서울특별시,남구로시장,서울 구로구 구로동로26길 250,관광지,25,202502,126.887742119348430,37.489998867287180,11,11530,구로구,쇼핑,[지역] 서울특별시 [장소] 남구로시장 [카테고리] 관광지
서울특별시,뽀로로파크롯데빅마켓금천점,서울 금천구 두산로 710,관광지,26,202502,126.895741582948000,37.470473395010000,11,11545,금천구,문화관광,[지역] 서울특별시 [장소] 뽀로로파크롯데빅마켓금천점 [카테고리] 관광지
서울특별시,창경궁,서울 종로구 창경궁로 1850,관광지,26,202502,126.995314867242000,37.578794813854800,11,11110,종로구,역사관광,[지역] 서울특별시 [장소] 창경궁 [카테고리] 관광지
서울특별시,예술의전당CJ토월극장,서울 서초구 남부순환로 24060,관광지,26,202502,127.013980817338280,37.479167558186700,11,11650,서초구,문화관광,[지역] 서울특별시 [장소] 예술의전당CJ토월극장 [카테고리] 관광지
서울특별시,중랑아트센터,서울 중랑구 망우로 3530,관광지,26,202502,127.091555970270000,37.598404256778500,11,11260,중랑구,문화관광,[지역] 서울특별시 [장소] 중랑아트센터 [카테고리] 관광지
서울특별시,르메르디앙목시서울명동점,서울 중구 명동8나길 380,숙박,26,202502,126.982694684196300,37.561717307734725,11,11140,중구,숙박,[지역] 서울특별시 [장소] 르메르디앙목시서울명동점 [카테고리] 숙박
서울특별시,목동주경기장,서울 양천구 안양천로 9390,관광지,26,202502,126.883103262129960,37.530494156471920,11,11470,양천구,문화관광,[지역] 서울특별시 [장소] 목동주경기장 [카테고리] 관광지
서울특별시,리마크호텔,서울 성동구 왕십리로20길 170,숙박,26,202502,127.035283626569180,37.563324629020656,11,11200,성동구,숙박,[지역] 서울특별시 [장소] 리마크호텔 [카테고리] 숙박
서울특별시,수유재래시장,서울 강북구 도봉로71길 20,관광지,26,202502,127.023395142667000,37.631483336102900,11,11305,강북구,쇼핑,[지역] 서울특별시 [장소] 수유재래시장 [카테고리] 관광지
서울특별시,대림중앙시장,서울 영등포구 디지털로37나길 150,관광지,26,202502,126.899229794382850,37.491160845532280,11,11560,영등포구,쇼핑,[지역] 서울특별시 [장소] 대림중앙시장 [카테고리] 관광지
서울특별시,서울아레나건축중2027년03월준공예정,서울 도봉구,관광지,26,202502,127.051971731836150,37.656451041088220,11,11320,도봉구,문화관광,[지역] 서울특별시 [장소] 서울아레나건축중2027년03월준공예정 [카테고리] 관광지
서울특별시,더그레이호텔,서울 서대문구 수색로 346,숙박,26,202502,126.915349967612000,37.569684264173700,11,11410,서대문구,숙박,[지역] 서울특별시 [장소] 더그레이호텔 [카테고리] 숙박
서울특별시,모자원고개,서울 동작구 보라매로 00,관광지,26,202502,126.927377375124200,37.495276276301910,11,11590,동작구,자연관광,[지역] 서울특별시 [장소] 모자원고개 [카테고리] 관광지
서울특별시,남산공원,서울 중구 소파로 460,관광지,26,202502,126.990898871839500,37.550936897585345,11,11170,용산구,문화관광,[지역] 서울특별시 [장소] 남산공원 [카테고리] 관광지
서울특별시,벨루스호텔,서울 동대문구 장한로24길 80,숙박,26,202502,127.071308075635000,37.570629564419000,11,11230,동대문구,숙박,[지역] 서울특별시 [장소] 벨루스호텔 [카테고리] 숙박
서울특별시,삼성동시장,서울 관악구 원신1길 340,관광지,26,202502,126.931960537350000,37.469973673107100,11,11620,관악구,쇼핑,[지역] 서울특별시 [장소] 삼성동시장 [카테고리] 관광지
서울특별시,롯데월드어드벤쳐,서울 송파구 올림픽로 2400,관광지,26,202502,127.097917367150000,37.511275480454800,11,11710,송파구,문화관광,[지역] 서울특별시 [장소] 롯데월드어드벤쳐 [카테고리] 관광지
서울특별시,인터시티서울호텔,서울 강서구 마곡중앙6로 763,숙박,26,202502,126.835876905380700,37.559793319402760,11,11500,강서구,숙박,[지역] 서울특별시 [장소] 인터시티서울호텔 [카테고리] 숙박
서울특별시,호텔피아노,서울 성북구 보문로 680,숙박,26,202502,127.021740753958510,37.581437360077120,11,11290,성북구,숙박,[지역] 서울특별시 [장소] 호텔피아노 [카테고리] 숙박
서울특별시,메가박스군자,서울 광진구 능동로 2890,관광지,26,202502,127.078390915269900,37.555770215722205,11,11215,광진구,문화관광,[지역] 서울특별시 [장소] 메가박스군자 [카테고리] 관광지
서울특별시,와이즈파크,서울 마포구 양화로 1760,관광지,26,202502,126.924904778514620,37.557296866967140,11,11440,마포구,쇼핑,[지역] 서울특별시 [장소] 와이즈파크 [카테고리] 관광지
서울특별시,씨네큐신도림점,서울 구로구 새말로 970,관광지,26,202502,126.890436157046000,37.507052467543600,11,11530,구로구,문화관광,[지역] 서울특별시 [장소] 씨네큐신도림점 [카테고리] 관광지
서울특별시,백두쇼핑센터,서울 강동구 고덕로83길 280,관광지,26,202502,127.168938264294000,37.558270495875400,11,11740,강동구,쇼핑,[지역] 서울특별시 [장소] 백두쇼핑센터 [카테고리] 관광지
서울특별시,대조어린이공원,서울 은평구 연서로22길 930,관광지,26,202502,126.919932442039000,37.615512321768700,11,11380,은평구,문화관광,[지역] 서울특별시 [장소] 대조어린이공원 [카테고리] 관광지
서울특별시,신사동가로수길,서울 강남구,관광지,26,202502,127.022785165009900,37.521551603399644,11,11680,강남구,문화관광,[지역] 서울특별시 [장소] 신사동가로수길 [카테고리] 관광지
서울특별시,노원천문우주과학관,서울 노원구 동일로205길 130,관광지,26,202502,127.065228974698190,37.640710115889900,11,11350,노원구,문화관광,[지역] 서울특별시 [장소] 노원천문우주과학관 [카테고리] 관광지
서울특별시,용산전자상가,서울 용산구,관광지,27,202502,126.962961074491090,37.533268486885970,11,11170,용산구,쇼핑,[지역] 서울특별시 [장소] 용산전자상가 [카테고리] 관광지
서울특별시,호텔메트로21,서울 관악구 승방2길 70,숙박,27,202502,126.980988945525380,37.474170386356790,11,11620,관악구,숙박,[지역] 서울특별시 [장소] 호텔메트로21 [카테고리] 숙박
서울특별시,호텔디아티스트연신내점,서울 은평구 통일로 8910,숙박,27,202502,126.919515745345000,37.622483734350000,11,11380,은평구,숙박,[지역] 서울특별시 [장소] 호텔디아티스트연신내점 [카테고리] 숙박
서울특별시,펜트아이미아본점,서울 강북구 솔샘로 3270,관광지,27,202502,127.028479705195930,37.617374923894130,11,11305,강북구,문화관광,[지역] 서울특별시 [장소] 펜트아이미아본점 [카테고리] 관광지
서울특별시,아난티 앳 강남,서울 강남구 논현로 7340,숙박,27,202502,127.029617919690000,37.517579882575000,11,11680,강남구,숙박,[지역] 서울특별시 [장소] 아난티 앳 강남 [카테고리] 숙박
서울특별시,버스호텔,서울 중랑구 망우로52길 227,숙박,27,202502,127.089583949771000,37.596043406363700,11,11260,중랑구,숙박,[지역] 서울특별시 [장소] 버스호텔 [카테고리] 숙박
서울특별시,샤롯데씨어터,서울 송파구 올림픽로 2400,관광지,27,202502,127.099861641193390,37.510747775796524,11,11710,송파구,문화관광,[지역] 서울특별시 [장소] 샤롯데씨어터 [카테고리] 관광지
서울특별시,초안산실내배드민턴장,서울 도봉구 덕릉로63길 7610,관광지,27,202502,127.040893430850000,37.644454166293900,11,11320,도봉구,레저스포츠,[지역] 서울특별시 [장소] 초안산실내배드민턴장 [카테고리] 관광지
서울특별시,돈암동아리랑고개,서울 성북구,관광지,27,202502,127.014285151338000,37.601458976141600,11,11290,성북구,자연관광,[지역] 서울특별시 [장소] 돈암동아리랑고개 [카테고리] 관광지
서울특별시,지밸리몰,서울 구로구 디지털로 3000,관광지,27,202502,126.896519152656800,37.484888400252586,11,11530,구로구,쇼핑,[지역] 서울특별시 [장소] 지밸리몰 [카테고리] 관광지
서울특별시,성수연방,서울 성동구 성수이로14길 140,관광지,27,202502,127.056944341644740,37.541522717066070,11,11200,성동구,문화관광,[지역] 서울특별시 [장소] 성수연방 [카테고리] 관광지
서울특별시,태릉실내빙상장,서울 노원구 화랑로 7270,관광지,27,202502,127.103110091220330,37.637594239879540,11,11350,노원구,레저스포츠,[지역] 서울특별시 [장소] 태릉실내빙상장 [카테고리] 관광지
서울특별시,천호공구거리,서울 강동구,관광지,27,202502,127.123414765747190,37.541494370228310,11,11740,강동구,쇼핑,[지역] 서울특별시 [장소] 천호공구거리 [카테고리] 관광지
서울특별시,CGV연남,서울 마포구 양화로 1860,관광지,27,202502,126.925765805830000,37.557907912669000,11,11440,마포구,문화관광,[지역] 서울특별시 [장소] CGV연남 [카테고리] 관광지
서울특별시,에스알호텔서울마곡,서울 강서구 강서로 4000,숙박,27,202502,126.839499178150450,37.561095198396345,11,11500,강서구,숙박,[지역] 서울특별시 [장소] 에스알호텔서울마곡 [카테고리] 숙박
서울특별시,국립어린이과학관,서울 종로구 창경궁로 2150,관광지,27,202502,126.996981353296330,37.581850026294600,11,11110,종로구,문화관광,[지역] 서울특별시 [장소] 국립어린이과학관 [카테고리] 관광지
서울특별시,청량리시장,서울 동대문구 홍릉로 130,관광지,27,202502,127.043088306971000,37.580572682794500,11,11230,동대문구,쇼핑,[지역] 서울특별시 [장소] 청량리시장 [카테고리] 관광지
서울특별시,호텔인카페독산사거리점,서울 금천구 가산로 350,숙박,27,202502,126.898907956850000,37.471167778424000,11,11545,금천구,숙박,[지역] 서울특별시 [장소] 호텔인카페독산사거리점 [카테고리] 숙박
서울특별시,자연사박물관,서울 서대문구 이화여대길 520,관광지,27,202502,126.948235969947970,37.560546634262856,11,11410,서대문구,문화관광,[지역] 서울특별시 [장소] 자연사박물관 [카테고리] 관광지
서울특별시,롯데백화점에비뉴엘본점,서울 중구 남대문로 730,관광지,27,202502,126.981621803596000,37.564213082571300,11,11140,중구,쇼핑,[지역] 서울특별시 [장소] 롯데백화점에비뉴엘본점 [카테고리] 관광지
서울특별시,주렁주렁영등포타임스퀘어점,서울 영등포구 영중로 150,관광지,27,202502,126.903101583440720,37.516968064760050,11,11560,영등포구,문화관광,[지역] 서울특별시 [장소] 주렁주렁영등포타임스퀘어점 [카테고리] 관광지
서울특별시,양천근린공원,서울 양천구 목동동로 지하 1110,관광지,27,202502,126.868326939656000,37.518078835941500,11,11470,양천구,문화관광,[지역] 서울특별시 [장소] 양천근린공원 [카테고리] 관광지
서울특별시,예스24라이브홀,서울 광진구 구천면로 200,관광지,27,202502,127.107971674208030,37.545771556745230,11,11215,광진구,문화관광,[지역] 서울특별시 [장소] 예스24라이브홀 [카테고리] 관광지
서울특별시,구룡사,서울 서초구 논현로5길 3111,관광지,27,202502,127.049172161951160,37.471140925112840,11,11650,서초구,역사관광,[지역] 서울특별시 [장소] 구룡사 [카테고리] 관광지
서울특별시,코자자모텔,서울 동작구 사당로30길 50,숙박,27,202502,126.981233721521250,37.484722270358816,11,11590,동작구,숙박,[지역] 서울특별시 [장소] 코자자모텔 [카테고리] 숙박
서울특별시,호텔스타상봉점,서울 중랑구 망우로58길 80,숙박,28,202502,127.093750220704520,37.597959877512025,11,11260,중랑구,숙박,[지역] 서울특별시 [장소] 호텔스타상봉점 [카테고리] 숙박
서울특별시,호텔클래시,서울 강북구 도봉로82길 130,숙박,28,202502,127.024533885759000,37.635816175032000,11,11305,강북구,숙박,[지역] 서울특별시 [장소] 호텔클래시 [카테고리] 숙박
서울특별시,효창공원,서울 용산구 효창원로 17718,관광지,28,202502,126.960123929467100,37.545520667564100,11,11170,용산구,문화관광,[지역] 서울특별시 [장소] 효창공원 [카테고리] 관광지
서울특별시,티트리호텔,서울 관악구 승방2길 90,숙박,28,202502,126.980966463378080,37.474283703174950,11,11620,관악구,숙박,[지역] 서울특별시 [장소] 티트리호텔 [카테고리] 숙박
서울특별시,동서울호텔,서울 광진구 구의강변로 380,숙박,28,202502,127.091917683443000,37.534189461625000,11,11215,광진구,숙박,[지역] 서울특별시 [장소] 동서울호텔 [카테고리] 숙박
서울특별시,롯데호텔L7명동,서울 중구 퇴계로 1370,숙박,28,202502,126.987010232520000,37.561407884769900,11,11140,중구,숙박,[지역] 서울특별시 [장소] 롯데호텔L7명동 [카테고리] 숙박
서울특별시,구강사,서울 강동구 천중로 640,관광지,28,202502,127.128830909276000,37.544910676069900,11,11740,강동구,역사관광,[지역] 서울특별시 [장소] 구강사 [카테고리] 관광지
서울특별시,한신쇼핑,서울 도봉구 도봉로180나길 410,관광지,28,202502,127.049947772753000,37.684171846792500,11,11320,도봉구,쇼핑,[지역] 서울특별시 [장소] 한신쇼핑 [카테고리] 관광지
서울특별시,안녕인사동,서울 종로구 인사동길 490,관광지,28,202502,126.983482645378000,37.574573006800200,11,11110,종로구,쇼핑,[지역] 서울특별시 [장소] 안녕인사동 [카테고리] 관광지
서울특별시,금나래아트홀,서울 금천구 시흥대로73길 700,관광지,28,202502,126.895963917647010,37.456586112349044,11,11545,금천구,문화관광,[지역] 서울특별시 [장소] 금나래아트홀 [카테고리] 관광지
서울특별시,KBS아레나,서울 강서구 공항대로 3760,관광지,28,202502,126.848106176349200,37.556796456507314,11,11500,강서구,문화관광,[지역] 서울특별시 [장소] KBS아레나 [카테고리] 관광지
서울특별시,여의도컴포트인,서울 영등포구 국회대로72길 70,숙박,28,202502,126.920509990357120,37.530366918789200,11,11560,영등포구,숙박,[지역] 서울특별시 [장소] 여의도컴포트인 [카테고리] 숙박
서울특별시,컬리넌호텔왕십리,서울 성동구 무학로2길 470,숙박,28,202502,127.034811453849000,37.562630261939000,11,11200,성동구,숙박,[지역] 서울특별시 [장소] 컬리넌호텔왕십리 [카테고리] 숙박
서울특별시,더케이호텔서울,서울 서초구 바우뫼로12길 700,숙박,28,202502,127.032673699714000,37.466196949734900,11,11650,서초구,숙박,[지역] 서울특별시 [장소] 더케이호텔서울 [카테고리] 숙박
서울특별시,청량종합도매시장,서울 동대문구 경동시장로 31,관광지,28,202502,127.040421868864000,37.581850296179800,11,11230,동대문구,쇼핑,[지역] 서울특별시 [장소] 청량종합도매시장 [카테고리] 관광지
서울특별시,서울형키즈카페시립목동점,서울 양천구 안양천로 11310,관광지,28,202502,126.883653012050520,37.542151304290080,11,11470,양천구,문화관광,[지역] 서울특별시 [장소] 서울형키즈카페시립목동점 [카테고리] 관광지
서울특별시,호국지장사,서울 동작구 현충로 2100,관광지,28,202502,126.964735076896330,37.498720551266570,11,11590,동작구,역사관광,[지역] 서울특별시 [장소] 호국지장사 [카테고리] 관광지
서울특별시,태릉,서울 노원구 화랑로 6810,관광지,28,202502,127.096921858202680,37.634180432086290,11,11350,노원구,역사관광,[지역] 서울특별시 [장소] 태릉 [카테고리] 관광지
서울특별시,CGV홍대,서울 마포구 양화로 1530,관광지,28,202502,126.922654989814630,37.556491390804275,11,11440,마포구,문화관광,[지역] 서울특별시 [장소] CGV홍대 [카테고리] 관광지
서울특별시,키자니아서울점,서울 송파구 올림픽로 2400,관광지,28,202502,127.096932996436120,37.510926550273570,11,11710,송파구,문화관광,[지역] 서울특별시 [장소] 키자니아서울점 [카테고리] 관광지
서울특별시,한강골드호텔,서울 구로구 경인로20가길 190,숙박,28,202502,126.844876614909000,37.495815777458500,11,11530,구로구,숙박,[지역] 서울특별시 [장소] 한강골드호텔 [카테고리] 숙박
서울특별시,메가박스코엑스,서울 강남구 봉은사로 5240,관광지,28,202502,127.059893022809200,37.511386341812674,11,11680,강남구,문화관광,[지역] 서울특별시 [장소] 메가박스코엑스 [카테고리] 관광지
서울특별시,북한산국립공원북한산성탐방지원센터,서울 은평구 대서문길 450,관광지,28,202502,126.949651587136000,37.655091255775800,11,11380,은평구,기타관광,[지역] 서울특별시 [장소] 북한산국립공원북한산성탐방지원센터 [카테고리] 관광지
서울특별시,성북구창작연극지원센터,서울 성북구 동소문로3길 110,관광지,28,202502,127.006091568549000,37.589182567829600,11,11290,성북구,문화관광,[지역] 서울특별시 [장소] 성북구창작연극지원센터 [카테고리] 관광지
서울특별시,힙호텔,서울 서대문구 연세로2길 820,숙박,28,202502,126.941320178128760,37.556875205687250,11,11410,서대문구,숙박,[지역] 서울특별시 [장소] 힙호텔 [카테고리] 숙박
서울특별시,인서울27골프클럽,서울 강서구,관광지,29,202502,126.795850165530340,37.546715160848320,11,11500,강서구,레저스포츠,[지역] 서울특별시 [장소] 인서울27골프클럽 [카테고리] 관광지
서울특별시,RG호텔,서울 성북구 고려대로7길 880,숙박,29,202502,127.018616457952930,37.589247998442150,11,11290,성북구,숙박,[지역] 서울특별시 [장소] RG호텔 [카테고리] 숙박
서울특별시,난지천공원,서울 마포구,관광지,29,202502,126.886102588424780,37.572350443468100,11,11440,마포구,문화관광,[지역] 서울특별시 [장소] 난지천공원 [카테고리] 관광지
서울특별시,포레스타호텔,서울 성동구 무학로2길 510,숙박,29,202502,127.035311410555000,37.562435843087000,11,11200,성동구,숙박,[지역] 서울특별시 [장소] 포레스타호텔 [카테고리] 숙박
서울특별시,플레이랩서울양천점,서울 양천구 신월로 1640,관광지,29,202502,126.842019642015830,37.517754512374470,11,11470,양천구,문화관광,[지역] 서울특별시 [장소] 플레이랩서울양천점 [카테고리] 관광지
서울특별시,반포종합운동장,서울 서초구 신반포로16길 300,관광지,29,202502,126.994204618233700,37.500581628450800,11,11650,서초구,문화관광,[지역] 서울특별시 [장소] 반포종합운동장 [카테고리] 관광지
서울특별시,인왕시장,서울 서대문구,관광지,29,202502,126.943097252236000,37.590793103160600,11,11410,서대문구,쇼핑,[지역] 서울특별시 [장소] 인왕시장 [카테고리] 관광지
서울특별시,빛의시어터,서울 광진구 워커힐로 1770,관광지,29,202502,127.110360251108720,37.555492670231570,11,11215,광진구,문화관광,[지역] 서울특별시 [장소] 빛의시어터 [카테고리] 관광지
서울특별시,통인시장,서울 종로구 자하문로15길 180,관광지,29,202502,126.970039357133970,37.580711102521820,11,11110,종로구,쇼핑,[지역] 서울특별시 [장소] 통인시장 [카테고리] 관광지
서울특별시,신내차량기지야구장,서울 중랑구 용마산로136길 330,관광지,29,202502,127.112100160439640,37.610361063060864,11,11260,중랑구,문화관광,[지역] 서울특별시 [장소] 신내차량기지야구장 [카테고리] 관광지
서울특별시,호텔시크,서울 은평구 응암로11길 122,숙박,29,202502,126.915544209297000,37.588820939824000,11,11380,은평구,숙박,[지역] 서울특별시 [장소] 호텔시크 [카테고리] 숙박
서울특별시,동작구노량진축구장,서울 동작구 노들로 6880,관광지,29,202502,126.941182626250110,37.515214028187810,11,11590,동작구,문화관광,[지역] 서울특별시 [장소] 동작구노량진축구장 [카테고리] 관광지
서울특별시,그랜드머큐어앰배서더용산,서울 용산구 청파로20길 950,숙박,29,202502,126.960985092245000,37.532161106672000,11,11170,용산구,숙박,[지역] 서울특별시 [장소] 그랜드머큐어앰배서더용산 [카테고리] 숙박
서울특별시,넘버25호텔수유점,서울 강북구 도봉로78길 70,숙박,29,202502,127.023978400479000,37.633788628472000,11,11305,강북구,숙박,[지역] 서울특별시 [장소] 넘버25호텔수유점 [카테고리] 숙박
서울특별시,삼부프라자,서울 노원구 한글비석로 2420,관광지,29,202502,127.076973451145000,37.649259391964700,11,11350,노원구,쇼핑,[지역] 서울특별시 [장소] 삼부프라자 [카테고리] 관광지
서울특별시,더클라임신림점,서울 관악구 신원로 350,관광지,29,202502,126.929048259849990,37.482252642633940,11,11620,관악구,레저스포츠,[지역] 서울특별시 [장소] 더클라임신림점 [카테고리] 관광지
서울특별시,토요코인서울영등포점,서울 영등포구 신길로 2930,숙박,29,202502,126.911961886749000,37.517662482940000,11,11560,영등포구,숙박,[지역] 서울특별시 [장소] 토요코인서울영등포점 [카테고리] 숙박
서울특별시,호텔라하,서울 동대문구 이문로 1741,숙박,29,202502,127.062322942679090,37.602124802852430,11,11230,동대문구,숙박,[지역] 서울특별시 [장소] 호텔라하 [카테고리] 숙박
서울특별시,하모니호텔,서울 강동구 천중로40길 630,숙박,29,202502,127.138107915379000,37.538217063551000,11,11740,강동구,숙박,[지역] 서울특별시 [장소] 하모니호텔 [카테고리] 숙박
서울특별시,포포인츠바이쉐라톤조선서울명동,서울 중구 삼일대로10길 360,숙박,29,202502,126.989409190590040,37.565574514562810,11,11140,중구,숙박,[지역] 서울특별시 [장소] 포포인츠바이쉐라톤조선서울명동 [카테고리] 숙박
서울특별시,트리플8호텔,서울 금천구 시흥대로56길 150,숙박,29,202502,126.902491143096000,37.452669937792000,11,11545,금천구,숙박,[지역] 서울특별시 [장소] 트리플8호텔 [카테고리] 숙박
서울특별시,쌍문근린공원,서울 도봉구,관광지,29,202502,127.028866653807000,37.653341951089000,11,11320,도봉구,문화관광,[지역] 서울특별시 [장소] 쌍문근린공원 [카테고리] 관광지
서울특별시,세븐럭코엑스센터점,서울 강남구 테헤란로87길 580,관광지,29,202502,127.057757727726000,37.512014464649500,11,11680,강남구,문화관광,[지역] 서울특별시 [장소] 세븐럭코엑스센터점 [카테고리] 관광지
서울특별시,캘리클럽아이파크몰고척점,서울 구로구 경인로43길 490,관광지,29,202502,126.858966856872000,37.499025427008000,11,11530,구로구,문화관광,[지역] 서울특별시 [장소] 캘리클럽아이파크몰고척점 [카테고리] 관광지
서울특별시,래미안갤러리,서울 송파구 충민로 170,관광지,29,202502,127.120082347405000,37.479279315111000,11,11710,송파구,문화관광,[지역] 서울특별시 [장소] 래미안갤러리 [카테고리] 관광지
서울특별시,정릉시장,서울 성북구 보국문로11길 182,관광지,3,202502,127.009146656161000,37.608708105382200,11,11290,성북구,쇼핑,[지역] 서울특별시 [장소] 정릉시장 [카테고리] 관광지
서울특별시,남산서울타워,서울 용산구 남산공원길 1050,관광지,3,202502,126.988232443021000,37.551270175904300,11,11170,용산구,문화관광,[지역] 서울특별시 [장소] 남산서울타워 [카테고리] 관광지
서울특별시,진관사,서울 은평구 진관길 730,관광지,3,202502,126.946624248939760,37.638176529040520,11,11380,은평구,역사관광,[지역] 서울특별시 [장소] 진관사 [카테고리] 관광지
서울특별시,한가람미술관,서울 서초구 남부순환로 24060,관광지,3,202502,127.014258557897760,37.480417415494124,11,11650,서초구,문화관광,[지역] 서울특별시 [장소] 한가람미술관 [카테고리] 관광지
서울특별시,419기념탑,서울 강북구 419로8길 170,관광지,3,202502,127.007007569568690,37.648481266268945,11,11305,강북구,역사관광,[지역] 서울특별시 [장소] 419기념탑 [카테고리] 관광지
서울특별시,신세계백화점본점신관,서울 중구 퇴계로 770,관광지,3,202502,126.980858194626000,37.560341340960600,11,11140,중구,쇼핑,[지역] 서울특별시 [장소] 신세계백화점본점신관 [카테고리] 관광지
서울특별시,코엑스,서울 강남구 영동대로 5130,관광지,3,202502,127.059115309030000,37.512025152044600,11,11680,강남구,문화관광,[지역] 서울특별시 [장소] 코엑스 [카테고리] 관광지
서울특별시,서울가든호텔,서울 마포구 마포대로 580,숙박,3,202502,126.948347263722000,37.540660046203000,11,11440,마포구,숙박,[지역] 서울특별시 [장소] 서울가든호텔 [카테고리] 숙박
서울특별시,건영백화점,서울 노원구 섬밭로 2580,관광지,3,202502,127.064835765740000,37.638677207183500,11,11350,노원구,쇼핑,[지역] 서울특별시 [장소] 건영백화점 [카테고리] 관광지
서울특별시,가락동농수산물도매시장,서울 송파구 양재대로 9320,관광지,3,202502,127.112749534998000,37.493610947256700,11,11710,송파구,쇼핑,[지역] 서울특별시 [장소] 가락동농수산물도매시장 [카테고리] 관광지
서울특별시,롯데백화점건대스타시티점,서울 광진구 능동로 920,관광지,3,202502,127.071329523922000,37.539094251615700,11,11215,광진구,쇼핑,[지역] 서울특별시 [장소] 롯데백화점건대스타시티점 [카테고리] 관광지
서울특별시,마리오아울렛1관,서울 금천구 디지털로 1850,관광지,3,202502,126.887381154972000,37.478055801229000,11,11545,금천구,쇼핑,[지역] 서울특별시 [장소] 마리오아울렛1관 [카테고리] 관광지
서울특별시,관악프라자,서울 관악구 관악로 2120,관광지,3,202502,126.955124979965000,37.483611127543500,11,11620,관악구,쇼핑,[지역] 서울특별시 [장소] 관악프라자 [카테고리] 관광지
서울특별시,서대문자연사박물관,서울 서대문구 연희로32길 510,관광지,3,202502,126.937847863718560,37.576739141524556,11,11410,서대문구,문화관광,[지역] 서울특별시 [장소] 서대문자연사박물관 [카테고리] 관광지
서울특별시,광장시장,서울 종로구 창경궁로 880,관광지,3,202502,126.999286815743000,37.570045850495400,11,11110,종로구,쇼핑,[지역] 서울특별시 [장소] 광장시장 [카테고리] 관광지
서울특별시,목동실내아이스링크,서울 양천구 안양천로 9390,관광지,3,202502,126.879270273350730,37.530716329679834,11,11470,양천구,레저스포츠,[지역] 서울특별시 [장소] 목동실내아이스링크 [카테고리] 관광지
서울특별시,청량리청과물시장,서울 동대문구 왕산로 1670,관광지,3,202502,127.041671779327000,37.579461691358400,11,11230,동대문구,쇼핑,[지역] 서울특별시 [장소] 청량리청과물시장 [카테고리] 관광지
서울특별시,둘리뮤지엄,서울 도봉구 시루봉로1길 60,관광지,3,202502,127.027672326817550,37.652397608506230,11,11320,도봉구,문화관광,[지역] 서울특별시 [장소] 둘리뮤지엄 [카테고리] 관광지
서울특별시,금남시장,서울 성동구 독서당로 3037,관광지,3,202502,127.022562698600650,37.548604030034180,11,11200,성동구,쇼핑,[지역] 서울특별시 [장소] 금남시장 [카테고리] 관광지
서울특별시,암사종합시장,서울 강동구 상암로11길 250,관광지,3,202502,127.128971300000000,37.550822300000000,11,11740,강동구,쇼핑,[지역] 서울특별시 [장소] 암사종합시장 [카테고리] 관광지
서울특별시,신라스테이구로,서울 동작구 시흥대로 5960,숙박,3,202502,126.904286858768000,37.485642335348500,11,11590,동작구,숙박,[지역] 서울특별시 [장소] 신라스테이구로 [카테고리] 숙박
서울특별시,롯데몰김포공항점,서울 강서구 하늘길 380,관광지,3,202502,126.803137960393000,37.563489854209000,11,11500,강서구,쇼핑,[지역] 서울특별시 [장소] 롯데몰김포공항점 [카테고리] 관광지
서울특별시,용마폭포공원,서울 중랑구 용마산로 25012,관광지,3,202502,127.090232414035970,37.573639213528010,11,11260,중랑구,문화관광,[지역] 서울특별시 [장소] 용마폭포공원 [카테고리] 관광지
서울특별시,IFC몰,서울 영등포구 국제금융로 100,관광지,3,202502,126.925565844299850,37.525733942601020,11,11560,영등포구,쇼핑,[지역] 서울특별시 [장소] IFC몰 [카테고리] 관광지
서울특별시,아이파크몰고척점,서울 구로구 경인로43길 490,관광지,3,202502,126.859195176504390,37.498510811254250,11,11530,구로구,쇼핑,[지역] 서울특별시 [장소] 아이파크몰고척점 [카테고리] 관광지
서울특별시,서울함공원,서울 마포구 마포나루길 4070,관광지,30,202502,126.897712831202110,37.553436036152824,11,11440,마포구,문화관광,[지역] 서울특별시 [장소] 서울함공원 [카테고리] 관광지
서울특별시,AC호텔바이메리어트서울강남,서울 강남구 테헤란로25길 100,숙박,30,202502,127.035471422471180,37.501219228077830,11,11680,강남구,숙박,[지역] 서울특별시 [장소] AC호텔바이메리어트서울강남 [카테고리] 숙박
서울특별시,한생연3H키움과학관,서울 서대문구 통일로 5300,관광지,30,202502,126.940651510560600,37.595186149627980,11,11410,서대문구,문화관광,[지역] 서울특별시 [장소] 한생연3H키움과학관 [카테고리] 관광지
서울특별시,영산아트홀,서울 영등포구 여의공원로 1010,관광지,30,202502,126.924849499349990,37.529189006551400,11,11560,영등포구,문화관광,[지역] 서울특별시 [장소] 영산아트홀 [카테고리] 관광지
서울특별시,모텔봄남구로점,서울 구로구 구로동로25길 260,숙박,30,202502,126.882492586981400,37.490720974167360,11,11530,구로구,숙박,[지역] 서울특별시 [장소] 모텔봄남구로점 [카테고리] 숙박
서울특별시,용양봉저정공원,서울 동작구 노량진로32길 147,관광지,30,202502,126.958252083033640,37.511761912162800,11,11590,동작구,문화관광,[지역] 서울특별시 [장소] 용양봉저정공원 [카테고리] 관광지
서울특별시,등나무근린공원,서울 노원구 동일로204길 130,관광지,30,202502,127.067113319233000,37.640510342648000,11,11350,노원구,문화관광,[지역] 서울특별시 [장소] 등나무근린공원 [카테고리] 관광지
서울특별시,서울물재생체험관,서울 강서구 양천로 2010,관광지,30,202502,126.820879456299050,37.577663767541154,11,11500,강서구,문화관광,[지역] 서울특별시 [장소] 서울물재생체험관 [카테고리] 관광지
서울특별시,클럽롤러힐,서울 동대문구 답십리로 2090,관광지,30,202502,127.063780952062000,37.573295875717200,11,11230,동대문구,레저스포츠,[지역] 서울특별시 [장소] 클럽롤러힐 [카테고리] 관광지
서울특별시,챔피언탁구클럽,서울 도봉구 우이천로32길 380,관광지,30,202502,127.025228134924000,37.649231293127100,11,11320,도봉구,레저스포츠,[지역] 서울특별시 [장소] 챔피언탁구클럽 [카테고리] 관광지
서울특별시,에이치호텔,서울 금천구 디지털로11길 180,숙박,30,202502,126.888518799893520,37.479431013380080,11,11545,금천구,숙박,[지역] 서울특별시 [장소] 에이치호텔 [카테고리] 숙박
서울특별시,서울성북미디어문화마루,서울 성북구 길음로7길 200,관광지,30,202502,127.022312179993000,37.603792089463900,11,11290,성북구,문화관광,[지역] 서울특별시 [장소] 서울성북미디어문화마루 [카테고리] 관광지
서울특별시,한강쇼핑센터,서울 용산구 이촌로 2240,관광지,30,202502,126.971845337070000,37.520245884441200,11,11170,용산구,쇼핑,[지역] 서울특별시 [장소] 한강쇼핑센터 [카테고리] 관광지
서울특별시,봉봉키즈강북점,서울 강북구 삼양로27길 800,관광지,30,202502,127.016534769494000,37.619595780279000,11,11305,강북구,문화관광,[지역] 서울특별시 [장소] 봉봉키즈강북점 [카테고리] 관광지
서울특별시,수도박물관,서울 성동구 왕십리로 270,관광지,30,202502,127.042810967652000,37.538466438941800,11,11200,성동구,문화관광,[지역] 서울특별시 [장소] 수도박물관 [카테고리] 관광지
서울특별시,매헌윤봉길의사기념관,서울 서초구 매헌로 990,관광지,30,202502,127.036534429015000,37.469613245629000,11,11650,서초구,문화관광,[지역] 서울특별시 [장소] 매헌윤봉길의사기념관 [카테고리] 관광지
서울특별시,목동야구장,서울 양천구 안양천로 9390,관광지,30,202502,126.880909012686730,37.530855212472470,11,11470,양천구,문화관광,[지역] 서울특별시 [장소] 목동야구장 [카테고리] 관광지
서울특별시,브릭스호텔,서울 은평구 은평로8길 10,숙박,30,202502,126.921182480439000,37.599903025175000,11,11380,은평구,숙박,[지역] 서울특별시 [장소] 브릭스호텔 [카테고리] 숙박
서울특별시,아차산배수지체육공원,서울 광진구 천호대로 7310,관광지,30,202502,127.096778211263340,37.548798914451720,11,11215,광진구,문화관광,[지역] 서울특별시 [장소] 아차산배수지체육공원 [카테고리] 관광지
서울특별시,가락관광호텔,서울 송파구 송파대로28길 50,숙박,30,202502,127.118744271997340,37.493849504064800,11,11710,송파구,숙박,[지역] 서울특별시 [장소] 가락관광호텔 [카테고리] 숙박
서울특별시,길동자연생태공원,서울 강동구 천호대로 12910,관광지,30,202502,127.154649960480810,37.539989727730970,11,11740,강동구,문화관광,[지역] 서울특별시 [장소] 길동자연생태공원 [카테고리] 관광지
서울특별시,나인트리프리미어호텔명동2,서울 중구 마른내로 280,숙박,30,202502,126.990815415785000,37.564296463080000,11,11140,중구,숙박,[지역] 서울특별시 [장소] 나인트리프리미어호텔명동2 [카테고리] 숙박
서울특별시,신신림시장,서울 관악구 원신2길 340,관광지,30,202502,126.932154955699000,37.470862460474200,11,11620,관악구,쇼핑,[지역] 서울특별시 [장소] 신신림시장 [카테고리] 관광지
서울특별시,서울미술관,서울 종로구 자하문로 2310,관광지,30,202502,126.963234280540150,37.594737215363956,11,11110,종로구,문화관광,[지역] 서울특별시 [장소] 서울미술관 [카테고리] 관광지
서울특별시,호텔샐몬,서울 중랑구 망우로 2300,숙박,30,202502,127.078251660152000,37.594126890315100,11,11260,중랑구,숙박,[지역] 서울특별시 [장소] 호텔샐몬 [카테고리] 숙박
서울특별시,극락정사,서울 동작구 매봉로 790,관광지,31,202502,126.951236204300000,37.508302694179700,11,11590,동작구,역사관광,[지역] 서울특별시 [장소] 극락정사 [카테고리] 관광지
서울특별시,한성백제박물관,서울 송파구 위례성대로 710,관광지,31,202502,127.121054124906080,37.515497359617115,11,11710,송파구,문화관광,[지역] 서울특별시 [장소] 한성백제박물관 [카테고리] 관광지
서울특별시,신트리공원,서울 양천구 목동동로 30,관광지,31,202502,126.856494709851000,37.514579168952300,11,11470,양천구,문화관광,[지역] 서울특별시 [장소] 신트리공원 [카테고리] 관광지
서울특별시,골든서울호텔,서울 강서구 공항대로 6630,숙박,31,202502,126.878112299872000,37.547897691769300,11,11500,강서구,숙박,[지역] 서울특별시 [장소] 골든서울호텔 [카테고리] 숙박
서울특별시,관문사,서울 서초구 바우뫼로7길 1110,관광지,31,202502,127.021896823032000,37.473612693221000,11,11650,서초구,역사관광,[지역] 서울특별시 [장소] 관문사 [카테고리] 관광지
서울특별시,초안산인조잔디축구장,서울 노원구 마들로5가길 1130,관광지,31,202502,127.050887900000000,37.638580700000000,11,11350,노원구,문화관광,[지역] 서울특별시 [장소] 초안산인조잔디축구장 [카테고리] 관광지
서울특별시,아리랑시네센터,서울 성북구 아리랑로 820,관광지,31,202502,127.013924084620750,37.600264667639550,11,11290,성북구,문화관광,[지역] 서울특별시 [장소] 아리랑시네센터 [카테고리] 관광지
서울특별시,고척근린시장,서울 구로구 경인로33길 1030,관광지,31,202502,126.850023189918000,37.502302771709400,11,11530,구로구,쇼핑,[지역] 서울특별시 [장소] 고척근린시장 [카테고리] 관광지
서울특별시,호텔아트리움종로,서울 종로구 창경궁로 1060,숙박,31,202502,126.998175787197000,37.571878964911500,11,11110,종로구,숙박,[지역] 서울특별시 [장소] 호텔아트리움종로 [카테고리] 숙박
서울특별시,호텔케이월드,서울 광진구 동일로 900,숙박,31,202502,127.063399277601260,37.540581051564870,11,11215,광진구,숙박,[지역] 서울특별시 [장소] 호텔케이월드 [카테고리] 숙박
서울특별시,롯데시네마홍대입구,서울 마포구 양화로 1760,관광지,31,202502,126.925099205371400,37.557296868158650,11,11440,마포구,문화관광,[지역] 서울특별시 [장소] 롯데시네마홍대입구 [카테고리] 관광지
서울특별시,렛츠런CCC강동지점,서울 강동구 구천면로 2000,관광지,31,202502,127.126553387877000,37.539800141305200,11,11740,강동구,레저스포츠,[지역] 서울특별시 [장소] 렛츠런CCC강동지점 [카테고리] 관광지
서울특별시,하이서울유스호스텔,서울 영등포구 영신로 2000,숙박,31,202502,126.903101500455490,37.525605954749300,11,11560,영등포구,숙박,[지역] 서울특별시 [장소] 하이서울유스호스텔 [카테고리] 숙박
서울특별시,동부공원여가센터,서울 성동구 뚝섬로 2730,관광지,31,202502,127.041811012846000,37.543077010810000,11,11200,성동구,문화관광,[지역] 서울특별시 [장소] 동부공원여가센터 [카테고리] 관광지
서울특별시,삼모아트센터,서울 관악구 신원로 350,관광지,31,202502,126.929099566082000,37.482333338391200,11,11620,관악구,문화관광,[지역] 서울특별시 [장소] 삼모아트센터 [카테고리] 관광지
서울특별시,솔라고호텔,서울 중구 충무로2길 90,숙박,31,202502,126.994037361543000,37.562768881914200,11,11140,중구,숙박,[지역] 서울특별시 [장소] 솔라고호텔 [카테고리] 숙박
서울특별시,임피리얼팰리스부티크호텔,서울 용산구 이태원로 2210,숙박,31,202502,126.998231694035000,37.535355411295000,11,11170,용산구,숙박,[지역] 서울특별시 [장소] 임피리얼팰리스부티크호텔 [카테고리] 숙박
서울특별시,글래드강남코엑스센터,서울 강남구 테헤란로 6100,숙박,31,202502,127.064559292996000,37.508831110551000,11,11680,강남구,숙박,[지역] 서울특별시 [장소] 글래드강남코엑스센터 [카테고리] 숙박
서울특별시,벨라지오관광호텔,서울 은평구 진흥로 2050,숙박,31,202502,126.932019322710400,37.609500841111410,11,11380,은평구,숙박,[지역] 서울특별시 [장소] 벨라지오관광호텔 [카테고리] 숙박
서울특별시,샘말어린이공원,서울 도봉구,관광지,31,202502,127.031560704542000,37.668479104235500,11,11320,도봉구,문화관광,[지역] 서울특별시 [장소] 샘말어린이공원 [카테고리] 관광지
서울특별시,장안제일시장,서울 중랑구 동일로96길 200,관광지,31,202502,127.081001505738090,37.584600231632116,11,11260,중랑구,쇼핑,[지역] 서울특별시 [장소] 장안제일시장 [카테고리] 관광지
서울특별시,북한산국제클라이밍센터,서울 강북구 삼양로173길 800,관광지,31,202502,127.007951792105000,37.662313004009600,11,11305,강북구,레저스포츠,[지역] 서울특별시 [장소] 북한산국제클라이밍센터 [카테고리] 관광지
서울특별시,청량리농수산물시장,서울 동대문구,관광지,31,202502,127.040449654236000,37.580822637441300,11,11230,동대문구,쇼핑,[지역] 서울특별시 [장소] 청량리농수산물시장 [카테고리] 관광지
서울특별시,말뫼고개,서울 금천구,관광지,31,202502,126.897463710830170,37.464057480278830,11,11545,금천구,자연관광,[지역] 서울특별시 [장소] 말뫼고개 [카테고리] 관광지
서울특별시,청해초,서울 서대문구 모래내로 2410,관광지,31,202502,126.925404556712930,37.575544758847530,11,11410,서대문구,문화관광,[지역] 서울특별시 [장소] 청해초 [카테고리] 관광지
서울특별시,수유프라자,서울 강북구 도봉로 2610,관광지,32,202502,127.023478466268270,37.631705533127040,11,11305,강북구,쇼핑,[지역] 서울특별시 [장소] 수유프라자 [카테고리] 관광지
서울특별시,호텔라싸,서울 서대문구 연세로2가길 30,숙박,32,202502,126.937375883947000,37.556130411728100,11,11410,서대문구,숙박,[지역] 서울특별시 [장소] 호텔라싸 [카테고리] 숙박
서울특별시,SETEC,서울 강남구 남부순환로 31040,관광지,32,202502,127.071808766382130,37.495749333847606,11,11680,강남구,문화관광,[지역] 서울특별시 [장소] SETEC [카테고리] 관광지
서울특별시,불암산,서울 노원구,관광지,32,202502,127.095573400000000,37.663908700000000,11,11350,노원구,자연관광,[지역] 서울특별시 [장소] 불암산 [카테고리] 관광지
서울특별시,세븐럭서울드래곤시티점,서울 용산구 청파로20길 950,관광지,32,202502,126.962432090742000,37.531894128213500,11,11170,용산구,문화관광,[지역] 서울특별시 [장소] 세븐럭서울드래곤시티점 [카테고리] 관광지
서울특별시,암사어린이극장,서울 강동구 올림픽로 9300,관광지,32,202502,127.133358093917000,37.563464115491700,11,11740,강동구,문화관광,[지역] 서울특별시 [장소] 암사어린이극장 [카테고리] 관광지
서울특별시,도봉산,서울 도봉구 도봉산길 580,관광지,32,202502,127.015700712489850,37.700503073821864,11,11320,도봉구,자연관광,[지역] 서울특별시 [장소] 도봉산 [카테고리] 관광지
서울특별시,헬로방방목동점,서울 양천구 신월로 3870,관광지,32,202502,126.863966178860000,37.522689387358600,11,11470,양천구,문화관광,[지역] 서울특별시 [장소] 헬로방방목동점 [카테고리] 관광지
서울특별시,영등포공원,서울 영등포구 신길로 2750,관광지,32,202502,126.910823124318800,37.515218314170795,11,11560,영등포구,문화관광,[지역] 서울특별시 [장소] 영등포공원 [카테고리] 관광지
서울특별시,보라매시민안전체험관,서울 동작구 여의대방로20길 330,관광지,32,202502,126.917017224127560,37.492804276632500,11,11590,동작구,문화관광,[지역] 서울특별시 [장소] 보라매시민안전체험관 [카테고리] 관광지
서울특별시,강서한강공원,서울 강서구 양천로27길 27923,관광지,32,202502,126.816080997914850,37.588125969566890,11,11500,강서구,문화관광,[지역] 서울특별시 [장소] 강서한강공원 [카테고리] 관광지
서울특별시,살곶이체육공원축구장,서울 성동구,관광지,32,202502,127.049504652064000,37.554270208962700,11,11200,성동구,문화관광,[지역] 서울특별시 [장소] 살곶이체육공원축구장 [카테고리] 관광지
서울특별시,마리호텔,서울 금천구 디지털로11길 120,숙박,32,202502,126.888802291178930,37.479197861338010,11,11545,금천구,숙박,[지역] 서울특별시 [장소] 마리호텔 [카테고리] 숙박
서울특별시,소테츠호텔즈더스프라지르서울명동,서울 중구 남대문로5길 150,숙박,32,202502,126.978788747586950,37.562046648995110,11,11140,중구,숙박,[지역] 서울특별시 [장소] 소테츠호텔즈더스프라지르서울명동 [카테고리] 숙박
서울특별시,명화사,서울 구로구 가마산로20나길 110,관광지,32,202502,126.886547753925360,37.493026287822120,11,11530,구로구,역사관광,[지역] 서울특별시 [장소] 명화사 [카테고리] 관광지
서울특별시,문정동로데오거리,서울 송파구 동남로4길 100,관광지,32,202502,127.123776351462700,37.490139195021456,11,11710,송파구,쇼핑,[지역] 서울특별시 [장소] 문정동로데오거리 [카테고리] 관광지
서울특별시,몽키즈클라이밍신내점,서울 중랑구 신내로17길 390,관광지,32,202502,127.093777825626000,37.615124558754000,11,11260,중랑구,레저스포츠,[지역] 서울특별시 [장소] 몽키즈클라이밍신내점 [카테고리] 관광지
서울특별시,3S호텔불광점,서울 은평구 통일로65길 60,숙박,32,202502,126.930202366452590,37.609173197300120,11,11380,은평구,숙박,[지역] 서울특별시 [장소] 3S호텔불광점 [카테고리] 숙박
서울특별시,티롤관광호텔,서울 서초구 나루터로 640,숙박,32,202502,127.017035747645000,37.515080093633000,11,11650,서초구,숙박,[지역] 서울특별시 [장소] 티롤관광호텔 [카테고리] 숙박
서울특별시,대학로,서울 종로구,관광지,32,202502,127.001869800557240,37.581794507461370,11,11110,종로구,문화관광,[지역] 서울특별시 [장소] 대학로 [카테고리] 관광지
서울특별시,인헌시장,서울 관악구 인헌6길 160,관광지,32,202502,126.965651893454000,37.474612231917200,11,11620,관악구,쇼핑,[지역] 서울특별시 [장소] 인헌시장 [카테고리] 관광지
서울특별시,한강수상법당,서울 광진구 강변북로 21600,관광지,32,202502,127.063726258353540,37.529814106030900,11,11215,광진구,역사관광,[지역] 서울특별시 [장소] 한강수상법당 [카테고리] 관광지
서울특별시,롯데시네마합정,서울 마포구 양화로 450,관광지,32,202502,126.913437207345680,37.551269714458470,11,11440,마포구,문화관광,[지역] 서울특별시 [장소] 롯데시네마합정 [카테고리] 관광지
서울특별시,SM부티크호텔,서울 동대문구 천호대로 2911,숙박,32,202502,127.053615269545000,37.566685465622000,11,11230,동대문구,숙박,[지역] 서울특별시 [장소] SM부티크호텔 [카테고리] 숙박
서울특별시,탑주심인당,서울 성북구 화랑로13길 170,관광지,32,202502,127.041393779473000,37.604569896188700,11,11290,성북구,역사관광,[지역] 서울특별시 [장소] 탑주심인당 [카테고리] 관광지
서울특별시,공릉쇼핑센터,서울 노원구 동일로180길 140,관광지,33,202502,127.075279429717230,37.622095858209380,11,11350,노원구,쇼핑,[지역] 서울특별시 [장소] 공릉쇼핑센터 [카테고리] 관광지
서울특별시,호텔더디자이너스서울역점,서울 용산구 한강대로 3050,숙박,33,202502,126.971595113880610,37.545576287308790,11,11170,용산구,숙박,[지역] 서울특별시 [장소] 호텔더디자이너스서울역점 [카테고리] 숙박
서울특별시,서울숲클라이밍구로점,서울 구로구 디지털로 3000,관광지,33,202502,126.896512172091380,37.485009714393385,11,11530,구로구,레저스포츠,[지역] 서울특별시 [장소] 서울숲클라이밍구로점 [카테고리] 관광지
서울특별시,새턴호텔,서울 성동구 자동차시장1길 290,숙박,33,202502,127.060836890851000,37.561408343107000,11,11200,성동구,숙박,[지역] 서울특별시 [장소] 새턴호텔 [카테고리] 숙박
서울특별시,파크하비오워터킹덤,서울 송파구 송파대로 1110,관광지,33,202502,127.124193075986000,37.480445872750600,11,11710,송파구,문화관광,[지역] 서울특별시 [장소] 파크하비오워터킹덤 [카테고리] 관광지
서울특별시,호텔스카이파크동대문1호점,서울 중구 동호로 3350,숙박,33,202502,127.002119950135000,37.564185434769000,11,11140,중구,숙박,[지역] 서울특별시 [장소] 호텔스카이파크동대문1호점 [카테고리] 숙박
서울특별시,리츠모텔,서울 중랑구 동일로 5670,숙박,33,202502,127.079223924646000,37.580961752409000,11,11260,중랑구,숙박,[지역] 서울특별시 [장소] 리츠모텔 [카테고리] 숙박
서울특별시,법종사,서울 도봉구 해등로 3540,관광지,33,202502,127.017173226279000,37.657563611483200,11,11320,도봉구,역사관광,[지역] 서울특별시 [장소] 법종사 [카테고리] 관광지
서울특별시,구로안양천물놀이장,서울 양천구,관광지,33,202502,126.873298828031720,37.505969155387130,11,11470,양천구,문화관광,[지역] 서울특별시 [장소] 구로안양천물놀이장 [카테고리] 관광지
서울특별시,송화벽화시장,서울 강서구 강서로45나길 160,관광지,33,202502,126.835635153863000,37.549352797783500,11,11500,강서구,쇼핑,[지역] 서울특별시 [장소] 송화벽화시장 [카테고리] 관광지
서울특별시,큐리키즈카페은평뉴타운점,서울 은평구 진관2로 190,관광지,33,202502,126.919571175650840,37.634843414761384,11,11380,은평구,문화관광,[지역] 서울특별시 [장소] 큐리키즈카페은평뉴타운점 [카테고리] 관광지
서울특별시,호텔더디자이너스홍대점,서울 마포구 양화로 860,숙박,33,202502,126.917599935794980,37.551908556656265,11,11440,마포구,숙박,[지역] 서울특별시 [장소] 호텔더디자이너스홍대점 [카테고리] 숙박
서울특별시,뚝섬한강공원눈썰매장,서울 광진구,관광지,33,202502,127.067697694572250,37.529606506847920,11,11215,광진구,레저스포츠,[지역] 서울특별시 [장소] 뚝섬한강공원눈썰매장 [카테고리] 관광지
서울특별시,CGV강남,서울 강남구 강남대로 4380,관광지,33,202502,127.026368368493170,37.501665035118340,11,11680,강남구,문화관광,[지역] 서울특별시 [장소] CGV강남 [카테고리] 관광지
서울특별시,CGV피카디리1958,서울 종로구 돈화문로5가길 10,관광지,33,202502,126.991204203365270,37.571073459375846,11,11110,종로구,문화관광,[지역] 서울특별시 [장소] CGV피카디리1958 [카테고리] 관광지
서울특별시,선유도공원,서울 영등포구 선유로 3430,관광지,33,202502,126.899615267219760,37.543733280146170,11,11560,영등포구,문화관광,[지역] 서울특별시 [장소] 선유도공원 [카테고리] 관광지
서울특별시,뜨랑블루호텔,서울 관악구 신림동7길 520,숙박,33,202502,126.926784205001470,37.484617940932010,11,11620,관악구,숙박,[지역] 서울특별시 [장소] 뜨랑블루호텔 [카테고리] 숙박
서울특별시,시립동대문청소년센터,서울 동대문구 제기로33길 250,관광지,33,202502,127.049976507327000,37.587238621383300,11,11230,동대문구,레저스포츠,[지역] 서울특별시 [장소] 시립동대문청소년센터 [카테고리] 관광지
서울특별시,onoff,서울 강북구 덕릉로24길 100,숙박,33,202502,127.021923027933000,37.634094135842700,11,11305,강북구,숙박,[지역] 서울특별시 [장소] onoff [카테고리] 숙박
서울특별시,넘버25호텔길동점,서울 강동구 천중로40길 700,숙박,33,202502,127.137607961641000,37.538105962134700,11,11740,강동구,숙박,[지역] 서울특별시 [장소] 넘버25호텔길동점 [카테고리] 숙박
서울특별시,북아현아트홀,서울 서대문구 북아현로 510,관광지,33,202502,126.955481359638380,37.561861611389050,11,11410,서대문구,문화관광,[지역] 서울특별시 [장소] 북아현아트홀 [카테고리] 관광지
서울특별시,장안사,서울 동작구 신대방2나길 212,관광지,33,202502,126.912489885386000,37.489693497526000,11,11590,동작구,역사관광,[지역] 서울특별시 [장소] 장안사 [카테고리] 관광지
서울특별시,카멜리아,서울 금천구 금하로 7050,관광지,33,202502,126.908351735116000,37.451586765184200,11,11545,금천구,쇼핑,[지역] 서울특별시 [장소] 카멜리아 [카테고리] 관광지
서울특별시,양곡도매시장,서울 서초구 양재대로12길 360,관광지,33,202502,127.036617860927220,37.458697840276470,11,11650,서초구,쇼핑,[지역] 서울특별시 [장소] 양곡도매시장 [카테고리] 관광지
서울특별시,꿈빛극장,서울 성북구 길음로7길 200,관광지,33,202502,127.022145528949000,37.603736539298300,11,11290,성북구,문화관광,[지역] 서울특별시 [장소] 꿈빛극장 [카테고리] 관광지
서울특별시,메가박스홍대,서울 마포구 양화로 1470,관광지,34,202502,126.922043938810160,37.555991444895320,11,11440,마포구,문화관광,[지역] 서울특별시 [장소] 메가박스홍대 [카테고리] 관광지
서울특별시,우성쇼핑센터,서울 동작구 여의대방로 220,관광지,34,202502,126.910934434189000,37.493470829181900,11,11590,동작구,쇼핑,[지역] 서울특별시 [장소] 우성쇼핑센터 [카테고리] 관광지
서울특별시,한문화체험관,서울 은평구 진관길 340,관광지,34,202502,126.942235314358510,37.640972497404730,11,11380,은평구,문화관광,[지역] 서울특별시 [장소] 한문화체험관 [카테고리] 관광지
서울특별시,테마,서울 서대문구 신촌로9길 40,숙박,34,202502,126.932131063280790,37.557119931238304,11,11410,서대문구,숙박,[지역] 서울특별시 [장소] 테마 [카테고리] 숙박
서울특별시,서울형키즈카페중곡3동점,서울 광진구 능동로 4000,관광지,34,202502,127.084445832027000,37.565046958784100,11,11215,광진구,문화관광,[지역] 서울특별시 [장소] 서울형키즈카페중곡3동점 [카테고리] 관광지
서울특별시,금천문화예술정보학교,서울 금천구 남부순환로128길 420,관광지,34,202502,126.906907159327000,37.478972480542600,11,11545,금천구,체험관광,[지역] 서울특별시 [장소] 금천문화예술정보학교 [카테고리] 관광지
서울특별시,월호텔,서울 강동구 성안로 1210,숙박,34,202502,127.133538602493160,37.534216781909080,11,11740,강동구,숙박,[지역] 서울특별시 [장소] 월호텔 [카테고리] 숙박
서울특별시,유리아호텔,서울 강북구 덕릉로26길 130,숙박,34,202502,127.022700736419000,37.633983042441900,11,11305,강북구,숙박,[지역] 서울특별시 [장소] 유리아호텔 [카테고리] 숙박
서울특별시,가든파이브웍스,서울 송파구 충민로 520,관광지,34,202502,127.122804337872340,37.477862829050366,11,11710,송파구,쇼핑,[지역] 서울특별시 [장소] 가든파이브웍스 [카테고리] 관광지
서울특별시,으뜸공원건축중2024년 예정,서울 관악구,관광지,34,202502,126.945292677958000,37.468751673457800,11,11620,관악구,문화관광,[지역] 서울특별시 [장소] 으뜸공원건축중2024년 예정 [카테고리] 관광지
서울특별시,인,서울 중랑구 동일로 9590,숙박,34,202502,127.075807220879000,37.615929908280000,11,11260,중랑구,숙박,[지역] 서울특별시 [장소] 인 [카테고리] 숙박
서울특별시,제이블리키즈카페,서울 양천구 신목로 340,관광지,34,202502,126.874020863843000,37.518634361813200,11,11470,양천구,문화관광,[지역] 서울특별시 [장소] 제이블리키즈카페 [카테고리] 관광지
서울특별시,당산공원,서울 영등포구 당산로27길 120,관광지,34,202502,126.895768830499000,37.525578135492000,11,11560,영등포구,문화관광,[지역] 서울특별시 [장소] 당산공원 [카테고리] 관광지
서울특별시,무지개쇼핑센터,서울 서초구 사임당로 1510,관광지,34,202502,127.025896280341000,37.492277228129800,11,11650,서초구,쇼핑,[지역] 서울특별시 [장소] 무지개쇼핑센터 [카테고리] 관광지
서울특별시,약수암,서울 성북구 정릉로 4515,관광지,34,202502,126.990703842149000,37.612624204317100,11,11290,성북구,역사관광,[지역] 서울특별시 [장소] 약수암 [카테고리] 관광지
서울특별시,더퍼스트스테이호텔,서울 강서구 마곡동로4길 230,숙박,34,202502,126.836273887021000,37.559601615705000,11,11500,강서구,숙박,[지역] 서울특별시 [장소] 더퍼스트스테이호텔 [카테고리] 숙박
서울특별시,중랑물재생센터축구장,서울 성동구 자동차시장3길 640,관광지,34,202502,127.061920173272000,37.556631124462600,11,11200,성동구,문화관광,[지역] 서울특별시 [장소] 중랑물재생센터축구장 [카테고리] 관광지
서울특별시,당고개실내배드민턴장,서울 노원구,관광지,34,202502,127.075778920769000,37.668757127410300,11,11350,노원구,레저스포츠,[지역] 서울특별시 [장소] 당고개실내배드민턴장 [카테고리] 관광지
서울특별시,용산아트홀,서울 용산구 녹사평대로 1500,관광지,34,202502,126.990176894169470,37.532522355792270,11,11170,용산구,문화관광,[지역] 서울특별시 [장소] 용산아트홀 [카테고리] 관광지
서울특별시,더프리마호텔종로점,서울 종로구 우정국로 460,숙박,34,202502,126.983316008146000,37.573100953836000,11,11110,종로구,숙박,[지역] 서울특별시 [장소] 더프리마호텔종로점 [카테고리] 숙박
서울특별시,다락원체육공원배드민턴장,서울 도봉구 창포원로 450,관광지,34,202502,127.047003517052000,37.692004254552700,11,11320,도봉구,레저스포츠,[지역] 서울특별시 [장소] 다락원체육공원배드민턴장 [카테고리] 관광지
서울특별시,호텔글램,서울 동대문구 이문로 140,숙박,34,202502,127.054948262416000,37.589016224581000,11,11230,동대문구,숙박,[지역] 서울특별시 [장소] 호텔글램 [카테고리] 숙박
서울특별시,원각사,서울 구로구 오리로21가길 1460,관광지,34,202502,126.822664550079000,37.502608126815500,11,11530,구로구,역사관광,[지역] 서울특별시 [장소] 원각사 [카테고리] 관광지
서울특별시,프레지던트호텔,서울 중구 을지로 160,숙박,34,202502,126.979501067763800,37.565550774898300,11,11140,중구,숙박,[지역] 서울특별시 [장소] 프레지던트호텔 [카테고리] 숙박
서울특별시,도산공원,서울 강남구 도산대로45길 200,관광지,34,202502,127.035339557345520,37.524495785321356,11,11680,강남구,문화관광,[지역] 서울특별시 [장소] 도산공원 [카테고리] 관광지
서울특별시,헬로애니멀,서울 도봉구 마들로 6500,관광지,35,202502,127.047059305974000,37.668007033789300,11,11320,도봉구,문화관광,[지역] 서울특별시 [장소] 헬로애니멀 [카테고리] 관광지
서울특별시,신응암시장,서울 은평구,관광지,35,202502,126.918849414037000,37.594153676270200,11,11380,은평구,쇼핑,[지역] 서울특별시 [장소] 신응암시장 [카테고리] 관광지
서울특별시,넘버25호텔독산사거리점,서울 금천구 가산로 320,숙박,35,202502,126.899435683755000,37.471501076442000,11,11545,금천구,숙박,[지역] 서울특별시 [장소] 넘버25호텔독산사거리점 [카테고리] 숙박
서울특별시,아리수나라,서울 광진구 능동로 2380,관광지,35,202502,127.077752127912000,37.551326281061300,11,11215,광진구,문화관광,[지역] 서울특별시 [장소] 아리수나라 [카테고리] 관광지
서울특별시,아모레퍼시픽미술관,서울 용산구 한강대로 1000,관광지,35,202502,126.968178918363000,37.528855977518800,11,11170,용산구,문화관광,[지역] 서울특별시 [장소] 아모레퍼시픽미술관 [카테고리] 관광지
서울특별시,제1월곡인조잔디구장,서울 성북구,관광지,35,202502,127.040778749908160,37.608637520760496,11,11290,성북구,문화관광,[지역] 서울특별시 [장소] 제1월곡인조잔디구장 [카테고리] 관광지
서울특별시,뽀로로파크롯데빅마켓영등포점,서울 영등포구 영중로 1250,관광지,35,202502,126.904687423550570,37.527834476394546,11,11560,영등포구,문화관광,[지역] 서울특별시 [장소] 뽀로로파크롯데빅마켓영등포점 [카테고리] 관광지
서울특별시,A366호텔,서울 동대문구 장한로26가길 460,숙박,35,202502,127.070891454302000,37.569851873967900,11,11230,동대문구,숙박,[지역] 서울특별시 [장소] A366호텔 [카테고리] 숙박
서울특별시,관악아트홀,서울 관악구 신림로3길 350,관광지,35,202502,126.944903832206000,37.467918434030900,11,11620,관악구,문화관광,[지역] 서울특별시 [장소] 관악아트홀 [카테고리] 관광지
서울특별시,안양천생태공원,서울 영등포구 영등포로2길 620,관광지,35,202502,126.881136900000000,37.518322500000000,11,11470,양천구,문화관광,[지역] 서울특별시 [장소] 안양천생태공원 [카테고리] 관광지
서울특별시,바고관광호텔,서울 강동구 천중로 270,숙박,35,202502,127.125075180706460,37.545735698837010,11,11740,강동구,숙박,[지역] 서울특별시 [장소] 바고관광호텔 [카테고리] 숙박
서울특별시,보코서울강남,서울 강남구 도산대로 1440,숙박,35,202502,127.024590594276000,37.517774273416000,11,11680,강남구,숙박,[지역] 서울특별시 [장소] 보코서울강남 [카테고리] 숙박
서울특별시,남부시장,서울 강서구 등촌로5길 624,관광지,35,202502,126.859744240788670,37.532910401724650,11,11500,강서구,쇼핑,[지역] 서울특별시 [장소] 남부시장 [카테고리] 관광지
서울특별시,호텔PJ,서울 중구 마른내로 710,숙박,35,202502,126.995703857171000,37.564851984622600,11,11140,중구,숙박,[지역] 서울특별시 [장소] 호텔PJ [카테고리] 숙박
서울특별시,돈의문박물관마을,서울 종로구,관광지,35,202502,126.969011787014000,37.568934680789600,11,11110,종로구,기타관광,[지역] 서울특별시 [장소] 돈의문박물관마을 [카테고리] 관광지
서울특별시,엄마손쇼핑센터,서울 송파구 가락로 1030,관광지,35,202502,127.107611033245160,37.501415569093860,11,11710,송파구,쇼핑,[지역] 서울특별시 [장소] 엄마손쇼핑센터 [카테고리] 관광지
서울특별시,일광사,서울 중랑구 용마산로113길 210,관광지,35,202502,127.098472015137000,37.598043230864200,11,11260,중랑구,역사관광,[지역] 서울특별시 [장소] 일광사 [카테고리] 관광지
서울특별시,보라매공원인조잔디구장,서울 동작구 보라매로5길 280,관광지,35,202502,126.918905955908240,37.491387785219070,11,11590,동작구,문화관광,[지역] 서울특별시 [장소] 보라매공원인조잔디구장 [카테고리] 관광지
서울특별시,노을공원,서울 마포구,관광지,35,202502,126.875270223128000,37.573628007319500,11,11440,마포구,문화관광,[지역] 서울특별시 [장소] 노을공원 [카테고리] 관광지
서울특별시,살곶이체육공원야구장,서울 성동구,관광지,35,202502,127.050476775501000,37.555381197667600,11,11200,성동구,문화관광,[지역] 서울특별시 [장소] 살곶이체육공원야구장 [카테고리] 관광지
서울특별시,삼성암,서울 강북구 인수봉로23길 2350,관광지,35,202502,127.001139683775760,37.629090492508980,11,11305,강북구,역사관광,[지역] 서울특별시 [장소] 삼성암 [카테고리] 관광지
서울특별시,서울형키즈카페서리풀노리학교양재1동점,서울 서초구 양재천로 12510,관광지,35,202502,127.041364969872860,37.478594540873060,11,11650,서초구,문화관광,[지역] 서울특별시 [장소] 서울형키즈카페서리풀노리학교양재1동점 [카테고리] 관광지
서울특별시,롤러클럽은평충암점,서울 서대문구 명지대길 1030,관광지,35,202502,126.922876919931610,37.584599251157066,11,11410,서대문구,레저스포츠,[지역] 서울특별시 [장소] 롤러클럽은평충암점 [카테고리] 관광지
서울특별시,구로꿈나무극장,서울 구로구 구로동로26길 540,관광지,35,202502,126.886547785785000,37.489693339801400,11,11530,구로구,문화관광,[지역] 서울특별시 [장소] 구로꿈나무극장 [카테고리] 관광지
서울특별시,그랜드프라자,서울 노원구 한글비석로 2640,관광지,35,202502,127.077112311170820,37.650898092053140,11,11350,노원구,쇼핑,[지역] 서울특별시 [장소] 그랜드프라자 [카테고리] 관광지
서울특별시,현대백화점 유플렉스디큐브시티점,서울 구로구 경인로 6620,관광지,36,202502,126.889575105694000,37.508941132812900,11,11530,구로구,쇼핑,[지역] 서울특별시 [장소] 현대백화점 유플렉스디큐브시티점 [카테고리] 관광지
서울특별시,WD호텔,서울 관악구 신림로 3490,숙박,36,202502,126.929238411742000,37.485527414514900,11,11620,관악구,숙박,[지역] 서울특별시 [장소] WD호텔 [카테고리] 숙박
서울특별시,우들,서울 성북구 성북로 340,관광지,36,202502,127.003925079628000,37.591043450202400,11,11290,성북구,쇼핑,[지역] 서울특별시 [장소] 우들 [카테고리] 관광지
서울특별시,아테네모텔,서울 중랑구 상봉로28길 130,숙박,36,202502,127.093763307250700,37.595891079902216,11,11260,중랑구,숙박,[지역] 서울특별시 [장소] 아테네모텔 [카테고리] 숙박
서울특별시,이비스스타일앰배서더서울강남,서울 강남구 삼성로 4310,숙박,36,202502,127.057087782102000,37.505109271970000,11,11680,강남구,숙박,[지역] 서울특별시 [장소] 이비스스타일앰배서더서울강남 [카테고리] 숙박
서울특별시,반포쇼핑타운,서울 서초구 신반포로 1650,관광지,36,202502,127.002314945836330,37.505803297164330,11,11650,서초구,쇼핑,[지역] 서울특별시 [장소] 반포쇼핑타운 [카테고리] 관광지
서울특별시,라뷰호텔,서울 강동구 올림픽로72길 110,숙박,36,202502,127.124821751116880,37.539891771150990,11,11740,강동구,숙박,[지역] 서울특별시 [장소] 라뷰호텔 [카테고리] 숙박
서울특별시,제일평화시장,서울 중구 마장로 130,관광지,36,202502,127.011396846910000,37.568490549887000,11,11140,중구,쇼핑,[지역] 서울특별시 [장소] 제일평화시장 [카테고리] 관광지
서울특별시,쁘띠몽드마포중앙도서관점,서울 마포구 성산로 1280,관광지,36,202502,126.907850700865000,37.564018207161600,11,11440,마포구,문화관광,[지역] 서울특별시 [장소] 쁘띠몽드마포중앙도서관점 [카테고리] 관광지
서울특별시,타오호텔,서울 은평구 통일로 86324,숙박,36,202502,126.919515764783000,37.620483965870000,11,11380,은평구,숙박,[지역] 서울특별시 [장소] 타오호텔 [카테고리] 숙박
서울특별시,서울해군호텔,서울 영등포구 가마산로 5380,숙박,36,202502,126.916017208092000,37.503886322737000,11,11560,영등포구,숙박,[지역] 서울특별시 [장소] 서울해군호텔 [카테고리] 숙박
서울특별시,롯데시네마김포공항,서울 강서구 하늘길 지하 770,관광지,36,202502,126.803860115918000,37.563628731382700,11,11500,강서구,문화관광,[지역] 서울특별시 [장소] 롯데시네마김포공항 [카테고리] 관광지
서울특별시,펜타즈호텔,서울 광진구 능동로 920,숙박,36,202502,127.070950625722000,37.538426031779000,11,11215,광진구,숙박,[지역] 서울특별시 [장소] 펜타즈호텔 [카테고리] 숙박
서울특별시,우이동가족캠핑장,서울 강북구 삼양로181길 2636,숙박,36,202502,127.011395889585000,37.665868169392200,11,11305,강북구,숙박,[지역] 서울특별시 [장소] 우이동가족캠핑장 [카테고리] 숙박
서울특별시,김수영문학관,서울 도봉구 해등로32길 800,관광지,36,202502,127.024005917116000,37.659980041056300,11,11320,도봉구,문화관광,[지역] 서울특별시 [장소] 김수영문학관 [카테고리] 관광지
서울특별시,석촌호수동호,서울 송파구 송파나루길 1660,관광지,36,202502,127.104916736931000,37.511081102209100,11,11710,송파구,자연관광,[지역] 서울특별시 [장소] 석촌호수동호 [카테고리] 관광지
서울특별시,동묘시장,서울 종로구 종로58길 120,관광지,36,202502,127.017979542263000,37.572851197482000,11,11110,종로구,쇼핑,[지역] 서울특별시 [장소] 동묘시장 [카테고리] 관광지
서울특별시,준희빈모텔,서울 금천구 시흥대로52길 350,숙박,36,202502,126.901830702625150,37.452795555335484,11,11545,금천구,숙박,[지역] 서울특별시 [장소] 준희빈모텔 [카테고리] 숙박
서울특별시,아늑호텔신촌점,서울 서대문구 연세로2길 490,숙박,36,202502,126.939464112126000,37.556609464215600,11,11410,서대문구,숙박,[지역] 서울특별시 [장소] 아늑호텔신촌점 [카테고리] 숙박
서울특별시,신월태헌프라자,서울 양천구 곰달래로5길 170,관광지,36,202502,126.833441081234000,37.531188219420000,11,11470,양천구,쇼핑,[지역] 서울특별시 [장소] 신월태헌프라자 [카테고리] 관광지
서울특별시,국립중앙박물관극장용,서울 용산구 서빙고로 1370,관광지,36,202502,126.978705789812650,37.524189915125810,11,11170,용산구,문화관광,[지역] 서울특별시 [장소] 국립중앙박물관극장용 [카테고리] 관광지
서울특별시,초안산캠핑장,서울 노원구 마들로5길 8927,숙박,36,202502,127.049725986226620,37.642287805680105,11,11350,노원구,숙박,[지역] 서울특별시 [장소] 초안산캠핑장 [카테고리] 숙박
서울특별시,청원민물고기직판장,서울 동작구 노량진로 860,관광지,36,202502,126.935293155153000,37.513052047472600,11,11590,동작구,쇼핑,[지역] 서울특별시 [장소] 청원민물고기직판장 [카테고리] 관광지
서울특별시,서울숲곤충식물원,서울 성동구 왕십리로11길 90,관광지,36,202502,127.039200154311660,37.541382746020270,11,11200,성동구,문화관광,[지역] 서울특별시 [장소] 서울숲곤충식물원 [카테고리] 관광지
서울특별시,영휘원,서울 동대문구 홍릉로 900,관광지,36,202502,127.043977025005690,37.589766069372350,11,11230,동대문구,역사관광,[지역] 서울특별시 [장소] 영휘원 [카테고리] 관광지
서울특별시,몬스터파크가양점,서울 강서구 양천로 4310,관광지,37,202502,126.849986932839780,37.564267495008465,11,11500,강서구,문화관광,[지역] 서울특별시 [장소] 몬스터파크가양점 [카테고리] 관광지
서울특별시,박정희대통령기념관,서울 마포구 월드컵로 3860,관광지,37,202502,126.886324764849000,37.575016802937000,11,11440,마포구,문화관광,[지역] 서울특별시 [장소] 박정희대통령기념관 [카테고리] 관광지
서울특별시,돈암시장,서울 성북구 동소문로18길 180,관광지,37,202502,127.015951762675000,37.591737888997100,11,11290,성북구,쇼핑,[지역] 서울특별시 [장소] 돈암시장 [카테고리] 관광지
서울특별시,간송전형필가옥,서울 도봉구 시루봉로 14918,관광지,37,202502,127.028227708190000,37.664923939471700,11,11320,도봉구,역사관광,[지역] 서울특별시 [장소] 간송전형필가옥 [카테고리] 관광지
서울특별시,더가루왕십리점,서울 성동구 청계천로 4500,관광지,37,202502,127.026872064255170,37.570251073054340,11,11200,성동구,문화관광,[지역] 서울특별시 [장소] 더가루왕십리점 [카테고리] 관광지
서울특별시,폭스호텔,서울 관악구 관악로 2084,숙박,37,202502,126.954606744905450,37.483086581042130,11,11620,관악구,숙박,[지역] 서울특별시 [장소] 폭스호텔 [카테고리] 숙박
서울특별시,넘버25호텔신도림점,서울 구로구 공원로6가길 220,숙박,37,202502,126.890991704935000,37.502608540302000,11,11530,구로구,숙박,[지역] 서울특별시 [장소] 넘버25호텔신도림점 [카테고리] 숙박
서울특별시,노원어린이극장,서울 노원구 노해로 5020,관광지,37,202502,127.063669046699000,37.654592024433600,11,11350,노원구,문화관광,[지역] 서울특별시 [장소] 노원어린이극장 [카테고리] 관광지
서울특별시,노들나루공원,서울 동작구 노량진로 2470,관광지,37,202502,126.953930354786000,37.513524329266100,11,11590,동작구,문화관광,[지역] 서울특별시 [장소] 노들나루공원 [카테고리] 관광지
서울특별시,청와대사랑채,서울 종로구 효자로13길 450,관광지,37,202502,126.973122393144000,37.582599791937500,11,11110,종로구,문화관광,[지역] 서울특별시 [장소] 청와대사랑채 [카테고리] 관광지
서울특별시,신디호텔,서울 서대문구 연세로4길 1812,숙박,37,202502,126.937875831733000,37.556852553485100,11,11410,서대문구,숙박,[지역] 서울특별시 [장소] 신디호텔 [카테고리] 숙박
서울특별시,호텔스카이파크센트럴명동점,서울 중구 명동9길 160,숙박,37,202502,126.985232583821000,37.564657497919600,11,11140,중구,숙박,[지역] 서울특별시 [장소] 호텔스카이파크센트럴명동점 [카테고리] 숙박
서울특별시,상상톡톡미술관,서울 강북구 월계로 1730,관광지,37,202502,127.041338051664480,37.622540038719280,11,11305,강북구,문화관광,[지역] 서울특별시 [장소] 상상톡톡미술관 [카테고리] 관광지
서울특별시,서울광나루안전체험관,서울 광진구 능동로 2380,관광지,37,202502,127.077085522584480,37.551215178630360,11,11215,광진구,문화관광,[지역] 서울특별시 [장소] 서울광나루안전체험관 [카테고리] 관광지
서울특별시,호텔지엠에스,서울 영등포구 경인로 8670,숙박,37,202502,126.909045485376000,37.517495817753000,11,11560,영등포구,숙박,[지역] 서울특별시 [장소] 호텔지엠에스 [카테고리] 숙박
서울특별시,연신내로데오거리,서울 은평구 연서로29길 00,관광지,37,202502,126.919430158848340,37.618797310676840,11,11380,은평구,문화관광,[지역] 서울특별시 [장소] 연신내로데오거리 [카테고리] 관광지
서울특별시,로운아트홀,서울 양천구 목동서로 2250,관광지,37,202502,126.870743302214000,37.527022260682000,11,11470,양천구,문화관광,[지역] 서울특별시 [장소] 로운아트홀 [카테고리] 관광지
서울특별시,메가박스강남,서울 서초구 서초대로77길 30,관광지,37,202502,127.026535055005840,37.498082116858400,11,11650,서초구,문화관광,[지역] 서울특별시 [장소] 메가박스강남 [카테고리] 관광지
서울특별시,프레리주니어길동점,서울 강동구 천호대로 11950,관광지,37,202502,127.143862897096540,37.535070545879876,11,11740,강동구,문화관광,[지역] 서울특별시 [장소] 프레리주니어길동점 [카테고리] 관광지
서울특별시,중랑구민회관대극장,서울 중랑구 면목로 2380,관광지,37,202502,127.085001248749000,37.574018147127700,11,11260,중랑구,문화관광,[지역] 서울특별시 [장소] 중랑구민회관대극장 [카테고리] 관광지
서울특별시,미니멀시즌호텔,서울 금천구 시흥대로141길 840,숙박,37,202502,126.897991320452000,37.476667137253000,11,11545,금천구,숙박,[지역] 서울특별시 [장소] 미니멀시즌호텔 [카테고리] 숙박
서울특별시,용산어린이정원,서울 용산구 한강대로38길 210,관광지,37,202502,126.970429081826520,37.527561709066575,11,11170,용산구,문화관광,[지역] 서울특별시 [장소] 용산어린이정원 [카테고리] 관광지
서울특별시,다락,서울 동대문구 천호대로2길 380,숙박,37,202502,127.023912062055050,37.573332964006300,11,11230,동대문구,숙박,[지역] 서울특별시 [장소] 다락 [카테고리] 숙박
서울특별시,CGV청담씨네시티,서울 강남구 도산대로 3230,관광지,37,202502,127.037033864166900,37.522912645491050,11,11680,강남구,문화관광,[지역] 서울특별시 [장소] CGV청담씨네시티 [카테고리] 관광지
서울특별시,송파근린공원,서울 송파구 송파대로42길 290,관광지,37,202502,127.109999658028000,37.506331682730700,11,11710,송파구,문화관광,[지역] 서울특별시 [장소] 송파근린공원 [카테고리] 관광지
서울특별시,모텔리치,서울 금천구 가산로 1530,숙박,38,202502,126.890130900087000,37.478722407527500,11,11545,금천구,숙박,[지역] 서울특별시 [장소] 모텔리치 [카테고리] 숙박
서울특별시,모텔블리스,서울 구로구 공원로8길 3014,숙박,38,202502,126.891241289189000,37.502729630941700,11,11530,구로구,숙박,[지역] 서울특별시 [장소] 모텔블리스 [카테고리] 숙박
서울특별시,노원문화의거리,서울 노원구,관광지,38,202502,127.063748539124160,37.655634178794940,11,11350,노원구,문화관광,[지역] 서울특별시 [장소] 노원문화의거리 [카테고리] 관광지
서울특별시,필름포럼,서울 서대문구 성산로 5270,관광지,38,202502,126.944125199155000,37.563796233076800,11,11410,서대문구,문화관광,[지역] 서울특별시 [장소] 필름포럼 [카테고리] 관광지
서울특별시,대림어린이공원,서울 영등포구 대림로 1060,관광지,38,202502,126.903324031195750,37.491359915762200,11,11560,영등포구,문화관광,[지역] 서울특별시 [장소] 대림어린이공원 [카테고리] 관광지
서울특별시,리틀마운틴행복한백화점목동점,서울 양천구 목동동로 3090,관광지,38,202502,126.875995423037860,37.529036755155900,11,11470,양천구,문화관광,[지역] 서울특별시 [장소] 리틀마운틴행복한백화점목동점 [카테고리] 관광지
서울특별시,호텔카일,서울 관악구 남현3길 750,숙박,38,202502,126.980696364408970,37.475637481222310,11,11620,관악구,숙박,[지역] 서울특별시 [장소] 호텔카일 [카테고리] 숙박
서울특별시,백화사,서울 은평구 의상봉길 707,관광지,38,202502,126.945124263957000,37.650536199707400,11,11380,은평구,역사관광,[지역] 서울특별시 [장소] 백화사 [카테고리] 관광지
서울특별시,그랜드하얏트호텔아이스링크,서울 용산구 소월로 3220,관광지,38,202502,126.997945100000000,37.539123100000000,11,11170,용산구,레저스포츠,[지역] 서울특별시 [장소] 그랜드하얏트호텔아이스링크 [카테고리] 관광지
서울특별시,597모텔,서울 중랑구 동일로 5970,숙박,38,202502,127.079446100151000,37.583655886663000,11,11260,중랑구,숙박,[지역] 서울특별시 [장소] 597모텔 [카테고리] 숙박
서울특별시,동화면세점본점,서울 종로구 세종대로 1490,관광지,38,202502,126.976150023756690,37.569601314396024,11,11110,종로구,쇼핑,[지역] 서울특별시 [장소] 동화면세점본점 [카테고리] 관광지
서울특별시,긴고랑공원,서울 광진구,관광지,38,202502,127.091028630458000,37.558964369927600,11,11215,광진구,문화관광,[지역] 서울특별시 [장소] 긴고랑공원 [카테고리] 관광지
서울특별시,문화비축기지,서울 마포구 증산로 870,관광지,38,202502,126.894018551858000,37.570989538182600,11,11440,마포구,문화관광,[지역] 서울특별시 [장소] 문화비축기지 [카테고리] 관광지
서울특별시,헬로방방행당점,서울 성동구 행당로 840,관광지,38,202502,127.028812055605000,37.556575369291300,11,11200,성동구,문화관광,[지역] 서울특별시 [장소] 헬로방방행당점 [카테고리] 관광지
서울특별시,CGV송파,서울 송파구 충민로 660,관광지,38,202502,127.125915175582220,37.477112935105780,11,11710,송파구,문화관광,[지역] 서울특별시 [장소] CGV송파 [카테고리] 관광지
서울특별시,로데아트센터,서울 서초구 남부순환로317길 790,관광지,38,202502,127.010308175990300,37.483120843232456,11,11650,서초구,문화관광,[지역] 서울특별시 [장소] 로데아트센터 [카테고리] 관광지
서울특별시,부티크호텔K동대문점,서울 동대문구 천호대로 3410,숙박,38,202502,127.057619539305960,37.563604779406050,11,11230,동대문구,숙박,[지역] 서울특별시 [장소] 부티크호텔K동대문점 [카테고리] 숙박
서울특별시,스카이아트홀,서울 강서구 화곡로63길 650,관광지,38,202502,126.849448285683540,37.557835809288590,11,11500,강서구,문화관광,[지역] 서울특별시 [장소] 스카이아트홀 [카테고리] 관광지
서울특별시,볼더생활,서울 동작구 동작대로29길 690,관광지,38,202502,126.978122855462000,37.488444043379000,11,11590,동작구,레저스포츠,[지역] 서울특별시 [장소] 볼더생활 [카테고리] 관광지
서울특별시,신세계면세점명동점,서울 중구 퇴계로 770,관광지,38,202502,126.980816357956000,37.560407962162800,11,11140,중구,쇼핑,[지역] 서울특별시 [장소] 신세계면세점명동점 [카테고리] 관광지
서울특별시,북한산국립공원도봉탐방지원센터,서울 도봉구 도봉산길 730,관광지,38,202502,127.035976796424000,37.686115978405000,11,11320,도봉구,기타관광,[지역] 서울특별시 [장소] 북한산국립공원도봉탐방지원센터 [카테고리] 관광지
서울특별시,주양쇼핑,서울 강동구 고덕로62길 550,관광지,38,202502,127.153634149100640,37.552465514613370,11,11740,강동구,쇼핑,[지역] 서울특별시 [장소] 주양쇼핑 [카테고리] 관광지
서울특별시,정법사,서울 성북구 대사관로13길 440,관광지,38,202502,126.991037251706130,37.601764352013596,11,11290,성북구,역사관광,[지역] 서울특별시 [장소] 정법사 [카테고리] 관광지
서울특별시,인터컨티넨탈호텔서울코엑스,서울 강남구 봉은사로 5240,숙박,38,202502,127.057247299987000,37.512858125652300,11,11680,강남구,숙박,[지역] 서울특별시 [장소] 인터컨티넨탈호텔서울코엑스 [카테고리] 숙박
서울특별시,강북롤러스케이트장,서울 강북구 도봉로 3420,관광지,38,202502,127.026394806516000,37.638038151676500,11,11305,강북구,레저스포츠,[지역] 서울특별시 [장소] 강북롤러스케이트장 [카테고리] 관광지
서울특별시,불암산힐링타운,서울 노원구 한글비석로12길 5127,관광지,39,202502,127.080406787520300,37.655564630134790,11,11350,노원구,문화관광,[지역] 서울특별시 [장소] 불암산힐링타운 [카테고리] 관광지
서울특별시,스위스그랜드호텔컨벤션홀,서울 서대문구 연희로 3530,관광지,39,202502,126.934986896639000,37.588571088163300,11,11410,서대문구,문화관광,[지역] 서울특별시 [장소] 스위스그랜드호텔컨벤션홀 [카테고리] 관광지
서울특별시,사육신공원,서울 동작구 노량진로 1910,관광지,39,202502,126.949291883564510,37.513690948227850,11,11590,동작구,문화관광,[지역] 서울특별시 [장소] 사육신공원 [카테고리] 관광지
서울특별시,국립고궁박물관,서울 종로구 효자로 120,관광지,39,202502,126.974969983354000,37.576615377785500,11,11110,종로구,문화관광,[지역] 서울특별시 [장소] 국립고궁박물관 [카테고리] 관광지
서울특별시,밀각심인당,서울 성동구 무학로4길 210,관광지,39,202502,127.033533769246000,37.564907768389400,11,11200,성동구,역사관광,[지역] 서울특별시 [장소] 밀각심인당 [카테고리] 관광지
서울특별시,호텔아르누보서초,서울 서초구 서초대로 3570,숙박,39,202502,127.020480065083000,37.496165634226200,11,11650,서초구,숙박,[지역] 서울특별시 [장소] 호텔아르누보서초 [카테고리] 숙박
서울특별시,약사사,서울 강서구 금낭화로17길 2610,관광지,39,202502,126.805515756424910,37.583264491946520,11,11500,강서구,역사관광,[지역] 서울특별시 [장소] 약사사 [카테고리] 관광지
서울특별시,월드컵공원,서울 마포구 월드컵로 24360,관광지,39,202502,126.889519014423390,37.565240175967360,11,11440,마포구,문화관광,[지역] 서울특별시 [장소] 월드컵공원 [카테고리] 관광지
서울특별시,챔피언홈플러스상봉점,서울 중랑구 망우로 3530,관광지,39,202502,127.090350239018960,37.597940684693910,11,11260,중랑구,문화관광,[지역] 서울특별시 [장소] 챔피언홈플러스상봉점 [카테고리] 관광지
서울특별시,올림픽홀,서울 송파구 올림픽로 4240,관광지,39,202502,127.127553545375330,37.514747487000900,11,11710,송파구,문화관광,[지역] 서울특별시 [장소] 올림픽홀 [카테고리] 관광지
서울특별시,남산야외식물원,서울 용산구 소월로 3230,관광지,39,202502,126.996315131360000,37.542465688429000,11,11170,용산구,문화관광,[지역] 서울특별시 [장소] 남산야외식물원 [카테고리] 관광지
서울특별시,키블리,서울 도봉구 도봉로136가길 730,관광지,39,202502,127.043013100000000,37.655438600000000,11,11320,도봉구,문화관광,[지역] 서울특별시 [장소] 키블리 [카테고리] 관광지
서울특별시,스테이25,서울 양천구 신월로20길 30,숙박,39,202502,126.844912374816000,37.519745168017000,11,11470,양천구,숙박,[지역] 서울특별시 [장소] 스테이25 [카테고리] 숙박
서울특별시,트레블로지동대문호텔,서울 중구 동호로 3590,숙박,39,202502,127.001925501289800,37.566435173357810,11,11140,중구,숙박,[지역] 서울특별시 [장소] 트레블로지동대문호텔 [카테고리] 숙박
서울특별시,한강공원광나루모형비행장,서울 강동구,관광지,39,202502,127.119498399549460,37.546882611746670,11,11740,강동구,기타관광,[지역] 서울특별시 [장소] 한강공원광나루모형비행장 [카테고리] 관광지
서울특별시,선정릉,서울 강남구 선릉로100길 10,관광지,39,202502,127.049060694380770,37.508692141431330,11,11680,강남구,역사관광,[지역] 서울특별시 [장소] 선정릉 [카테고리] 관광지
서울특별시,볼륨모텔,서울 관악구 신림로64길 340,숙박,39,202502,126.931682459077650,37.485076763532945,11,11620,관악구,숙박,[지역] 서울특별시 [장소] 볼륨모텔 [카테고리] 숙박
서울특별시,행복한눈물호텔,서울 동대문구 장한로 970,숙박,39,202502,127.069605233288140,37.569547417619360,11,11230,동대문구,숙박,[지역] 서울특별시 [장소] 행복한눈물호텔 [카테고리] 숙박
서울특별시,서울효정학교,서울 강북구 삼양로63길 330,관광지,39,202502,127.016173616972000,37.627122684680600,11,11305,강북구,체험관광,[지역] 서울특별시 [장소] 서울효정학교 [카테고리] 관광지
서울특별시,정각사,서울 성북구 삼선교로10마길 612,관광지,39,202502,127.008122100000000,37.584784400000000,11,11290,성북구,역사관광,[지역] 서울특별시 [장소] 정각사 [카테고리] 관광지
서울특별시,더스테이호텔,서울 금천구 디지털로11길 140,숙박,39,202502,126.888640211393180,37.479356531014304,11,11545,금천구,숙박,[지역] 서울특별시 [장소] 더스테이호텔 [카테고리] 숙박
서울특별시,노리들노리쌤은평점,서울 은평구 수색로 2000,관광지,39,202502,126.900712309602000,37.579377497360000,11,11380,은평구,문화관광,[지역] 서울특별시 [장소] 노리들노리쌤은평점 [카테고리] 관광지
서울특별시,자양종합시장,서울 광진구 자양번영로6길 200,관광지,39,202502,127.076446880045000,37.532050723324700,11,11215,광진구,쇼핑,[지역] 서울특별시 [장소] 자양종합시장 [카테고리] 관광지
서울특별시,국회의사당국회박물관,서울 영등포구 의사당대로 10,관광지,39,202502,126.919072218026490,37.531857579731710,11,11560,영등포구,문화관광,[지역] 서울특별시 [장소] 국회의사당국회박물관 [카테고리] 관광지
서울특별시,힐링탁구클럽,서울 구로구 구일로10길 930,관광지,39,202502,126.876965261124000,37.495720362644300,11,11530,구로구,레저스포츠,[지역] 서울특별시 [장소] 힐링탁구클럽 [카테고리] 관광지
서울특별시,NC백화점불광점,서울 은평구 불광로 200,관광지,4,202502,126.928779901135000,37.609849166946500,11,11380,은평구,쇼핑,[지역] 서울특별시 [장소] NC백화점불광점 [카테고리] 관광지
서울특별시,스위스그랜드호텔,서울 서대문구 연희로 3530,숙박,4,202502,126.934075568999560,37.588933960876574,11,11410,서대문구,숙박,[지역] 서울특별시 [장소] 스위스그랜드호텔 [카테고리] 숙박
서울특별시,그랜드하얏트서울,서울 용산구 소월로 3220,숙박,4,202502,126.997148419399000,37.539382716726900,11,11170,용산구,숙박,[지역] 서울특별시 [장소] 그랜드하얏트서울 [카테고리] 숙박
서울특별시,롯데백화점영등포점,서울 영등포구 경인로 8460,관광지,4,202502,126.907378986204000,37.515746009925000,11,11560,영등포구,쇼핑,[지역] 서울특별시 [장소] 롯데백화점영등포점 [카테고리] 관광지
서울특별시,호텔베르누이서울,서울 구로구 경인로 2290,숙박,4,202502,126.846039549486000,37.497426381479500,11,11530,구로구,숙박,[지역] 서울특별시 [장소] 호텔베르누이서울 [카테고리] 숙박
서울특별시,롯데월드잠실점,서울 송파구 올림픽로 2400,관광지,4,202502,127.098167346486730,37.511081060036260,11,11710,송파구,문화관광,[지역] 서울특별시 [장소] 롯데월드잠실점 [카테고리] 관광지
서울특별시,JW메리어트호텔서울,서울 서초구 신반포로 1760,숙박,4,202502,127.004759187517000,37.503942416206400,11,11650,서초구,숙박,[지역] 서울특별시 [장소] JW메리어트호텔서울 [카테고리] 숙박
서울특별시,서울로봇인공지능과학관건축중2024년07월 예정,서울 도봉구 마들로13길 560,관광지,4,202502,127.049475877305000,37.655564045081100,11,11320,도봉구,문화관광,[지역] 서울특별시 [장소] 서울로봇인공지능과학관건축중2024년07월 예정 [카테고리] 관광지
서울특별시,신라호텔서울,서울 중구 동호로 2490,숙박,4,202502,127.005178232598500,37.555858794661450,11,11140,중구,숙박,[지역] 서울특별시 [장소] 신라호텔서울 [카테고리] 숙박
서울특별시,서서울호수공원,서울 양천구 남부순환로64길 200,관광지,4,202502,126.829858105130000,37.527716377176000,11,11470,양천구,문화관광,[지역] 서울특별시 [장소] 서서울호수공원 [카테고리] 관광지
서울특별시,길동복조리시장,서울 강동구 천호대로187길 610,관광지,4,202502,127.143357443412000,37.537994900030000,11,11740,강동구,쇼핑,[지역] 서울특별시 [장소] 길동복조리시장 [카테고리] 관광지
서울특별시,롯데팩토리아울렛가산점,서울 금천구 벚꽃로 2780,관광지,4,202502,126.884686941834000,37.479333414986500,11,11545,금천구,쇼핑,[지역] 서울특별시 [장소] 롯데팩토리아울렛가산점 [카테고리] 관광지
서울특별시,CGV왕십리,서울 성동구 왕십리광장로 170,관광지,4,202502,127.038755561879920,37.560574968589634,11,11200,성동구,문화관광,[지역] 서울특별시 [장소] CGV왕십리 [카테고리] 관광지
서울특별시,성대전통시장,서울 동작구 상도로 1020,관광지,4,202502,126.932277837817000,37.499958907782600,11,11590,동작구,쇼핑,[지역] 서울특별시 [장소] 성대전통시장 [카테고리] 관광지
서울특별시,갤러리아백화점명품관EAST,서울 강남구 압구정로 4070,관광지,4,202502,127.041672284474000,37.527967645525100,11,11680,강남구,쇼핑,[지역] 서울특별시 [장소] 갤러리아백화점명품관EAST [카테고리] 관광지
서울특별시,KTG상상마당홍대,서울 마포구 어울마당로 650,관광지,4,202502,126.921067140038300,37.550977456607015,11,11440,마포구,문화관광,[지역] 서울특별시 [장소] KTG상상마당홍대 [카테고리] 관광지
서울특별시,수유시장,서울 강북구 도봉로67길 180,관광지,4,202502,127.023145172136030,37.630788970467090,11,11305,강북구,쇼핑,[지역] 서울특별시 [장소] 수유시장 [카테고리] 관광지
서울특별시,봉일시장,서울 관악구 은천로 280,관광지,4,202502,126.938432021129000,37.485971863726500,11,11620,관악구,쇼핑,[지역] 서울특별시 [장소] 봉일시장 [카테고리] 관광지
서울특별시,태릉시장,서울 중랑구 동일로129길 350,관광지,4,202502,127.077696104536700,37.599209632234604,11,11260,중랑구,쇼핑,[지역] 서울특별시 [장소] 태릉시장 [카테고리] 관광지
서울특별시,포시즌스호텔서울,서울 종로구 새문안로 970,숙박,4,202502,126.975427855758510,37.570740067096416,11,11110,종로구,숙박,[지역] 서울특별시 [장소] 포시즌스호텔서울 [카테고리] 숙박
서울특별시,김포국제공항,서울 강서구 하늘길 1120,관광지,4,202502,126.802943577173000,37.558907050110000,11,11500,강서구,기타관광,[지역] 서울특별시 [장소] 김포국제공항 [카테고리] 관광지
서울특별시,서울시립과학관,서울 노원구 한글비석로 1600,관광지,4,202502,127.077445704075000,37.641871361136000,11,11350,노원구,문화관광,[지역] 서울특별시 [장소] 서울시립과학관 [카테고리] 관광지
서울특별시,뚝섬한강공원,서울 광진구 강변북로 22730,관광지,4,202502,127.071364034617120,37.529134362044500,11,11215,광진구,문화관광,[지역] 서울특별시 [장소] 뚝섬한강공원 [카테고리] 관광지
서울특별시,삼청각,서울 성북구 대사관로 30,관광지,4,202502,126.984149029010570,37.597375928246630,11,11290,성북구,문화관광,[지역] 서울특별시 [장소] 삼청각 [카테고리] 관광지
서울특별시,더리센츠호텔동대문,서울 동대문구 천호대로 3830,숙박,4,202502,127.061642483454140,37.562275450666930,11,11230,동대문구,숙박,[지역] 서울특별시 [장소] 더리센츠호텔동대문 [카테고리] 숙박
서울특별시,서울형키즈카페번3동점,서울 강북구 오현로 2080,관광지,40,202502,127.042911634661780,37.629239127019645,11,11305,강북구,문화관광,[지역] 서울특별시 [장소] 서울형키즈카페번3동점 [카테고리] 관광지
서울특별시,베베쿠아,서울 노원구 섬밭로 2580,관광지,40,202502,127.064863541556000,37.638621658231000,11,11350,노원구,문화관광,[지역] 서울특별시 [장소] 베베쿠아 [카테고리] 관광지
서울특별시,창덕궁,서울 종로구 율곡로 990,관광지,40,202502,126.991848665495280,37.581629195397866,11,11110,종로구,역사관광,[지역] 서울특별시 [장소] 창덕궁 [카테고리] 관광지
서울특별시,딥앤하이스포츠,서울 중랑구 망우로 1900,관광지,40,202502,127.073863177996000,37.593126978485100,11,11260,중랑구,레저스포츠,[지역] 서울특별시 [장소] 딥앤하이스포츠 [카테고리] 관광지
서울특별시,자기야모텔,서울 금천구 디지털로 20812,숙박,40,202502,126.889658722927000,37.478472433556000,11,11545,금천구,숙박,[지역] 서울특별시 [장소] 자기야모텔 [카테고리] 숙박
서울특별시,서울시4차산업혁명체험센터서울퓨처랩40,서울 강서구 마곡중앙5로 지하 90,관광지,40,202502,126.826969111551000,37.566100807197000,11,11500,강서구,문화관광,[지역] 서울특별시 [장소] 서울시4차산업혁명체험센터서울퓨처랩40 [카테고리] 관광지
서울특별시,보보호텔,서울 마포구 양화로 940,숙박,40,202502,126.918209057572000,37.552330149466900,11,11440,마포구,숙박,[지역] 서울특별시 [장소] 보보호텔 [카테고리] 숙박
서울특별시,바론드파리호텔,서울 서대문구 연세로2나길 80,숙박,40,202502,126.938292463942000,37.556519261263400,11,11410,서대문구,숙박,[지역] 서울특별시 [장소] 바론드파리호텔 [카테고리] 숙박
서울특별시,구봉사,서울 도봉구 도봉산길 910,관광지,40,202502,127.024894456876000,37.687115793159200,11,11320,도봉구,역사관광,[지역] 서울특별시 [장소] 구봉사 [카테고리] 관광지
서울특별시,응봉산암벽공원,서울 성동구 독서당로60길 131,관광지,40,202502,127.030788629296750,37.548477879428745,11,11200,성동구,문화관광,[지역] 서울특별시 [장소] 응봉산암벽공원 [카테고리] 관광지
서울특별시,피커스클라이밍구로,서울 구로구 구로중앙로 1520,관광지,40,202502,126.882728022200240,37.501113470763530,11,11530,구로구,레저스포츠,[지역] 서울특별시 [장소] 피커스클라이밍구로 [카테고리] 관광지
서울특별시,호텔아벤트리여의도,서울 영등포구 버드나루로 900,숙박,40,202502,126.909100950985000,37.526328130056800,11,11560,영등포구,숙박,[지역] 서울특별시 [장소] 호텔아벤트리여의도 [카테고리] 숙박
서울특별시,한가람디자인미술관,서울 서초구 남부순환로 24060,관광지,40,202502,127.012564271332100,37.479917462810010,11,11650,서초구,문화관광,[지역] 서울특별시 [장소] 한가람디자인미술관 [카테고리] 관광지
서울특별시,호텔더디자이너스리즈강남프리미어,서울 강남구 봉은사로 1130,숙박,40,202502,127.025907684671000,37.505297159312400,11,11680,강남구,숙박,[지역] 서울특별시 [장소] 호텔더디자이너스리즈강남프리미어 [카테고리] 숙박
서울특별시,용산전쟁기념관어린이박물관,서울 용산구 이태원로 290,관광지,40,202502,126.978511234572000,37.537410607532900,11,11170,용산구,문화관광,[지역] 서울특별시 [장소] 용산전쟁기념관어린이박물관 [카테고리] 관광지
서울특별시,로사나부띠끄호텔,서울 송파구 삼학사로 980,숙박,40,202502,127.097539952349280,37.505990870112310,11,11710,송파구,숙박,[지역] 서울특별시 [장소] 로사나부띠끄호텔 [카테고리] 숙박
서울특별시,고려시장,서울 성북구,관광지,40,202502,127.036894277856000,37.595293163600700,11,11290,성북구,쇼핑,[지역] 서울특별시 [장소] 고려시장 [카테고리] 관광지
서울특별시,밀리오레명동점,서울 중구 퇴계로 1150,관광지,40,202502,126.984510461831760,37.561074574542424,11,11140,중구,쇼핑,[지역] 서울특별시 [장소] 밀리오레명동점 [카테고리] 관광지
서울특별시,암사역사공원,서울 강동구 아리수로25길 1520,관광지,40,202502,127.131413700000000,37.558824600000000,11,11740,강동구,문화관광,[지역] 서울특별시 [장소] 암사역사공원 [카테고리] 관광지
서울특별시,메가박스아트나인,서울 동작구 동작대로 890,관광지,40,202502,126.981663280860000,37.484735206684280,11,11590,동작구,문화관광,[지역] 서울특별시 [장소] 메가박스아트나인 [카테고리] 관광지
서울특별시,쑥고개,서울 관악구,관광지,40,202502,126.943264978948000,37.479611517227200,11,11620,관악구,자연관광,[지역] 서울특별시 [장소] 쑥고개 [카테고리] 관광지
서울특별시,본각사,서울 양천구 목동중앙로13나길 800,관광지,40,202502,126.879409017529000,37.544492514754300,11,11470,양천구,역사관광,[지역] 서울특별시 [장소] 본각사 [카테고리] 관광지
서울특별시,쌍마모텔,서울 동대문구 전농로 120,숙박,40,202502,127.056059499576680,37.566018891279370,11,11230,동대문구,숙박,[지역] 서울특별시 [장소] 쌍마모텔 [카테고리] 숙박
서울특별시,위시앤스테이모텔,서울 광진구 광나루로 5940,숙박,40,202502,127.094252296184600,37.542192063399570,11,11215,광진구,숙박,[지역] 서울특별시 [장소] 위시앤스테이모텔 [카테고리] 숙박
서울특별시,북한산국립공원북한산성코스,경기 고양시 덕양구,관광지,40,202502,126.970184174949400,37.655515733459424,11,11380,은평구,레저스포츠,[지역] 서울특별시 [장소] 북한산국립공원북한산성코스 [카테고리] 관광지
서울특별시,흑석시장,서울 동작구,관광지,41,202502,126.962790729232000,37.506886262122200,11,11590,동작구,쇼핑,[지역] 서울특별시 [장소] 흑석시장 [카테고리] 관광지
서울특별시,어린이대공원팔각당,서울 광진구,관광지,41,202502,127.082612813710530,37.549909808523786,11,11215,광진구,문화관광,[지역] 서울특별시 [장소] 어린이대공원팔각당 [카테고리] 관광지
서울특별시,스페이스K서울,서울 강서구 마곡중앙8로 320,관광지,41,202502,126.831107671748000,37.561295832789000,11,11500,강서구,문화관광,[지역] 서울특별시 [장소] 스페이스K서울 [카테고리] 관광지
서울특별시,극락사,서울 중랑구 망우로91길 1000,관광지,41,202502,127.113359492178890,37.604653671018276,11,11260,중랑구,역사관광,[지역] 서울특별시 [장소] 극락사 [카테고리] 관광지
서울특별시,성북구립미술관,서울 성북구 성북로 1340,관광지,41,202502,126.994898081492000,37.594820734954400,11,11290,성북구,문화관광,[지역] 서울특별시 [장소] 성북구립미술관 [카테고리] 관광지
서울특별시,미트대명사,서울 성동구 청계천로10나길 480,관광지,41,202502,127.035561311906000,37.570184948470900,11,11200,성동구,쇼핑,[지역] 서울특별시 [장소] 미트대명사 [카테고리] 관광지
서울특별시,잠원한강공원눈썰매장,서울 서초구 잠원로 14557,관광지,41,202502,127.010230546794450,37.519758101131530,11,11650,서초구,레저스포츠,[지역] 서울특별시 [장소] 잠원한강공원눈썰매장 [카테고리] 관광지
서울특별시,호텔4월2일,서울 강북구 도봉로73길 250,숙박,41,202502,127.022883858579920,37.632750010004685,11,11305,강북구,숙박,[지역] 서울특별시 [장소] 호텔4월2일 [카테고리] 숙박
서울특별시,소극장산울림,서울 마포구 와우산로 1570,관광지,41,202502,126.930086443811090,37.555093624188500,11,11440,마포구,문화관광,[지역] 서울특별시 [장소] 소극장산울림 [카테고리] 관광지
서울특별시,메트로백화점,서울 은평구 통일로 8560,관광지,41,202502,126.921571142615000,37.619622967081400,11,11380,은평구,쇼핑,[지역] 서울특별시 [장소] 메트로백화점 [카테고리] 관광지
서울특별시,삿갓봉근린공원,서울 노원구 한글비석로 3460,관광지,41,202502,127.076084556502600,37.657925049977900,11,11350,노원구,문화관광,[지역] 서울특별시 [장소] 삿갓봉근린공원 [카테고리] 관광지
서울특별시,CS프리미어호텔서울,서울 관악구 남부순환로 14580,숙박,41,202502,126.912851045071000,37.481222256677000,11,11620,관악구,숙박,[지역] 서울특별시 [장소] CS프리미어호텔서울 [카테고리] 숙박
서울특별시,신촌포레스타호텔,서울 서대문구 연세로4길 160,숙박,41,202502,126.937959155647000,37.557046975951000,11,11410,서대문구,숙박,[지역] 서울특별시 [장소] 신촌포레스타호텔 [카테고리] 숙박
서울특별시,노보텔스위트앰배서더서울용산,서울 용산구 청파로20길 950,숙박,41,202502,126.962603552954250,37.531925365811530,11,11170,용산구,숙박,[지역] 서울특별시 [장소] 노보텔스위트앰배서더서울용산 [카테고리] 숙박
서울특별시,헬로밀가루영등포점,서울 영등포구 경인로 7750,관광지,41,202502,126.898595946093850,37.515025339356640,11,11560,영등포구,문화관광,[지역] 서울특별시 [장소] 헬로밀가루영등포점 [카테고리] 관광지
서울특별시,올림픽프라자,서울 송파구 양재대로 12220,관광지,41,202502,127.132664186467300,37.515608530690270,11,11710,송파구,쇼핑,[지역] 서울특별시 [장소] 올림픽프라자 [카테고리] 관광지
서울특별시,호텔8월천호점,서울 강동구 구천면로24길 130,숙박,41,202502,127.126220081903000,37.540077884889800,11,11740,강동구,숙박,[지역] 서울특별시 [장소] 호텔8월천호점 [카테고리] 숙박
서울특별시,프레이저플레이스센트럴서울,서울 중구 통일로 780,숙박,41,202502,126.969789556342000,37.562574310213000,11,11140,중구,숙박,[지역] 서울특별시 [장소] 프레이저플레이스센트럴서울 [카테고리] 숙박
서울특별시,서서울미술관건축중2024년11월개관예정,서울 금천구 시흥대로79길 530,관광지,41,202502,126.895047323195000,37.457697089522100,11,11545,금천구,문화관광,[지역] 서울특별시 [장소] 서서울미술관건축중2024년11월개관예정 [카테고리] 관광지
서울특별시,한의약박물관,서울 동대문구 약령중앙로 260,관광지,41,202502,127.037616579012500,37.580628197839560,11,11230,동대문구,문화관광,[지역] 서울특별시 [장소] 한의약박물관 [카테고리] 관광지
서울특별시,호텔선샤인서울,서울 강남구 도산대로 2050,숙박,41,202502,127.028743069000000,37.520524603614500,11,11680,강남구,숙박,[지역] 서울특별시 [장소] 호텔선샤인서울 [카테고리] 숙박
서울특별시,루다풋살장,서울 도봉구 방학로 2230,관광지,41,202502,127.027227832798000,37.661479887543800,11,11320,도봉구,레저스포츠,[지역] 서울특별시 [장소] 루다풋살장 [카테고리] 관광지
서울특별시,예술나무씨어터,서울 구로구 구로중앙로 1340,관광지,41,202502,126.884103464847000,37.499886590939400,11,11530,구로구,문화관광,[지역] 서울특별시 [장소] 예술나무씨어터 [카테고리] 관광지
서울특별시,가나아트센터,서울 종로구 평창30길 280,관광지,41,202502,126.975121922769280,37.612235263865045,11,11110,종로구,문화관광,[지역] 서울특별시 [장소] 가나아트센터 [카테고리] 관광지
서울특별시,가로공원,서울 양천구,관광지,41,202502,126.834246510961000,37.536743137208400,11,11470,양천구,문화관광,[지역] 서울특별시 [장소] 가로공원 [카테고리] 관광지
서울특별시,영빈모텔,서울 금천구 시흥대로61길 380,숙박,42,202502,126.898547045162000,37.453697572903000,11,11545,금천구,숙박,[지역] 서울특별시 [장소] 영빈모텔 [카테고리] 숙박
서울특별시,호텔부티크나인능동점,서울 광진구 천호대로 5600,숙박,42,202502,127.080140749726000,37.556520139957000,11,11215,광진구,숙박,[지역] 서울특별시 [장소] 호텔부티크나인능동점 [카테고리] 숙박
서울특별시,덕수궁,서울 중구 세종대로 990,관광지,42,202502,126.975205700978460,37.565879516864220,11,11140,중구,역사관광,[지역] 서울특별시 [장소] 덕수궁 [카테고리] 관광지
서울특별시,법화정사,서울 동대문구 왕산로19다길 80,관광지,42,202502,127.033394754954000,37.578961697647100,11,11230,동대문구,역사관광,[지역] 서울특별시 [장소] 법화정사 [카테고리] 관광지
서울특별시,아르스풋볼,서울 강동구 양재대로 14100,관광지,42,202502,127.138138771513010,37.531738790037520,11,11740,강동구,레저스포츠,[지역] 서울특별시 [장소] 아르스풋볼 [카테고리] 관광지
서울특별시,관음사,서울 관악구 승방1길 10980,관광지,42,202502,126.976484317433000,37.467446459603000,11,11620,관악구,역사관광,[지역] 서울특별시 [장소] 관음사 [카테고리] 관광지
서울특별시,동원골목시장,서울 중랑구 상봉로 490,관광지,42,202502,127.092056007914000,37.590044115765500,11,11260,중랑구,쇼핑,[지역] 서울특별시 [장소] 동원골목시장 [카테고리] 관광지
서울특별시,만토바모텔,서울 은평구 통일로 8391,숙박,42,202502,126.921487832484000,37.618012041952000,11,11380,은평구,숙박,[지역] 서울특별시 [장소] 만토바모텔 [카테고리] 숙박
서울특별시,초안산스포츠타운,서울 노원구 마들로5가길 1130,관광지,42,202502,127.051309210383440,37.638843769780060,11,11350,노원구,문화관광,[지역] 서울특별시 [장소] 초안산스포츠타운 [카테고리] 관광지
서울특별시,송해아트홀,서울 구로구 경인로 61117,관광지,42,202502,126.883572651162640,37.506880988788480,11,11530,구로구,문화관광,[지역] 서울특별시 [장소] 송해아트홀 [카테고리] 관광지
서울특별시,마천중앙시장,서울 송파구 마천로45길 230,관광지,42,202502,127.150273881275000,37.498055113494800,11,11710,송파구,쇼핑,[지역] 서울특별시 [장소] 마천중앙시장 [카테고리] 관광지
서울특별시,난지천공원인조잔디축구장,서울 마포구,관광지,42,202502,126.883880549100780,37.574239100236134,11,11440,마포구,문화관광,[지역] 서울특별시 [장소] 난지천공원인조잔디축구장 [카테고리] 관광지
서울특별시,KTG상상마당대치아트홀,서울 강남구 영동대로 4160,관광지,42,202502,127.065225920944530,37.506636923800800,11,11680,강남구,문화관광,[지역] 서울특별시 [장소] KTG상상마당대치아트홀 [카테고리] 관광지
서울특별시,두산아트센터,서울 종로구 종로33길 150,관광지,42,202502,127.001203292253780,37.571767885402040,11,11110,종로구,문화관광,[지역] 서울특별시 [장소] 두산아트센터 [카테고리] 관광지
서울특별시,모세미어린이공원,서울 양천구,관광지,42,202502,126.868660078594000,37.535243519303700,11,11470,양천구,문화관광,[지역] 서울특별시 [장소] 모세미어린이공원 [카테고리] 관광지
서울특별시,국제청소년센터,서울 강서구 금낭화로 2340,관광지,42,202502,126.809581670788000,37.579293619385900,11,11500,강서구,레저스포츠,[지역] 서울특별시 [장소] 국제청소년센터 [카테고리] 관광지
서울특별시,트레지오,서울 강북구 도봉로 340,관광지,42,202502,127.030728004080000,37.612041187400900,11,11305,강북구,쇼핑,[지역] 서울특별시 [장소] 트레지오 [카테고리] 관광지
서울특별시,피치스도원,서울 성동구 연무장3길 90,관광지,42,202502,127.051344837634030,37.544409411718120,11,11200,성동구,문화관광,[지역] 서울특별시 [장소] 피치스도원 [카테고리] 관광지
서울특별시,로프트관광호텔,서울 영등포구 선유동2로 720,숙박,42,202502,126.898699645264740,37.534660102618960,11,11560,영등포구,숙박,[지역] 서울특별시 [장소] 로프트관광호텔 [카테고리] 숙박
서울특별시,아리랑골목시장,서울 성북구 아리랑로19길 100,관광지,42,202502,127.012813050841840,37.602625498680320,11,11290,성북구,쇼핑,[지역] 서울특별시 [장소] 아리랑골목시장 [카테고리] 관광지
서울특별시,둥근달어린이공원,서울 도봉구,관광지,42,202502,127.030199902147000,37.649731266315800,11,11320,도봉구,문화관광,[지역] 서울특별시 [장소] 둥근달어린이공원 [카테고리] 관광지
서울특별시,국립국악원,서울 서초구 남부순환로 24060,관광지,42,202502,127.009009058436490,37.477695475396930,11,11650,서초구,문화관광,[지역] 서울특별시 [장소] 국립국악원 [카테고리] 관광지
서울특별시,태평백화점폐점,서울 동작구 동작대로 1150,관광지,42,202502,126.981678104864090,37.486888689405170,11,11590,동작구,쇼핑,[지역] 서울특별시 [장소] 태평백화점폐점 [카테고리] 관광지
서울특별시,국립한글박물관,서울 용산구 서빙고로 1390,관광지,42,202502,126.980900065840000,37.521106951729700,11,11170,용산구,문화관광,[지역] 서울특별시 [장소] 국립한글박물관 [카테고리] 관광지
서울특별시,호텔맥,서울 서대문구 연세로2길 460,숙박,42,202502,126.939375700641000,37.556380395088600,11,11410,서대문구,숙박,[지역] 서울특별시 [장소] 호텔맥 [카테고리] 숙박
서울특별시,대원정사,서울 용산구 두텁바위로60길 490,관광지,43,202502,126.983538445995000,37.548909308838084,11,11170,용산구,역사관광,[지역] 서울특별시 [장소] 대원정사 [카테고리] 관광지
서울특별시,쌍문시장,서울 도봉구 도봉로113길 230,관광지,43,202502,127.032421935312070,37.648509199456960,11,11320,도봉구,쇼핑,[지역] 서울특별시 [장소] 쌍문시장 [카테고리] 관광지
서울특별시,롯데월드아이스링크,서울 송파구 올림픽로 2400,관광지,43,202502,127.097972923701000,37.510664440293500,11,11710,송파구,레저스포츠,[지역] 서울특별시 [장소] 롯데월드아이스링크 [카테고리] 관광지
서울특별시,구룡공원,서울 금천구 독산로107길 130,관광지,43,202502,126.902824204810000,37.477944796721500,11,11545,금천구,문화관광,[지역] 서울특별시 [장소] 구룡공원 [카테고리] 관광지
서울특별시,오목교중앙시장,서울 양천구 신목로4길 370,관광지,43,202502,126.876579209099080,37.521226958995726,11,11470,양천구,쇼핑,[지역] 서울특별시 [장소] 오목교중앙시장 [카테고리] 관광지
서울특별시,야미사아카데미,서울 강동구 천호대로176길 320,관광지,43,202502,127.135671990766410,37.533066910588374,11,11740,강동구,레저스포츠,[지역] 서울특별시 [장소] 야미사아카데미 [카테고리] 관광지
서울특별시,자이언트호텔,서울 강남구 봉은사로 4590,숙박,43,202502,127.049782815511150,37.512358388890185,11,11680,강남구,숙박,[지역] 서울특별시 [장소] 자이언트호텔 [카테고리] 숙박
서울특별시,소라모텔,서울 서대문구 신촌로 1577,숙박,43,202502,126.943347556612000,37.557102558169000,11,11410,서대문구,숙박,[지역] 서울특별시 [장소] 소라모텔 [카테고리] 숙박
서울특별시,펭귄시장,서울 관악구 남부순환로143나길 70,관광지,43,202502,126.910990086434000,37.482860944832100,11,11620,관악구,쇼핑,[지역] 서울특별시 [장소] 펭귄시장 [카테고리] 관광지
서울특별시,코보스호텔,서울 영등포구 국회대로72길 90,숙박,43,202502,126.920621246972300,37.530151357056310,11,11560,영등포구,숙박,[지역] 서울특별시 [장소] 코보스호텔 [카테고리] 숙박
서울특별시,신한카드SOL페이스퀘어,서울 마포구 양화로 450,관광지,43,202502,126.913572534383360,37.550658676595670,11,11440,마포구,문화관광,[지역] 서울특별시 [장소] 신한카드SOL페이스퀘어 [카테고리] 관광지
서울특별시,베르투모텔,서울 구로구 새말로16길 620,숙박,43,202502,126.891797184211000,37.502969614561900,11,11530,구로구,숙박,[지역] 서울특별시 [장소] 베르투모텔 [카테고리] 숙박
서울특별시,경찰박물관,서울 종로구 송월길 1620,관광지,43,202502,126.962123490665000,37.572073164130200,11,11110,종로구,문화관광,[지역] 서울특별시 [장소] 경찰박물관 [카테고리] 관광지
서울특별시,사가정공원,서울 중랑구,관광지,43,202502,127.095583568008000,37.579823097730200,11,11260,중랑구,문화관광,[지역] 서울특별시 [장소] 사가정공원 [카테고리] 관광지
서울특별시,법장사,서울 중랑구 숙선옹주로 690,관광지,43,202502,127.084051171979810,37.614889990610436,11,11260,중랑구,역사관광,[지역] 서울특별시 [장소] 법장사 [카테고리] 관광지
서울특별시,상도어울마당,서울 동작구 성대로 1800,관광지,43,202502,126.940320612072000,37.499192569357300,11,11590,동작구,문화관광,[지역] 서울특별시 [장소] 상도어울마당 [카테고리] 관광지
서울특별시,린폴스튜디오,서울 동작구 상도로 580,관광지,43,202502,126.926849603918000,37.499553556410300,11,11590,동작구,레저스포츠,[지역] 서울특별시 [장소] 린폴스튜디오 [카테고리] 관광지
서울특별시,방산종합시장,서울 중구 동호로37길 200,관광지,43,202502,127.000814467852000,37.568768229958200,11,11140,중구,쇼핑,[지역] 서울특별시 [장소] 방산종합시장 [카테고리] 관광지
서울특별시,지젤시그니티서초,서울 서초구 효령로53길 500,숙박,43,202502,127.013199560843360,37.487112169693575,11,11650,서초구,숙박,[지역] 서울특별시 [장소] 지젤시그니티서초 [카테고리] 숙박
서울특별시,촬영소고개,서울 동대문구,관광지,43,202502,127.059420240130000,37.572795906310000,11,11230,동대문구,자연관광,[지역] 서울특별시 [장소] 촬영소고개 [카테고리] 관광지
서울특별시,육사야구장,서울 노원구 화랑로 6820,관광지,43,202502,127.098166177011660,37.629261839570496,11,11350,노원구,문화관광,[지역] 서울특별시 [장소] 육사야구장 [카테고리] 관광지
서울특별시,수유전통시장,서울 강북구 수유로12길 1000,관광지,43,202502,127.022478567441000,37.630622318931300,11,11305,강북구,쇼핑,[지역] 서울특별시 [장소] 수유전통시장 [카테고리] 관광지
서울특별시,마곡실내배드민턴장,서울 강서구 양천로 2510,관광지,43,202502,126.831274208892080,37.573266670572690,11,11500,강서구,레저스포츠,[지역] 서울특별시 [장소] 마곡실내배드민턴장 [카테고리] 관광지
서울특별시,CS호텔,서울 은평구 진흥로 1830,숙박,43,202502,126.929931603786000,37.608624291738000,11,11380,은평구,숙박,[지역] 서울특별시 [장소] CS호텔 [카테고리] 숙박
서울특별시,샐몬모텔,서울 광진구 동일로 3670,숙박,43,202502,127.075807737366000,37.563685951013000,11,11215,광진구,숙박,[지역] 서울특별시 [장소] 샐몬모텔 [카테고리] 숙박
서울특별시,대현산체육관,서울 성동구 독서당로63길 440,관광지,43,202502,127.029811988880000,37.554158988254900,11,11200,성동구,레저스포츠,[지역] 서울특별시 [장소] 대현산체육관 [카테고리] 관광지
서울특별시,청룡암,서울 성북구 동소문로3길 320,관광지,43,202502,127.007091472927000,37.589710290760400,11,11290,성북구,역사관광,[지역] 서울특별시 [장소] 청룡암 [카테고리] 관광지
서울특별시,오목공원,서울 양천구 목동서로 1592,관광지,44,202502,126.873326392602900,37.527994386156450,11,11470,양천구,문화관광,[지역] 서울특별시 [장소] 오목공원 [카테고리] 관광지
서울특별시,로얄스퀘어호텔,서울 강서구 공항대로 300,숙박,44,202502,126.810288458173570,37.560684343405455,11,11500,강서구,숙박,[지역] 서울특별시 [장소] 로얄스퀘어호텔 [카테고리] 숙박
서울특별시,오아시스모텔,서울 구로구 디지털로32길 9710,숙박,44,202502,126.900979712013740,37.483281590558960,11,11530,구로구,숙박,[지역] 서울특별시 [장소] 오아시스모텔 [카테고리] 숙박
서울특별시,아현가구거리,서울 서대문구,관광지,44,202502,126.958373965064000,37.558158084037000,11,11410,서대문구,쇼핑,[지역] 서울특별시 [장소] 아현가구거리 [카테고리] 관광지
서울특별시,서부공원여가센터,서울 마포구 월드컵로 24360,관광지,44,202502,126.898434890677540,37.563545982003180,11,11440,마포구,문화관광,[지역] 서울특별시 [장소] 서부공원여가센터 [카테고리] 관광지
서울특별시,월드글로리아센터,서울 강동구 양재대로134길 520,관광지,44,202502,127.146440404772000,37.547410497954300,11,11740,강동구,문화관광,[지역] 서울특별시 [장소] 월드글로리아센터 [카테고리] 관광지
서울특별시,독산근린공원,서울 금천구 범안로 10960,관광지,44,202502,126.884214911698440,37.463668556010780,11,11545,금천구,문화관광,[지역] 서울특별시 [장소] 독산근린공원 [카테고리] 관광지
서울특별시,호텔그레이스리서울,서울 중구 세종대로12길 120,숙박,44,202502,126.976952038570690,37.561626225142575,11,11140,중구,숙박,[지역] 서울특별시 [장소] 호텔그레이스리서울 [카테고리] 숙박
서울특별시,캘리포니아관광호텔,서울 송파구 송파대로28길 110,숙박,44,202502,127.119137842201520,37.494110929449160,11,11710,송파구,숙박,[지역] 서울특별시 [장소] 캘리포니아관광호텔 [카테고리] 숙박
서울특별시,N서울타워,서울 용산구 남산공원길 1050,관광지,44,202502,126.988149117763210,37.551214626258290,11,11170,용산구,문화관광,[지역] 서울특별시 [장소] N서울타워 [카테고리] 관광지
서울특별시,K현대미술관,서울 강남구 선릉로 8070,관광지,44,202502,127.039190133278050,37.524363825445900,11,11680,강남구,문화관광,[지역] 서울특별시 [장소] K현대미술관 [카테고리] 관광지
서울특별시,호텔베뉴지,서울 종로구 청계천로 1170,숙박,44,202502,126.990748779460660,37.568612269001730,11,11110,종로구,숙박,[지역] 서울특별시 [장소] 호텔베뉴지 [카테고리] 숙박
서울특별시,풀문,서울 성동구 왕십리로22길 200,숙박,44,202502,127.035172522505000,37.563630148554000,11,11200,성동구,숙박,[지역] 서울특별시 [장소] 풀문 [카테고리] 숙박
서울특별시,오디움박물관공사중2024년개관예정,서울 서초구 헌릉로8길 60,관광지,44,202502,127.058966908167180,37.456900334340530,11,11650,서초구,문화관광,[지역] 서울특별시 [장소] 오디움박물관공사중2024년개관예정 [카테고리] 관광지
서울특별시,면곡시장,서울 광진구 답십리로76길 54,관광지,44,202502,127.081251616524000,37.571101794224100,11,11215,광진구,쇼핑,[지역] 서울특별시 [장소] 면곡시장 [카테고리] 관광지
서울특별시,루쏘호텔,서울 관악구 신림로64길 380,숙박,44,202502,126.931960392258000,37.485083038044600,11,11620,관악구,숙박,[지역] 서울특별시 [장소] 루쏘호텔 [카테고리] 숙박
서울특별시,토모gym,서울 동대문구 사가정로 1480,관광지,44,202502,127.060794208125800,37.577616679559440,11,11230,동대문구,레저스포츠,[지역] 서울특별시 [장소] 토모gym [카테고리] 관광지
서울특별시,성북시장,서울 강북구,관광지,44,202502,127.026867148708000,37.621540064106500,11,11305,강북구,쇼핑,[지역] 서울특별시 [장소] 성북시장 [카테고리] 관광지
서울특별시,평화문화진지,서울 도봉구 마들로 9320,관광지,44,202502,127.047114629702420,37.690837723687110,11,11320,도봉구,문화관광,[지역] 서울특별시 [장소] 평화문화진지 [카테고리] 관광지
서울특별시,W부띠끄호텔,서울 노원구 화랑로 4450,숙박,44,202502,127.076779330937000,37.618374076030300,11,11350,노원구,숙박,[지역] 서울특별시 [장소] W부띠끄호텔 [카테고리] 숙박
서울특별시,영등포아트홀,서울 영등포구 국회대로 5960,관광지,44,202502,126.900101767188000,37.526078104077700,11,11560,영등포구,문화관광,[지역] 서울특별시 [장소] 영등포아트홀 [카테고리] 관광지
서울특별시,더월호텔,서울 성북구 동소문로 10914,숙박,44,202502,127.017146077820000,37.593904312448400,11,11290,성북구,숙박,[지역] 서울특별시 [장소] 더월호텔 [카테고리] 숙박
서울특별시,Y호텔,서울 은평구 응암로9길 611,숙박,44,202502,126.915904039585260,37.587856046673880,11,11380,은평구,숙박,[지역] 서울특별시 [장소] Y호텔 [카테고리] 숙박
서울특별시,렛츠런CCC동대문지점,서울 동대문구 난계로 2540,관광지,45,202502,127.023729007901000,37.574323285150000,11,11230,동대문구,문화관광,[지역] 서울특별시 [장소] 렛츠런CCC동대문지점 [카테고리] 관광지
서울특별시,롯데콘서트홀,서울 송파구 올림픽로 3000,관광지,45,202502,127.104361204187000,37.513858555594000,11,11710,송파구,문화관광,[지역] 서울특별시 [장소] 롯데콘서트홀 [카테고리] 관광지
서울특별시,신흥시장,서울 용산구 신흥로 959,관광지,45,202502,126.985066121059000,37.545270850140400,11,11170,용산구,쇼핑,[지역] 서울특별시 [장소] 신흥시장 [카테고리] 관광지
서울특별시,백운시장,서울 도봉구 삼양로154길 420,관광지,45,202502,127.015340077291000,37.655702704385600,11,11320,도봉구,쇼핑,[지역] 서울특별시 [장소] 백운시장 [카테고리] 관광지
서울특별시,폼호텔,서울 은평구 연서로28길 211,숙박,45,202502,126.922126672984300,37.617039936197585,11,11380,은평구,숙박,[지역] 서울특별시 [장소] 폼호텔 [카테고리] 숙박
서울특별시,아이스플렉스,서울 양천구 지양로7길 90,관광지,45,202502,126.833052319321000,37.521550443058600,11,11470,양천구,레저스포츠,[지역] 서울특별시 [장소] 아이스플렉스 [카테고리] 관광지
서울특별시,우이골목시장,서울 강북구 노해로23길 760,관광지,45,202502,127.019839763153000,37.646259381305500,11,11305,강북구,쇼핑,[지역] 서울특별시 [장소] 우이골목시장 [카테고리] 관광지
서울특별시,호텔뉴브,서울 강남구 선릉로85길 60,숙박,45,202502,127.049126026037580,37.503038039854320,11,11680,강남구,숙박,[지역] 서울특별시 [장소] 호텔뉴브 [카테고리] 숙박
서울특별시,탑골공원,서울 종로구 종로 990,관광지,45,202502,126.988343349916000,37.571184539940300,11,11110,종로구,문화관광,[지역] 서울특별시 [장소] 탑골공원 [카테고리] 관광지
서울특별시,삼선포교원,서울 성북구 동소문로26마길 400,관광지,45,202502,127.021645654428000,37.595570814295200,11,11290,성북구,역사관광,[지역] 서울특별시 [장소] 삼선포교원 [카테고리] 관광지
서울특별시,금호종합시장,서울 성동구,관광지,45,202502,127.022562703762000,37.548076313275700,11,11200,성동구,쇼핑,[지역] 서울특별시 [장소] 금호종합시장 [카테고리] 관광지
서울특별시,성남고등학교야구장,서울 동작구 대방동길 740,관광지,45,202502,126.926238499685000,37.504580749286600,11,11590,동작구,체험관광,[지역] 서울특별시 [장소] 성남고등학교야구장 [카테고리] 관광지
서울특별시,헬로방방마포아현점,서울 마포구 마포대로 1950,관광지,45,202502,126.954096625353000,37.552880890335900,11,11440,마포구,문화관광,[지역] 서울특별시 [장소] 헬로방방마포아현점 [카테고리] 관광지
서울특별시,호텔901,서울 중랑구 망우로50길 180,숙박,45,202502,127.088772523253800,37.596343677723140,11,11260,중랑구,숙박,[지역] 서울특별시 [장소] 호텔901 [카테고리] 숙박
서울특별시,매헌시민의숲,서울 서초구 매헌로 990,관광지,45,202502,127.035590059037000,37.470724222569200,11,11650,서초구,문화관광,[지역] 서울특별시 [장소] 매헌시민의숲 [카테고리] 관광지
서울특별시,한강시민공원뚝섬지구수영장,서울 광진구,관광지,45,202502,127.067058863130970,37.529634277435974,11,11215,광진구,문화관광,[지역] 서울특별시 [장소] 한강시민공원뚝섬지구수영장 [카테고리] 관광지
서울특별시,도미니크호텔,서울 관악구 남부순환로 15010,숙박,45,202502,126.917397836793210,37.482605591268424,11,11620,관악구,숙박,[지역] 서울특별시 [장소] 도미니크호텔 [카테고리] 숙박
서울특별시,올즈윈퍼포먼스랩,서울 강동구 천호대로177길 390,관광지,45,202502,127.137834955090060,37.536415500901100,11,11740,강동구,레저스포츠,[지역] 서울특별시 [장소] 올즈윈퍼포먼스랩 [카테고리] 관광지
서울특별시,수락산,서울 노원구,관광지,45,202502,127.081083723920570,37.696031780481130,11,11350,노원구,자연관광,[지역] 서울특별시 [장소] 수락산 [카테고리] 관광지
서울특별시,갤러리구루지,서울 구로구 가마산로25길 210,관광지,45,202502,126.889575218967200,37.497109167515370,11,11530,구로구,문화관광,[지역] 서울특별시 [장소] 갤러리구루지 [카테고리] 관광지
서울특별시,칼튼호텔,서울 강서구 화곡로 35410,숙박,45,202502,126.852466914377000,37.554546743290900,11,11500,강서구,숙박,[지역] 서울특별시 [장소] 칼튼호텔 [카테고리] 숙박
서울특별시,산기슭공원,서울 금천구 독산로54길 60,관광지,45,202502,126.907323937135000,37.463418725076800,11,11545,금천구,문화관광,[지역] 서울특별시 [장소] 산기슭공원 [카테고리] 관광지
서울특별시,BLVD오라호텔,서울 영등포구 영등포로 26411,숙박,45,202502,126.910650334816000,37.518364254110600,11,11560,영등포구,숙박,[지역] 서울특별시 [장소] BLVD오라호텔 [카테고리] 숙박
서울특별시,서대문문화체육회관대극장,서울 서대문구 백련사길 390,관광지,45,202502,126.931515065124610,37.580683090704300,11,11410,서대문구,문화관광,[지역] 서울특별시 [장소] 서대문문화체육회관대극장 [카테고리] 관광지
서울특별시,중부시장,서울 중구 을지로32길 340,관광지,45,202502,127.000842273514050,37.565657478821320,11,11140,중구,쇼핑,[지역] 서울특별시 [장소] 중부시장 [카테고리] 관광지
서울특별시,다니엘캄파넬라,서울 강북구 오패산로79길 60,숙박,46,202502,127.025801459882810,37.637455792354630,11,11305,강북구,숙박,[지역] 서울특별시 [장소] 다니엘캄파넬라 [카테고리] 숙박
서울특별시,오라모텔,서울 구로구 남부순환로105길 940,숙박,46,202502,126.887964409861000,37.480749937797000,11,11530,구로구,숙박,[지역] 서울특별시 [장소] 오라모텔 [카테고리] 숙박
서울특별시,예향재,서울 성북구 성북로31길 970,관광지,46,202502,126.988676431123000,37.593904135784800,11,11290,성북구,문화관광,[지역] 서울특별시 [장소] 예향재 [카테고리] 관광지
서울특별시,불광시장,서울 은평구 불광로 120,관광지,46,202502,126.927931775903000,37.609540840005400,11,11380,은평구,쇼핑,[지역] 서울특별시 [장소] 불광시장 [카테고리] 관광지
서울특별시,정목어린이공원,서울 양천구 목동중앙남로4길 200,관광지,46,202502,126.868363574019160,37.536985138106130,11,11470,양천구,문화관광,[지역] 서울특별시 [장소] 정목어린이공원 [카테고리] 관광지
서울특별시,서울식물원호수공원,서울 강서구,관광지,46,202502,126.834634992640120,37.575683077931544,11,11500,강서구,문화관광,[지역] 서울특별시 [장소] 서울식물원호수공원 [카테고리] 관광지
서울특별시,조선일보뉴지엄,서울 동작구 현충로 1240,관광지,46,202502,126.967179225805000,37.506441895987200,11,11590,동작구,문화관광,[지역] 서울특별시 [장소] 조선일보뉴지엄 [카테고리] 관광지
서울특별시,키득키득라운지,서울 동작구 사당로27길 150,관광지,46,202502,126.978548613905330,37.484922661570820,11,11590,동작구,문화관광,[지역] 서울특별시 [장소] 키득키득라운지 [카테고리] 관광지
서울특별시,라스테이,서울 성동구 송정6길 191,숙박,46,202502,127.066614271323000,37.548715402268000,11,11200,성동구,숙박,[지역] 서울특별시 [장소] 라스테이 [카테고리] 숙박
서울특별시,누가바닛츠,서울 중랑구 사가정로43길 410,관광지,46,202502,127.084806239192350,37.583030762118284,11,11260,중랑구,체험관광,[지역] 서울특별시 [장소] 누가바닛츠 [카테고리] 관광지
서울특별시,챔피언1250,서울 용산구 한강대로21나길 170,관광지,46,202502,126.964151497946000,37.529550316911600,11,11170,용산구,문화관광,[지역] 서울특별시 [장소] 챔피언1250 [카테고리] 관광지
서울특별시,호텔페트라,서울 영등포구 경인로 8790,숙박,46,202502,126.910156491761000,37.517940217587200,11,11560,영등포구,숙박,[지역] 서울특별시 [장소] 호텔페트라 [카테고리] 숙박
서울특별시,창동골목시장,서울 도봉구 덕릉로58길 140,관광지,46,202502,127.039032547496000,37.638454849075100,11,11320,도봉구,쇼핑,[지역] 서울특별시 [장소] 창동골목시장 [카테고리] 관광지
서울특별시,윤동주문학관,서울 종로구 창의문로 1190,관광지,46,202502,126.967122842766000,37.592154204940100,11,11110,종로구,문화관광,[지역] 서울특별시 [장소] 윤동주문학관 [카테고리] 관광지
서울특별시,충무아트센터,서울 중구 퇴계로 3870,관광지,46,202502,127.014841004104000,37.566018634928000,11,11140,중구,문화관광,[지역] 서울특별시 [장소] 충무아트센터 [카테고리] 관광지
서울특별시,성신여자대학교난향원,서울 도봉구 도봉로169길 4160,관광지,46,202502,127.023465655066670,37.675467736399230,11,11320,도봉구,레저스포츠,[지역] 서울특별시 [장소] 성신여자대학교난향원 [카테고리] 관광지
서울특별시,에이든 바이 베스트 웨스턴 청담,서울 강남구 도산대로 2160,숙박,46,202502,127.030487005910000,37.519979240284600,11,11680,강남구,숙박,[지역] 서울특별시 [장소] 에이든 바이 베스트 웨스턴 청담 [카테고리] 숙박
서울특별시,헬로방방서초본점,서울 서초구 사임당로 1150,관광지,46,202502,127.022396608080000,37.491082900062300,11,11650,서초구,문화관광,[지역] 서울특별시 [장소] 헬로방방서초본점 [카테고리] 관광지
서울특별시,효봉공원,서울 금천구,관광지,46,202502,126.910518119013000,37.460696836797400,11,11545,금천구,문화관광,[지역] 서울특별시 [장소] 효봉공원 [카테고리] 관광지
서울특별시,구세군서울후생원,서울 서대문구 독립문로8길 410,관광지,46,202502,126.959457102738000,37.568212483209300,11,11410,서대문구,체험관광,[지역] 서울특별시 [장소] 구세군서울후생원 [카테고리] 관광지
서울특별시,엠베이스볼,서울 동대문구 왕산로 100,관광지,46,202502,127.024867778553000,37.575878667880000,11,11230,동대문구,레저스포츠,[지역] 서울특별시 [장소] 엠베이스볼 [카테고리] 관광지
서울특별시,올림픽공원세계평화의문,서울 송파구,관광지,46,202502,127.115332391729860,37.518302555201350,11,11710,송파구,문화관광,[지역] 서울특별시 [장소] 올림픽공원세계평화의문 [카테고리] 관광지
서울특별시,아차산,서울 광진구,관광지,46,202502,127.103777353752140,37.571546328444780,11,11215,광진구,자연관광,[지역] 서울특별시 [장소] 아차산 [카테고리] 관광지
서울특별시,나인브릭호텔,서울 마포구 홍익로5길 320,숙박,46,202502,126.920522253208000,37.553843077604600,11,11440,마포구,숙박,[지역] 서울특별시 [장소] 나인브릭호텔 [카테고리] 숙박
서울특별시,노해근린공원,서울 노원구 노원로22길 10,관광지,46,202502,127.071001772391000,37.648953834241100,11,11350,노원구,문화관광,[지역] 서울특별시 [장소] 노해근린공원 [카테고리] 관광지
서울특별시,샘터근린공원,서울 강동구,관광지,46,202502,127.157744792889000,37.562103315461100,11,11740,강동구,문화관광,[지역] 서울특별시 [장소] 샘터근린공원 [카테고리] 관광지
서울특별시,서울시립남서울미술관,서울 관악구 남부순환로 20760,관광지,46,202502,126.979493700000000,37.476065200000000,11,11620,관악구,문화관광,[지역] 서울특별시 [장소] 서울시립남서울미술관 [카테고리] 관광지
서울특별시,브론즈호텔,서울 구로구 공원로6가길 160,숙박,47,202502,126.891130583395880,37.502386344613996,11,11530,구로구,숙박,[지역] 서울특별시 [장소] 브론즈호텔 [카테고리] 숙박
서울특별시,홍릉숲,서울 동대문구 회기로 570,관광지,47,202502,127.044893554061120,37.595320988048590,11,11230,동대문구,자연관광,[지역] 서울특별시 [장소] 홍릉숲 [카테고리] 관광지
서울특별시,DU호텔,서울 은평구 통일로 7087,숙박,47,202502,126.931565732187720,37.609657351682756,11,11380,은평구,숙박,[지역] 서울특별시 [장소] DU호텔 [카테고리] 숙박
서울특별시,난지캠핑장,서울 마포구 한강난지로 220,숙박,47,202502,126.872187205680000,37.569795098754500,11,11440,마포구,숙박,[지역] 서울특별시 [장소] 난지캠핑장 [카테고리] 숙박
서울특별시,일자산자연공원,서울 강동구 동남로 6600,관광지,47,202502,127.150884599227910,37.532162288086480,11,11740,강동구,문화관광,[지역] 서울특별시 [장소] 일자산자연공원 [카테고리] 관광지
서울특별시,이지호텔,서울 강서구 화곡로 3270,숙박,47,202502,126.850550432835000,37.553324650842800,11,11500,강서구,숙박,[지역] 서울특별시 [장소] 이지호텔 [카테고리] 숙박
서울특별시,언더스탠드에비뉴,서울 성동구 왕십리로 630,관광지,47,202502,127.043435119396920,37.543436694992934,11,11200,성동구,문화관광,[지역] 서울특별시 [장소] 언더스탠드에비뉴 [카테고리] 관광지
서울특별시,뛰노리방방먹골역점,서울 중랑구 중랑역로 1670,관광지,47,202502,127.076273505984030,37.608346322737150,11,11260,중랑구,문화관광,[지역] 서울특별시 [장소] 뛰노리방방먹골역점 [카테고리] 관광지
서울특별시,메가박스센트럴,서울 서초구 신반포로 1760,관광지,47,202502,127.004037019477890,37.505081169027530,11,11650,서초구,문화관광,[지역] 서울특별시 [장소] 메가박스센트럴 [카테고리] 관광지
서울특별시,르네상스호텔,서울 관악구 신림로64길 120,숙박,47,202502,126.930428522995040,37.484895809098305,11,11620,관악구,숙박,[지역] 서울특별시 [장소] 르네상스호텔 [카테고리] 숙박
서울특별시,정말공원,서울 광진구,관광지,47,202502,127.078280036003000,37.533245041162400,11,11215,광진구,문화관광,[지역] 서울특별시 [장소] 정말공원 [카테고리] 관광지
서울특별시,만해한용운심우장,서울 성북구 성북로29길 240,관광지,47,202502,126.991759487972000,37.593654183808100,11,11290,성북구,역사관광,[지역] 서울특별시 [장소] 만해한용운심우장 [카테고리] 관광지
서울특별시,CGV압구정본관,서울 강남구 논현로 8480,관광지,47,202502,127.028867919115170,37.524579068903996,11,11680,강남구,문화관광,[지역] 서울특별시 [장소] CGV압구정본관 [카테고리] 관광지
서울특별시,레스케이프호텔,서울 중구 퇴계로 670,숙박,47,202502,126.979566474236000,37.560074659664000,11,11140,중구,숙박,[지역] 서울특별시 [장소] 레스케이프호텔 [카테고리] 숙박
서울특별시,키즈앤팡중계점,서울 노원구 중계로12가길 20,관광지,47,202502,127.082084118551000,37.647370753816400,11,11350,노원구,문화관광,[지역] 서울특별시 [장소] 키즈앤팡중계점 [카테고리] 관광지
서울특별시,모모호텔,서울 서대문구 연세로2길 480,숙박,47,202502,126.939514576430000,37.556435945071100,11,11410,서대문구,숙박,[지역] 서울특별시 [장소] 모모호텔 [카테고리] 숙박
서울특별시,송파나루공원서호,서울 송파구 삼학사로 1360,관광지,47,202502,127.100556048075000,37.508192519819300,11,11710,송파구,문화관광,[지역] 서울특별시 [장소] 송파나루공원서호 [카테고리] 관광지
서울특별시,양평누리체육공원야구장,서울 영등포구,관광지,47,202502,126.884825179815980,37.545992374230230,11,11560,영등포구,문화관광,[지역] 서울특별시 [장소] 양평누리체육공원야구장 [카테고리] 관광지
서울특별시,IBC호텔,서울 종로구 난계로 2410,숙박,47,202502,127.022923535806740,37.573240072100100,11,11110,종로구,숙박,[지역] 서울특별시 [장소] IBC호텔 [카테고리] 숙박
서울특별시,은행나무시장,서울 금천구 금하로25길 90,관광지,47,202502,126.909379422709000,37.451309025737200,11,11545,금천구,쇼핑,[지역] 서울특별시 [장소] 은행나무시장 [카테고리] 관광지
서울특별시,신동아쇼핑센터,서울 용산구 이촌로 3520,관광지,47,202502,126.985121942331000,37.517412960332200,11,11170,용산구,쇼핑,[지역] 서울특별시 [장소] 신동아쇼핑센터 [카테고리] 관광지
서울특별시,우리끼리 키즈카페 무지개마을서울미아점,서울 강북구 삼양로27길 3521,관광지,47,202502,127.018920539501610,37.617951714736480,11,11305,강북구,문화관광,[지역] 서울특별시 [장소] 우리끼리 키즈카페 무지개마을서울미아점 [카테고리] 관광지
서울특별시,신월어린이공원,서울 양천구,관광지,47,202502,126.838246242048600,37.526994289187100,11,11470,양천구,문화관광,[지역] 서울특별시 [장소] 신월어린이공원 [카테고리] 관광지
서울특별시,호텔엠펠리체,서울 강서구 마곡동로4길 150,숙박,48,202502,126.835273974864620,37.559879355283016,11,11500,강서구,숙박,[지역] 서울특별시 [장소] 호텔엠펠리체 [카테고리] 숙박
서울특별시,리츠호텔,서울 노원구 노해로75길 207,숙박,48,202502,127.057725138047000,37.654814183626600,11,11350,노원구,숙박,[지역] 서울특별시 [장소] 리츠호텔 [카테고리] 숙박
서울특별시,롯데면세점월드타워점,서울 송파구 올림픽로 3000,관광지,48,202502,127.101833665353000,37.512775331622900,11,11710,송파구,쇼핑,[지역] 서울특별시 [장소] 롯데면세점월드타워점 [카테고리] 관광지
서울특별시,광진어린이공연장,서울 광진구 능동로 4000,관광지,48,202502,127.084457558319000,37.564999632574114,11,11215,광진구,문화관광,[지역] 서울특별시 [장소] 광진어린이공연장 [카테고리] 관광지
서울특별시,모두예술극장,서울 서대문구 충정로 70,관광지,48,202502,126.962335519884730,37.560129563818364,11,11410,서대문구,문화관광,[지역] 서울특별시 [장소] 모두예술극장 [카테고리] 관광지
서울특별시,렛츠런CCC영등포지점,서울 영등포구 영중로8길 140,관광지,48,202502,126.907073435323000,37.518134620746300,11,11560,영등포구,레저스포츠,[지역] 서울특별시 [장소] 렛츠런CCC영등포지점 [카테고리] 관광지
서울특별시,북한산둘레캠프,서울 은평구 연서로 6082,숙박,48,202502,126.938958181244000,37.647925352825000,11,11380,은평구,숙박,[지역] 서울특별시 [장소] 북한산둘레캠프 [카테고리] 숙박
서울특별시,현준아이스링크,서울 구로구 목동남로 60,관광지,48,202502,126.860887966177190,37.506765667888615,11,11470,양천구,레저스포츠,[지역] 서울특별시 [장소] 현준아이스링크 [카테고리] 관광지
서울특별시,수유북부시장,서울 강북구 삼양로91길 90,관광지,48,202502,127.016173525590000,37.636399388709400,11,11305,강북구,쇼핑,[지역] 서울특별시 [장소] 수유북부시장 [카테고리] 관광지
서울특별시,씨네큐브광화문점,서울 종로구 새문안로 680,관광지,48,202502,126.972261485232600,37.569740163218505,11,11110,종로구,문화관광,[지역] 서울특별시 [장소] 씨네큐브광화문점 [카테고리] 관광지
서울특별시,모나코스페이스,서울 서초구 서초대로 3970,관광지,48,202502,127.024563018229000,37.497332191323900,11,11650,서초구,문화관광,[지역] 서울특별시 [장소] 모나코스페이스 [카테고리] 관광지
서울특별시,호텔국도,서울 중구 을지로 1640,숙박,48,202502,126.996287124468000,37.566212941930000,11,11140,중구,숙박,[지역] 서울특별시 [장소] 호텔국도 [카테고리] 숙박
서울특별시,라붐아울렛,서울 관악구 남부순환로 18200,관광지,48,202502,126.952180826684240,37.481000300137490,11,11620,관악구,쇼핑,[지역] 서울특별시 [장소] 라붐아울렛 [카테고리] 관광지
서울특별시,한국경제발전전시관,서울 동대문구 회기로 470,관광지,48,202502,127.043051988006140,37.594873211492340,11,11230,동대문구,문화관광,[지역] 서울특별시 [장소] 한국경제발전전시관 [카테고리] 관광지
서울특별시,레미어린이극장금천점,서울 금천구 두산로 710,관광지,48,202502,126.895650347538210,37.470622237718050,11,11545,금천구,문화관광,[지역] 서울특별시 [장소] 레미어린이극장금천점 [카테고리] 관광지
서울특별시,고덕차량사업소야구장,서울 강동구 아리수로87길 320,관광지,48,202502,127.170243630144000,37.565464117097400,11,11740,강동구,문화관광,[지역] 서울특별시 [장소] 고덕차량사업소야구장 [카테고리] 관광지
서울특별시,엠베이스볼쌍문동점,서울 도봉구 우이천로 2923,관광지,48,202502,127.030088856537000,37.644120803988000,11,11320,도봉구,레저스포츠,[지역] 서울특별시 [장소] 엠베이스볼쌍문동점 [카테고리] 관광지
서울특별시,고척근린소공원,서울 구로구,관광지,48,202502,126.852550728287000,37.503441544199700,11,11530,구로구,문화관광,[지역] 서울특별시 [장소] 고척근린소공원 [카테고리] 관광지
서울특별시,햇살공원,서울 중랑구,관광지,48,202502,127.083223474302000,37.589932962117600,11,11260,중랑구,문화관광,[지역] 서울특별시 [장소] 햇살공원 [카테고리] 관광지
서울특별시,장미제일시장,서울 중랑구 동일로139다길 400,관광지,48,202502,127.076292350977950,37.605068747866156,11,11260,중랑구,쇼핑,[지역] 서울특별시 [장소] 장미제일시장 [카테고리] 관광지
서울특별시,곰도리도리키즈카페,서울 중랑구 봉화산로 2430,관광지,48,202502,127.099680000000000,37.608328500000000,11,11260,중랑구,문화관광,[지역] 서울특별시 [장소] 곰도리도리키즈카페 [카테고리] 관광지
서울특별시,호텔쁠랑,서울 성동구 동일로 2190,숙박,48,202502,127.068919590924000,37.551520647885000,11,11200,성동구,숙박,[지역] 서울특별시 [장소] 호텔쁠랑 [카테고리] 숙박
서울특별시,만리동시장,서울 용산구 효창원로 2700,관광지,48,202502,126.963540229777000,37.551436671043700,11,11170,용산구,쇼핑,[지역] 서울특별시 [장소] 만리동시장 [카테고리] 관광지
서울특별시,백암아트홀,서울 강남구 테헤란로113길 70,관광지,48,202502,127.065975816468210,37.510386495181050,11,11680,강남구,문화관광,[지역] 서울특별시 [장소] 백암아트홀 [카테고리] 관광지
서울특별시,사당시장,서울 동작구 사당로 2440,관광지,48,202502,126.974956529088000,37.482833561182900,11,11590,동작구,쇼핑,[지역] 서울특별시 [장소] 사당시장 [카테고리] 관광지
서울특별시,서울형키즈카페마포구상암점,서울 마포구 상암산로1길 710,관광지,48,202502,126.883609291249910,37.580516200542450,11,11440,마포구,문화관광,[지역] 서울특별시 [장소] 서울형키즈카페마포구상암점 [카테고리] 관광지
서울특별시,칠보사,서울 성북구 성북로28길 660,관광지,48,202502,126.991870561308000,37.596487190033100,11,11290,성북구,역사관광,[지역] 서울특별시 [장소] 칠보사 [카테고리] 관광지
서울특별시,스탠포드호텔명동,서울 중구 남대문로 840,숙박,49,202502,126.982839201300010,37.564699150066260,11,11140,중구,숙박,[지역] 서울특별시 [장소] 스탠포드호텔명동 [카테고리] 숙박
서울특별시,새마을시장,서울 송파구 석촌호수로12길 70,관광지,49,202502,127.084696361944000,37.508942334202100,11,11710,송파구,쇼핑,[지역] 서울특별시 [장소] 새마을시장 [카테고리] 관광지
서울특별시,반야사,서울 양천구 목동중앙남로16라길 110,관광지,49,202502,126.862632759628000,37.544270216233400,11,11470,양천구,역사관광,[지역] 서울특별시 [장소] 반야사 [카테고리] 관광지
서울특별시,뚝섬한강공원벽천마당,서울 광진구,관광지,49,202502,127.061725985478000,37.532300602695600,11,11215,광진구,문화관광,[지역] 서울특별시 [장소] 뚝섬한강공원벽천마당 [카테고리] 관광지
서울특별시,까치산시장,서울 강서구 강서로12길 140,관광지,49,202502,126.847634238195000,37.531549374640700,11,11500,강서구,쇼핑,[지역] 서울특별시 [장소] 까치산시장 [카테고리] 관광지
서울특별시,금성당,서울 은평구 진관2로 5723,관광지,49,202502,126.925487303323000,37.635176745939400,11,11380,은평구,역사관광,[지역] 서울특별시 [장소] 금성당 [카테고리] 관광지
서울특별시,청와대정문,서울 종로구 청와대로 10,관광지,49,202502,126.975205520142000,37.584432926053000,11,11110,종로구,기타관광,[지역] 서울특별시 [장소] 청와대정문 [카테고리] 관광지
서울특별시,바운스트램폴린파크삼성센터,서울 강남구 영동대로 3250,관광지,49,202502,127.065614807353980,37.503303978009910,11,11680,강남구,문화관광,[지역] 서울특별시 [장소] 바운스트램폴린파크삼성센터 [카테고리] 관광지
서울특별시,달맞이봉공원,서울 성동구,관광지,49,202502,127.020840683645640,37.543326851757065,11,11200,성동구,문화관광,[지역] 서울특별시 [장소] 달맞이봉공원 [카테고리] 관광지
서울특별시,샘호텔,서울 강동구 천중로 1970,숙박,49,202502,127.142274176506000,37.541161193963000,11,11740,강동구,숙박,[지역] 서울특별시 [장소] 샘호텔 [카테고리] 숙박
서울특별시,원광사,서울 용산구 한강대로40길 460,관광지,49,202502,126.972593348142940,37.529242293646690,11,11170,용산구,역사관광,[지역] 서울특별시 [장소] 원광사 [카테고리] 관광지
서울특별시,문화정원아트홀,서울 금천구 가산로 610,관광지,49,202502,126.895908221555000,37.471834349839800,11,11545,금천구,문화관광,[지역] 서울특별시 [장소] 문화정원아트홀 [카테고리] 관광지
서울특별시,예술의전당자유소극장,서울 서초구 남부순환로 24060,관광지,49,202502,127.013897491800320,37.479139783104150,11,11650,서초구,문화관광,[지역] 서울특별시 [장소] 예술의전당자유소극장 [카테고리] 관광지
서울특별시,남현소공원,서울 관악구,관광지,49,202502,126.979291543009200,37.475703571159144,11,11620,관악구,문화관광,[지역] 서울특별시 [장소] 남현소공원 [카테고리] 관광지
서울특별시,2001아울렛구로점,서울 구로구 중앙로1길 360,관광지,49,202502,126.862535893668000,37.498172349663700,11,11530,구로구,쇼핑,[지역] 서울특별시 [장소] 2001아울렛구로점 [카테고리] 관광지
서울특별시,아현시장,서울 마포구 굴레방로 2710,관광지,49,202502,126.955013172205000,37.556686011405200,11,11440,마포구,쇼핑,[지역] 서울특별시 [장소] 아현시장 [카테고리] 관광지
서울특별시,호텔월드스테이,서울 성북구 동소문로18길 2420,숙박,49,202502,127.015697008591300,37.591464570930140,11,11290,성북구,숙박,[지역] 서울특별시 [장소] 호텔월드스테이 [카테고리] 숙박
서울특별시,무수골계곡,서울 도봉구,관광지,49,202502,127.033560442544430,37.676644837865140,11,11320,도봉구,자연관광,[지역] 서울특별시 [장소] 무수골계곡 [카테고리] 관광지
서울특별시,백년시장,서울 강북구 한천로 10580,관광지,49,202502,127.026170386958770,37.642024915283656,11,11305,강북구,쇼핑,[지역] 서울특별시 [장소] 백년시장 [카테고리] 관광지
서울특별시,스카이모텔,서울 동대문구 이문로 121,숙박,49,202502,127.054892712705000,37.588932900539000,11,11230,동대문구,숙박,[지역] 서울특별시 [장소] 스카이모텔 [카테고리] 숙박
서울특별시,상도어울마당아트홀,서울 동작구 성대로 1800,관광지,49,202502,126.940361241116820,37.499249362775970,11,11590,동작구,문화관광,[지역] 서울특별시 [장소] 상도어울마당아트홀 [카테고리] 관광지
서울특별시,서대문형무소역사관사형장,서울 서대문구 통일로 2510,관광지,49,202502,126.956061277381250,37.573300617828410,11,11410,서대문구,문화관광,[지역] 서울특별시 [장소] 서대문형무소역사관사형장 [카테고리] 관광지
서울특별시,SB호텔,서울 영등포구 영중로4길 360,숙박,49,202502,126.910368072517370,37.518075649160096,11,11560,영등포구,숙박,[지역] 서울특별시 [장소] SB호텔 [카테고리] 숙박
서울특별시,수락산스포츠타운야구장,서울 노원구,관광지,49,202502,127.071361283300400,37.668062460218806,11,11350,노원구,문화관광,[지역] 서울특별시 [장소] 수락산스포츠타운야구장 [카테고리] 관광지
서울특별시,서울식물원,서울 강서구 마곡동로 1610,관광지,5,202502,126.835047253735000,37.569453498571000,11,11500,강서구,문화관광,[지역] 서울특별시 [장소] 서울식물원 [카테고리] 관광지
서울특별시,르네상스쇼핑몰,서울 관악구 신림로 3400,관광지,5,202502,126.930071677247000,37.484749731707000,11,11620,관악구,쇼핑,[지역] 서울특별시 [장소] 르네상스쇼핑몰 [카테고리] 관광지
서울특별시,목동깨비시장,서울 양천구 목동중앙북로 290,관광지,5,202502,126.865188044071000,37.548436416428000,11,11470,양천구,쇼핑,[지역] 서울특별시 [장소] 목동깨비시장 [카테고리] 관광지
서울특별시,CGV상봉,서울 중랑구 상봉로 1310,관광지,5,202502,127.092333687085300,37.597459926445690,11,11260,중랑구,문화관광,[지역] 서울특별시 [장소] CGV상봉 [카테고리] 관광지
서울특별시,다락원체육공원,서울 도봉구 창포원로 450,관광지,5,202502,127.047586798664840,37.691893159972670,11,11320,도봉구,문화관광,[지역] 서울특별시 [장소] 다락원체육공원 [카테고리] 관광지
서울특별시,서울상상나라,서울 광진구 능동로 2160,관광지,5,202502,127.077516609301090,37.550497460914540,11,11215,광진구,문화관광,[지역] 서울특별시 [장소] 서울상상나라 [카테고리] 관광지
서울특별시,메가박스성수,서울 성동구 왕십리로 500,관광지,5,202502,127.044671876006750,37.541993820490600,11,11200,성동구,문화관광,[지역] 서울특별시 [장소] 메가박스성수 [카테고리] 관광지
서울특별시,북촌한옥마을,서울 종로구,관광지,5,202502,126.985176868788910,37.581516658439910,11,11110,종로구,역사관광,[지역] 서울특별시 [장소] 북촌한옥마을 [카테고리] 관광지
서울특별시,보라매공원,서울 동작구 여의대방로20길 330,관광지,5,202502,126.919294804586000,37.491915504366500,11,11590,동작구,문화관광,[지역] 서울특별시 [장소] 보라매공원 [카테고리] 관광지
서울특별시,북서울꿈의숲,서울 강북구 월계로 1730,관광지,5,202502,127.041060313551170,37.621067985111420,11,11305,강북구,문화관광,[지역] 서울특별시 [장소] 북서울꿈의숲 [카테고리] 관광지
서울특별시,롯데백화점강남점,서울 강남구 도곡로 4010,관광지,5,202502,127.053282650089000,37.496943525229000,11,11680,강남구,쇼핑,[지역] 서울특별시 [장소] 롯데백화점강남점 [카테고리] 관광지
서울특별시,호텔나루서울엠갤러리,서울 마포구 마포대로 80,숙박,5,202502,126.944307778830820,37.537367793829500,11,11440,마포구,숙박,[지역] 서울특별시 [장소] 호텔나루서울엠갤러리 [카테고리] 숙박
서울특별시,롯데시티호텔구로,서울 구로구 디지털로 3000,숙박,5,202502,126.896602477130470,37.485027273594845,11,11530,구로구,숙박,[지역] 서울특별시 [장소] 롯데시티호텔구로 [카테고리] 숙박
서울특별시,고려대아이스링크,서울 성북구 안암로 1450,관광지,5,202502,127.026200818139150,37.593515524866940,11,11290,성북구,레저스포츠,[지역] 서울특별시 [장소] 고려대아이스링크 [카테고리] 관광지
서울특별시,세이브존노원점,서울 노원구 한글비석로 570,관광지,5,202502,127.068418794689440,37.636677461104654,11,11350,노원구,쇼핑,[지역] 서울특별시 [장소] 세이브존노원점 [카테고리] 관광지
서울특별시,CGV용산아이파크몰,서울 용산구 한강대로23길 550,관광지,5,202502,126.965179176894000,37.530161363688000,11,11170,용산구,문화관광,[지역] 서울특별시 [장소] CGV용산아이파크몰 [카테고리] 관광지
서울특별시,로라바운스천호점,서울 강동구 올림픽로 6640,관광지,5,202502,127.124991579466380,37.540585118113285,11,11740,강동구,문화관광,[지역] 서울특별시 [장소] 로라바운스천호점 [카테고리] 관광지
서울특별시,가든파이브라이프,서울 송파구 충민로 660,관광지,5,202502,127.124359757683000,37.477390671081900,11,11710,송파구,쇼핑,[지역] 서울특별시 [장소] 가든파이브라이프 [카테고리] 관광지
서울특별시,뉴코아아울렛강남점,서울 서초구 잠원로 690,관광지,5,202502,127.007953299612000,37.508441915880000,11,11650,서초구,쇼핑,[지역] 서울특별시 [장소] 뉴코아아울렛강남점 [카테고리] 관광지
서울특별시,신라스테이서대문,서울 서대문구 충정로 760,숙박,5,202502,126.966762026991000,37.565185100658000,11,11410,서대문구,숙박,[지역] 서울특별시 [장소] 신라스테이서대문 [카테고리] 숙박
서울특별시,대림시장,서울 은평구 응암로4길 220,관광지,5,202502,126.917627371857000,37.586987831413000,11,11380,은평구,쇼핑,[지역] 서울특별시 [장소] 대림시장 [카테고리] 관광지
서울특별시,롯데시네마청량리,서울 동대문구 왕산로 2140,관광지,5,202502,127.048004528802700,37.580600488004805,11,11230,동대문구,문화관광,[지역] 서울특별시 [장소] 롯데시네마청량리 [카테고리] 관광지
서울특별시,독산동우시장,서울 금천구 범안로 12090,관광지,5,202502,126.896269348050380,37.466807155259710,11,11545,금천구,쇼핑,[지역] 서울특별시 [장소] 독산동우시장 [카테고리] 관광지
서울특별시,롯데호텔서울점,서울 중구 을지로 300,숙박,5,202502,126.980982961386000,37.565351835795900,11,11140,중구,숙박,[지역] 서울특별시 [장소] 롯데호텔서울점 [카테고리] 숙박
서울특별시,여의도한강공원,서울 영등포구 여의동로 3300,관광지,5,202502,126.928293614413000,37.531049923532900,11,11560,영등포구,문화관광,[지역] 서울특별시 [장소] 여의도한강공원 [카테고리] 관광지
서울특별시,양천향교,서울 강서구 양천로47나길 530,관광지,50,202502,126.839828991900000,37.573072300509000,11,11500,강서구,역사관광,[지역] 서울특별시 [장소] 양천향교 [카테고리] 관광지
서울특별시,온더풋볼클럽,서울 성북구 오패산로10길 300,관광지,50,202502,127.038484921955000,37.605112817917500,11,11290,성북구,레저스포츠,[지역] 서울특별시 [장소] 온더풋볼클럽 [카테고리] 관광지
서울특별시,도미인서울강남호텔,서울 강남구 봉은사로 1340,숙박,50,202502,127.029479159590000,37.505664592159700,11,11680,강남구,숙박,[지역] 서울특별시 [장소] 도미인서울강남호텔 [카테고리] 숙박
서울특별시,색동어린이공원,서울 강북구,관광지,50,202502,127.020645374828000,37.633177567297200,11,11305,강북구,문화관광,[지역] 서울특별시 [장소] 색동어린이공원 [카테고리] 관광지
서울특별시,인라인쿠키스쿨,서울 양천구 신월로 3690,관광지,50,202502,126.862077463454000,37.522411630250300,11,11470,양천구,레저스포츠,[지역] 서울특별시 [장소] 인라인쿠키스쿨 [카테고리] 관광지
서울특별시,노들섬복합문화공간,서울 용산구 양녕로 4450,관광지,50,202502,126.957568871548000,37.517996056829000,11,11170,용산구,문화관광,[지역] 서울특별시 [장소] 노들섬복합문화공간 [카테고리] 관광지
서울특별시,천호자전거거리,서울 강동구,관광지,50,202502,127.124414633331000,37.545743885351000,11,11740,강동구,레저스포츠,[지역] 서울특별시 [장소] 천호자전거거리 [카테고리] 관광지
서울특별시,어반노드,서울 서대문구 연세로4길 70,숙박,50,202502,126.937403650069000,37.557074747106000,11,11410,서대문구,숙박,[지역] 서울특별시 [장소] 어반노드 [카테고리] 숙박
서울특별시,퍼시픽호텔,서울 중구 퇴계로20길 20,숙박,50,202502,126.985427058601360,37.559741401068210,11,11140,중구,숙박,[지역] 서울특별시 [장소] 퍼시픽호텔 [카테고리] 숙박
서울특별시,석촌호수서호,서울 송파구 삼학사로 1360,관광지,50,202502,127.100694926335000,37.507998098705900,11,11710,송파구,자연관광,[지역] 서울특별시 [장소] 석촌호수서호 [카테고리] 관광지
서울특별시,큐티모텔,서울 노원구 동일로 10350,숙박,50,202502,127.073612909406000,37.622540240777900,11,11350,노원구,숙박,[지역] 서울특별시 [장소] 큐티모텔 [카테고리] 숙박
서울특별시,더코노셔레지던스,서울 영등포구 국회대로68길 240,숙박,50,202502,126.920081231188530,37.528251175147690,11,11560,영등포구,숙박,[지역] 서울특별시 [장소] 더코노셔레지던스 [카테고리] 숙박
서울특별시,동대문쇼핑타운,서울 종로구 종로 2660,관광지,50,202502,127.008174894040000,37.570740269696000,11,11110,종로구,쇼핑,[지역] 서울특별시 [장소] 동대문쇼핑타운 [카테고리] 관광지
서울특별시,강북청년창업마루,서울 강북구 노해로23길 1230,관광지,50,202502,127.017330939222060,37.647409434722164,11,11305,강북구,문화관광,[지역] 서울특별시 [장소] 강북청년창업마루 [카테고리] 관광지
서울특별시,서울형키즈카페도봉구도봉2동점,서울 도봉구 마들로 6680,관광지,50,202502,127.046559334701000,37.669673504367600,11,11320,도봉구,문화관광,[지역] 서울특별시 [장소] 서울형키즈카페도봉구도봉2동점 [카테고리] 관광지
서울특별시,양도공묘역,서울 금천구 독산로36나길 630,관광지,50,202502,126.909573781658000,37.458419316456400,11,11545,금천구,역사관광,[지역] 서울특별시 [장소] 양도공묘역 [카테고리] 관광지
서울특별시,서울거리예술창작센터,서울 광진구 아차산로 7100,관광지,50,202502,127.112804470011000,37.555964853208400,11,11215,광진구,문화관광,[지역] 서울특별시 [장소] 서울거리예술창작센터 [카테고리] 관광지
서울특별시,효사정,서울 동작구 현충로 550,관광지,50,202502,126.962735143782700,37.510496955499180,11,11590,동작구,문화관광,[지역] 서울특별시 [장소] 효사정 [카테고리] 관광지
서울특별시,홍대거리,서울 마포구,관광지,50,202502,126.922599459950000,37.554352748974500,11,11440,마포구,문화관광,[지역] 서울특별시 [장소] 홍대거리 [카테고리] 관광지
서울특별시,용허리공원,서울 서초구 서초대로70길 00,관광지,50,202502,127.022924307382000,37.494249204117700,11,11650,서초구,문화관광,[지역] 서울특별시 [장소] 용허리공원 [카테고리] 관광지
서울특별시,메인모텔,서울 은평구 수색로 2870,숙박,50,202502,126.892463017573680,37.583376984051850,11,11380,은평구,숙박,[지역] 서울특별시 [장소] 메인모텔 [카테고리] 숙박
서울특별시,하얀호텔,서울 동대문구 장한로 310,숙박,50,202502,127.066114163140000,37.564296930918200,11,11230,동대문구,숙박,[지역] 서울특별시 [장소] 하얀호텔 [카테고리] 숙박
서울특별시,K2호텔,서울 관악구 신림로64길 290,숙박,50,202502,126.931373207530560,37.485277978635950,11,11620,관악구,숙박,[지역] 서울특별시 [장소] K2호텔 [카테고리] 숙박
서울특별시,여비진아카데미,서울 성동구 무학로6길 181,관광지,50,202502,127.032117228748000,37.565102181543000,11,11200,성동구,체험관광,[지역] 서울특별시 [장소] 여비진아카데미 [카테고리] 관광지
서울특별시,사모아쇼핑,서울 구로구 구일로10길 930,관광지,50,202502,126.876965259532000,37.495887010043700,11,11530,구로구,쇼핑,[지역] 서울특별시 [장소] 사모아쇼핑 [카테고리] 관광지
서울특별시,노보텔앰배서더독산,서울 금천구 시흥대로 3780,숙박,51,202502,126.898435813117960,37.467418208901115,11,11545,금천구,숙박,[지역] 서울특별시 [장소] 노보텔앰배서더독산 [카테고리] 숙박
서울특별시,성내전통시장,서울 강동구 천호대로162길 610,관광지,51,202502,127.127914430496000,37.534300785408400,11,11740,강동구,쇼핑,[지역] 서울특별시 [장소] 성내전통시장 [카테고리] 관광지
서울특별시,도봉사,서울 도봉구 도봉산길 890,관광지,51,202502,127.030421742038000,37.686310365512900,11,11320,도봉구,역사관광,[지역] 서울특별시 [장소] 도봉사 [카테고리] 관광지
서울특별시,무수골주말농장,서울 도봉구 도봉로169길 2662,관광지,51,202502,127.033421558796000,37.677394750154000,11,11320,도봉구,체험관광,[지역] 서울특별시 [장소] 무수골주말농장 [카테고리] 관광지
서울특별시,로꼬풋살스타디움강서염창점,서울 강서구 양천로67길 630,관광지,51,202502,126.870029457984860,37.556625091601720,11,11500,강서구,레저스포츠,[지역] 서울특별시 [장소] 로꼬풋살스타디움강서염창점 [카테고리] 관광지
서울특별시,테마21모텔,서울 중랑구 망우로 2780,숙박,51,202502,127.083445620898000,37.595543425689500,11,11260,중랑구,숙박,[지역] 서울특별시 [장소] 테마21모텔 [카테고리] 숙박
서울특별시,월계배드민턴전용구장,서울 노원구 마들로5가길 1130,관광지,51,202502,127.051809170364000,37.638316056211900,11,11350,노원구,레저스포츠,[지역] 서울특별시 [장소] 월계배드민턴전용구장 [카테고리] 관광지
서울특별시,동서울아트홀,서울 광진구 구의강변로 380,관광지,51,202502,127.091862133180020,37.534161686710240,11,11215,광진구,문화관광,[지역] 서울특별시 [장소] 동서울아트홀 [카테고리] 관광지
서울특별시,여의도공원,서울 영등포구 여의공원로 680,관광지,51,202502,126.922127554577000,37.525939365699600,11,11560,영등포구,문화관광,[지역] 서울특별시 [장소] 여의도공원 [카테고리] 관광지
서울특별시,더클라임사당점,서울 관악구 과천대로 9390,관광지,51,202502,126.981456023810000,37.474362357711000,11,11620,관악구,레저스포츠,[지역] 서울특별시 [장소] 더클라임사당점 [카테고리] 관광지
서울특별시,노벰버모텔,서울 구로구 공원로6가길 200,숙박,51,202502,126.891047256532080,37.502497442373354,11,11530,구로구,숙박,[지역] 서울특별시 [장소] 노벰버모텔 [카테고리] 숙박
서울특별시,메가박스송파파크하비오,서울 송파구 송파대로 1110,관광지,51,202502,127.123609779989850,37.482001245023260,11,11710,송파구,문화관광,[지역] 서울특별시 [장소] 메가박스송파파크하비오 [카테고리] 관광지
서울특별시,라마다서울동대문,서울 중구 동호로 3540,숙박,51,202502,127.002758764427540,37.565907461777380,11,11140,중구,숙박,[지역] 서울특별시 [장소] 라마다서울동대문 [카테고리] 숙박
서울특별시,아터테인,서울 서대문구 홍연길 634,관광지,51,202502,126.930181893083000,37.576489123351100,11,11410,서대문구,문화관광,[지역] 서울특별시 [장소] 아터테인 [카테고리] 관광지
서울특별시,시네마모텔,서울 동대문구 사가정로 2660,숙박,51,202502,127.074474370247800,37.579323023313030,11,11230,동대문구,숙박,[지역] 서울특별시 [장소] 시네마모텔 [카테고리] 숙박
서울특별시,목시서울인사동,서울 종로구 돈화문로11길 370,숙박,51,202502,126.989343247822000,37.572378852417200,11,11110,종로구,숙박,[지역] 서울특별시 [장소] 목시서울인사동 [카테고리] 숙박
서울특별시,레인보우호텔,서울 용산구 한강대로71길 480,숙박,51,202502,126.972145916463000,37.541433998033400,11,11170,용산구,숙박,[지역] 서울특별시 [장소] 레인보우호텔 [카테고리] 숙박
서울특별시,노리퐁당,서울 중랑구 동일로 6032,관광지,51,202502,127.079501643270000,37.584405800280500,11,11260,중랑구,문화관광,[지역] 서울특별시 [장소] 노리퐁당 [카테고리] 관광지
서울특별시,에이치에비뉴성신여대점,서울 성북구 동소문로 1300,숙박,51,202502,127.019062568670000,37.594154295444000,11,11290,성북구,숙박,[지역] 서울특별시 [장소] 에이치에비뉴성신여대점 [카테고리] 숙박
서울특별시,흥창사,서울 은평구 통일로 10930,관광지,51,202502,126.915460385191000,37.640148330719600,11,11380,은평구,역사관광,[지역] 서울특별시 [장소] 흥창사 [카테고리] 관광지
서울특별시,호림아트센터,서울 강남구 도산대로45길 60,관광지,51,202502,127.036228383566710,37.522690443956330,11,11680,강남구,문화관광,[지역] 서울특별시 [장소] 호림아트센터 [카테고리] 관광지
서울특별시,주연62,서울 중랑구 망우로48길 370,숙박,51,202502,127.088836221761940,37.595593750683380,11,11260,중랑구,숙박,[지역] 서울특별시 [장소] 주연62 [카테고리] 숙박
서울특별시,성수문화예술마당,서울 성동구 고산자로 710,관광지,51,202502,127.035363400000000,37.545213600000000,11,11200,성동구,문화관광,[지역] 서울특별시 [장소] 성수문화예술마당 [카테고리] 관광지
서울특별시,스위스모텔,서울 양천구 오목로 660,숙박,51,202502,126.844913569206000,37.522511686848500,11,11470,양천구,숙박,[지역] 서울특별시 [장소] 스위스모텔 [카테고리] 숙박
서울특별시,뉴코아아울렛강남점패션관,서울 서초구 잠원로 510,관광지,51,202502,127.007425561415000,37.509275149649500,11,11650,서초구,쇼핑,[지역] 서울특별시 [장소] 뉴코아아울렛강남점패션관 [카테고리] 관광지
서울특별시,주니비노호텔,서울 마포구 양화진2길 310,숙박,51,202502,126.910931392442420,37.547690295896190,11,11440,마포구,숙박,[지역] 서울특별시 [장소] 주니비노호텔 [카테고리] 숙박
서울특별시,강동그린웨이가족캠핑장,서울 강동구 천호대로206길 870,숙박,52,202502,127.153689861707000,37.536161843590000,11,11740,강동구,숙박,[지역] 서울특별시 [장소] 강동그린웨이가족캠핑장 [카테고리] 숙박
서울특별시,대학로예술극장,서울 종로구 대학로10길 170,관광지,52,202502,127.003258563559650,37.581822290636374,11,11110,종로구,문화관광,[지역] 서울특별시 [장소] 대학로예술극장 [카테고리] 관광지
서울특별시,양평누리체육공원제1축구장,서울 영등포구,관광지,52,202502,126.886741703796660,37.542798310954170,11,11560,영등포구,문화관광,[지역] 서울특별시 [장소] 양평누리체육공원제1축구장 [카테고리] 관광지
서울특별시,빅토리아호텔,서울 강북구 도봉로 160,숙박,52,202502,127.030783570203000,37.610458037603900,11,11305,강북구,숙박,[지역] 서울특별시 [장소] 빅토리아호텔 [카테고리] 숙박
서울특별시,호텔잠실스테이,서울 송파구 삼전로 670,숙박,52,202502,127.088078607315310,37.504937577753140,11,11710,송파구,숙박,[지역] 서울특별시 [장소] 호텔잠실스테이 [카테고리] 숙박
서울특별시,무지개어린이눈썰매장,서울 성동구 살곶이길 3270,관광지,52,202502,127.040957800000000,37.553866800000000,11,11200,성동구,레저스포츠,[지역] 서울특별시 [장소] 무지개어린이눈썰매장 [카테고리] 관광지
서울특별시,코트야드바이메리어트서울남대문,서울 중구 남대문로 90,숙박,52,202502,126.976927812618970,37.561241175118560,11,11140,중구,숙박,[지역] 서울특별시 [장소] 코트야드바이메리어트서울남대문 [카테고리] 숙박
서울특별시,정릉유원지,서울 성북구,관광지,52,202502,126.995175594308010,37.619290127263184,11,11290,성북구,문화관광,[지역] 서울특별시 [장소] 정릉유원지 [카테고리] 관광지
서울특별시,디자인모텔엑스와이엠,서울 동대문구 왕산로 2093,숙박,52,202502,127.045830088574690,37.581148662903274,11,11230,동대문구,숙박,[지역] 서울특별시 [장소] 디자인모텔엑스와이엠 [카테고리] 숙박
서울특별시,SSI서초캠퍼스,서울 서초구 서초대로 2240,관광지,52,202502,127.006814682827000,37.491027254765000,11,11650,서초구,체험관광,[지역] 서울특별시 [장소] SSI서초캠퍼스 [카테고리] 관광지
서울특별시,서울형키즈카페난곡동점,서울 관악구 난곡로24가길 530,관광지,52,202502,126.923530769597050,37.469392169613386,11,11620,관악구,문화관광,[지역] 서울특별시 [장소] 서울형키즈카페난곡동점 [카테고리] 관광지
서울특별시,롯데시네마도곡,서울 강남구 남부순환로 27530,관광지,52,202502,127.046955186885780,37.487435084533590,11,11680,강남구,문화관광,[지역] 서울특별시 [장소] 롯데시네마도곡 [카테고리] 관광지
서울특별시,서울과학기술대학교 백주년기념관,서울 노원구 공릉로 2320,관광지,52,202502,127.078445724774000,37.630678218324000,11,11350,노원구,문화관광,[지역] 서울특별시 [장소] 서울과학기술대학교 백주년기념관 [카테고리] 관광지
서울특별시,보광시장,서울 용산구 보광로 300,관광지,52,202502,127.000287143851000,37.527134152269900,11,11170,용산구,쇼핑,[지역] 서울특별시 [장소] 보광시장 [카테고리] 관광지
서울특별시,VOLL모텔,서울 강서구 강서로5나길 300,숙박,52,202502,126.846634355429000,37.528744137531800,11,11500,강서구,숙박,[지역] 서울특별시 [장소] VOLL모텔 [카테고리] 숙박
서울특별시,향림사,서울 양천구 중앙로14나길 390,관광지,52,202502,126.866382789914000,37.505635818660900,11,11470,양천구,역사관광,[지역] 서울특별시 [장소] 향림사 [카테고리] 관광지
서울특별시,앵봉산가족캠핑장,서울 은평구,숙박,52,202502,126.914250678419650,37.635794094767530,11,11380,은평구,숙박,[지역] 서울특별시 [장소] 앵봉산가족캠핑장 [카테고리] 숙박
서울특별시,아차산배수지체육공원축구장,서울 광진구 천호대로 7310,관광지,52,202502,127.096856355027170,37.548928654369520,11,11215,광진구,문화관광,[지역] 서울특별시 [장소] 아차산배수지체육공원축구장 [카테고리] 관광지
서울특별시,G밸리산업박물관,서울 구로구 디지털로26길 380,관광지,52,202502,126.895284719942770,37.479972946313310,11,11530,구로구,문화관광,[지역] 서울특별시 [장소] G밸리산업박물관 [카테고리] 관광지
서울특별시,라이카시네마,서울 서대문구 연희로8길 180,관광지,52,202502,126.930931935008000,37.565157105720200,11,11410,서대문구,문화관광,[지역] 서울특별시 [장소] 라이카시네마 [카테고리] 관광지
서울특별시,스타인라인스쿨,서울 금천구 남부순환로 14240,관광지,52,202502,126.908948282693020,37.480508274483910,11,11545,금천구,레저스포츠,[지역] 서울특별시 [장소] 스타인라인스쿨 [카테고리] 관광지
서울특별시,크로스핏모브독산점,서울 금천구 시흥대로 4260,관광지,52,202502,126.898769076795000,37.471556621530000,11,11545,금천구,레저스포츠,[지역] 서울특별시 [장소] 크로스핏모브독산점 [카테고리] 관광지
서울특별시,라뉘호텔,서울 마포구 서강로20길 200,숙박,52,202502,126.936126022810020,37.553464045819400,11,11440,마포구,숙박,[지역] 서울특별시 [장소] 라뉘호텔 [카테고리] 숙박
서울특별시,캘리클럽홈플러스잠실점,서울 송파구 올림픽로35가길 160,관광지,53,202502,127.103038756454570,37.516242786132010,11,11710,송파구,문화관광,[지역] 서울특별시 [장소] 캘리클럽홈플러스잠실점 [카테고리] 관광지
서울특별시,석가사,서울 은평구 연서로 5030,관광지,53,202502,126.934819746050000,37.639842929855700,11,11380,은평구,역사관광,[지역] 서울특별시 [장소] 석가사 [카테고리] 관광지
서울특별시,리틀베프항동점,서울 구로구 연동로 1970,관광지,53,202502,126.822720326238000,37.478805323983000,11,11530,구로구,문화관광,[지역] 서울특별시 [장소] 리틀베프항동점 [카테고리] 관광지
서울특별시,골든호텔,서울 강서구 마곡중앙6로 890,숙박,53,202502,126.837301565680000,37.560240436895900,11,11500,강서구,숙박,[지역] 서울특별시 [장소] 골든호텔 [카테고리] 숙박
서울특별시,호텔럭스,서울 노원구 노해로75길 143,숙박,53,202502,127.057558489497000,37.654508662393000,11,11350,노원구,숙박,[지역] 서울특별시 [장소] 호텔럭스 [카테고리] 숙박
서울특별시,크라운호텔,서울 종로구 삼일대로30길 90,숙박,53,202502,126.988204446207000,37.573989770137000,11,11110,종로구,숙박,[지역] 서울특별시 [장소] 크라운호텔 [카테고리] 숙박
서울특별시,꼬마노리터신정이펜하우스점,서울 양천구 신정이펜2로 220,관광지,53,202502,126.832603467680140,37.512883310468270,11,11470,양천구,문화관광,[지역] 서울특별시 [장소] 꼬마노리터신정이펜하우스점 [카테고리] 관광지
서울특별시,반곡어린이공원,서울 양천구,관광지,53,202502,126.835524244897000,37.529216237916800,11,11470,양천구,문화관광,[지역] 서울특별시 [장소] 반곡어린이공원 [카테고리] 관광지
서울특별시,이태원시장,서울 용산구 이태원로14길 60,관광지,53,202502,126.990038005138000,37.533827759558100,11,11170,용산구,쇼핑,[지역] 서울특별시 [장소] 이태원시장 [카테고리] 관광지
서울특별시,갈산공원,서울 양천구,관광지,53,202502,126.868826997957700,37.507246758307230,11,11470,양천구,문화관광,[지역] 서울특별시 [장소] 갈산공원 [카테고리] 관광지
서울특별시,시립마포청소년센터,서울 마포구 월드컵로 2120,관광지,53,202502,126.901906774652640,37.566045713998896,11,11440,마포구,레저스포츠,[지역] 서울특별시 [장소] 시립마포청소년센터 [카테고리] 관광지
서울특별시,라이프스타일F호텔,서울 영등포구 경인로108길 80,숙박,53,202502,126.911211959628000,37.517134761609000,11,11560,영등포구,숙박,[지역] 서울특별시 [장소] 라이프스타일F호텔 [카테고리] 숙박
서울특별시,호텔31페이지,서울 동대문구 왕산로 2381,숙박,53,202502,127.048671116871000,37.582461388034400,11,11230,동대문구,숙박,[지역] 서울특별시 [장소] 호텔31페이지 [카테고리] 숙박
서울특별시,100만km사이클아카데미,서울 강동구 구천면로 1440,관광지,53,202502,127.120831659174000,37.542160943636200,11,11740,강동구,레저스포츠,[지역] 서울특별시 [장소] 100만km사이클아카데미 [카테고리] 관광지
서울특별시,아이스스퀘어,서울 서대문구 연세로7길 580,관광지,53,202502,126.933747423792910,37.558286851906885,11,11410,서대문구,레저스포츠,[지역] 서울특별시 [장소] 아이스스퀘어 [카테고리] 관광지
서울특별시,코엑스신한카드아티움,서울 강남구 영동대로 5130,관광지,53,202502,127.061420675919360,37.510025397470130,11,11680,강남구,문화관광,[지역] 서울특별시 [장소] 코엑스신한카드아티움 [카테고리] 관광지
서울특별시,밀리오레호텔서울명동,서울 중구 퇴계로 1150,숙박,53,202502,126.984574248620560,37.561119363654186,11,11140,중구,숙박,[지역] 서울특별시 [장소] 밀리오레호텔서울명동 [카테고리] 숙박
서울특별시,구의시장,서울 광진구 광나루로37길 1015,관광지,53,202502,127.090562452801460,37.544425036607950,11,11215,광진구,쇼핑,[지역] 서울특별시 [장소] 구의시장 [카테고리] 관광지
서울특별시,용천사,서울 관악구 복은길 1400,관광지,53,202502,126.943570553908000,37.474723195117400,11,11620,관악구,역사관광,[지역] 서울특별시 [장소] 용천사 [카테고리] 관광지
서울특별시,엠쉐르빌,서울 서초구 강남대로61길 170,숙박,53,202502,127.025035184545500,37.498693148084655,11,11650,서초구,숙박,[지역] 서울특별시 [장소] 엠쉐르빌 [카테고리] 숙박
서울특별시,클라이밍파크성수점,서울 성동구 연무장13길 70,관광지,53,202502,127.058060995353690,37.542277502212160,11,11200,성동구,레저스포츠,[지역] 서울특별시 [장소] 클라이밍파크성수점 [카테고리] 관광지
서울특별시,경국사,서울 성북구 보국문로 11310,관광지,53,202502,127.004595732896630,37.614753041700695,11,11290,성북구,역사관광,[지역] 서울특별시 [장소] 경국사 [카테고리] 관광지
서울특별시,북한산둘레길1구간,서울 강북구,관광지,53,202502,127.010034963953370,37.659563335390740,11,11305,강북구,레저스포츠,[지역] 서울특별시 [장소] 북한산둘레길1구간 [카테고리] 관광지
서울특별시,베스트웨스턴프리미어강남호텔,서울 강남구 봉은사로 1390,숙박,54,202502,127.029817277292750,37.506420518134520,11,11680,강남구,숙박,[지역] 서울특별시 [장소] 베스트웨스턴프리미어강남호텔 [카테고리] 숙박
서울특별시,고척스카이돔축구장,서울 구로구 안양천로 5450,관광지,54,202502,126.866882835886000,37.496081370902000,11,11530,구로구,문화관광,[지역] 서울특별시 [장소] 고척스카이돔축구장 [카테고리] 관광지
서울특별시,목화공원,서울 금천구,관광지,54,202502,126.907268252697000,37.477417106953700,11,11545,금천구,문화관광,[지역] 서울특별시 [장소] 목화공원 [카테고리] 관광지
서울특별시,배명고등학교야구장,서울 송파구 백제고분로39길 917,관광지,54,202502,127.097528637930000,37.498610274661800,11,11710,송파구,체험관광,[지역] 서울특별시 [장소] 배명고등학교야구장 [카테고리] 관광지
서울특별시,광진교8번가,서울 강동구,관광지,54,202502,127.114272335976240,37.544510358665180,11,11740,강동구,문화관광,[지역] 서울특별시 [장소] 광진교8번가 [카테고리] 관광지
서울특별시,쁘띠몽드관악점,서울 관악구 관악로30길 120,관광지,54,202502,126.958515420926350,37.486178977919790,11,11620,관악구,문화관광,[지역] 서울특별시 [장소] 쁘띠몽드관악점 [카테고리] 관광지
서울특별시,양평누리체육공원제2축구장,서울 영등포구,관광지,54,202502,126.886244954615620,37.543632295868590,11,11560,영등포구,문화관광,[지역] 서울특별시 [장소] 양평누리체육공원제2축구장 [카테고리] 관광지
서울특별시,대성사,서울 서초구 남부순환로328길 490,관광지,54,202502,127.013453117680170,37.476029028653030,11,11650,서초구,역사관광,[지역] 서울특별시 [장소] 대성사 [카테고리] 관광지
서울특별시,레전드스크린야구존독산점,서울 금천구 시흥대로 3990,관광지,54,202502,126.897019255882000,37.469362420053100,11,11545,금천구,레저스포츠,[지역] 서울특별시 [장소] 레전드스크린야구존독산점 [카테고리] 관광지
서울특별시,서대문구립인조잔디구장,서울 서대문구 백련사길 390,관광지,54,202502,126.930598487051000,37.580099819231200,11,11410,서대문구,문화관광,[지역] 서울특별시 [장소] 서대문구립인조잔디구장 [카테고리] 관광지
서울특별시,보현사,서울 성북구 동소문로15길 490,관광지,54,202502,127.013757488646000,37.594598655496800,11,11290,성북구,역사관광,[지역] 서울특별시 [장소] 보현사 [카테고리] 관광지
서울특별시,퍼시픽호텔,서울 강서구 남부순환로 1880,숙박,54,202502,126.819577431695000,37.548623365793300,11,11500,강서구,숙박,[지역] 서울특별시 [장소] 퍼시픽호텔 [카테고리] 숙박
서울특별시,어깨동무스토리움,서울 마포구 월드컵로 3860,관광지,54,202502,126.886324766188000,37.574877930119100,11,11440,마포구,문화관광,[지역] 서울특별시 [장소] 어깨동무스토리움 [카테고리] 관광지
서울특별시,서울장미공원,서울 중랑구,관광지,54,202502,127.073085978307000,37.615172081623996,11,11260,중랑구,문화관광,[지역] 서울특별시 [장소] 서울장미공원 [카테고리] 관광지
서울특별시,한솔동의보감,서울 동대문구 왕산로 1090,관광지,54,202502,127.035533454258000,37.578572867045300,11,11230,동대문구,쇼핑,[지역] 서울특별시 [장소] 한솔동의보감 [카테고리] 관광지
서울특별시,선림사,서울 은평구,관광지,54,202502,126.937069662593000,37.627511038228000,11,11380,은평구,역사관광,[지역] 서울특별시 [장소] 선림사 [카테고리] 관광지
서울특별시,코사이어티,서울 성동구 왕십리로 8220,관광지,54,202502,127.045727308937000,37.544771283722000,11,11200,성동구,문화관광,[지역] 서울특별시 [장소] 코사이어티 [카테고리] 관광지
서울특별시,프레이져플레이스남대문서울,서울 중구 세종대로 580,숙박,54,202502,126.976482241138000,37.561330686186800,11,11140,중구,숙박,[지역] 서울특별시 [장소] 프레이져플레이스남대문서울 [카테고리] 숙박
서울특별시,사비나미술관,서울 은평구 진관1로 930,관광지,54,202502,126.929238397730500,37.630151343112640,11,11380,은평구,문화관광,[지역] 서울특별시 [장소] 사비나미술관 [카테고리] 관광지
서울특별시,북한산성 행궁지,경기 고양시 덕양구 대서문길 19720,관광지,54,202502,126.969983170993610,37.645731354472540,11,11380,은평구,역사관광,[지역] 서울특별시 [장소] 북한산성 행궁지 [카테고리] 관광지
서울특별시,더줌아트센터,서울 용산구 독서당로 1110,관광지,54,202502,127.007064224097000,37.535855408082700,11,11170,용산구,문화관광,[지역] 서울특별시 [장소] 더줌아트센터 [카테고리] 관광지
서울특별시,대명프라자,서울 노원구 한글비석로 2540,관광지,54,202502,127.077028990074000,37.650425923959100,11,11350,노원구,쇼핑,[지역] 서울특별시 [장소] 대명프라자 [카테고리] 관광지
서울특별시,메이플레이스호텔,서울 종로구 율곡로 1790,숙박,54,202502,126.998705906684000,37.576100769185000,11,11110,종로구,숙박,[지역] 서울특별시 [장소] 메이플레이스호텔 [카테고리] 숙박
서울특별시,윤극영가옥,서울 강북구 인수봉로84길 50,관광지,54,202502,127.010896126414000,37.646453747458700,11,11305,강북구,역사관광,[지역] 서울특별시 [장소] 윤극영가옥 [카테고리] 관광지
서울특별시,수월암,서울 성북구 성북로 1700,관광지,54,202502,126.991037317224750,37.595070682102670,11,11290,성북구,역사관광,[지역] 서울특별시 [장소] 수월암 [카테고리] 관광지
서울특별시,방생선원돈암동분원,서울 성북구 북악산로 92729,관광지,54,202502,127.024173198930000,37.596042997616600,11,11290,성북구,역사관광,[지역] 서울특별시 [장소] 방생선원돈암동분원 [카테고리] 관광지
서울특별시,크로스핏러쉬,서울 중랑구 동일로 7670,관광지,54,202502,127.079668151443000,37.598904124379900,11,11260,중랑구,레저스포츠,[지역] 서울특별시 [장소] 크로스핏러쉬 [카테고리] 관광지
서울특별시,신성골목시장,서울 광진구,관광지,54,202502,127.088973274648000,37.557547854163800,11,11215,광진구,쇼핑,[지역] 서울특별시 [장소] 신성골목시장 [카테고리] 관광지
서울특별시,총회창립100주년기념관,서울 종로구 대학로3길 290,관광지,55,202502,127.000374006867450,37.574609731843170,11,11110,종로구,문화관광,[지역] 서울특별시 [장소] 총회창립100주년기념관 [카테고리] 관광지
서울특별시,봉황각,서울 강북구 삼양로173길 10712,관광지,55,202502,127.006257520807000,37.660313224998300,11,11305,강북구,역사관광,[지역] 서울특별시 [장소] 봉황각 [카테고리] 관광지
서울특별시,호텔에스,서울 강동구 진황도로 2000,숙박,55,202502,127.143413087604000,37.528551547181000,11,11740,강동구,숙박,[지역] 서울특별시 [장소] 호텔에스 [카테고리] 숙박
서울특별시,호텔인나인,서울 강남구 영동대로 6180,숙박,55,202502,127.060065891965650,37.515575505002570,11,11680,강남구,숙박,[지역] 서울특별시 [장소] 호텔인나인 [카테고리] 숙박
서울특별시,수유일공원,서울 강북구,관광지,55,202502,127.017173492285000,37.630594511295600,11,11305,강북구,문화관광,[지역] 서울특별시 [장소] 수유일공원 [카테고리] 관광지
서울특별시,연세대학교야구장,서울 서대문구 연세로 500,관광지,55,202502,126.934098353154000,37.561240911540800,11,11410,서대문구,체험관광,[지역] 서울특별시 [장소] 연세대학교야구장 [카테고리] 관광지
서울특별시,기원정사,서울 광진구 영화사로11길 418,관광지,55,202502,127.095389371886550,37.556492460795740,11,11215,광진구,역사관광,[지역] 서울특별시 [장소] 기원정사 [카테고리] 관광지
서울특별시,서울방이동고분군,서울 송파구 오금로 2190,관광지,55,202502,127.118804403718880,37.507831564541320,11,11710,송파구,역사관광,[지역] 서울특별시 [장소] 서울방이동고분군 [카테고리] 관광지
서울특별시,메이저호텔,서울 마포구 서강로18길 80,숙박,55,202502,126.935376090371000,37.553491815783400,11,11440,마포구,숙박,[지역] 서울특별시 [장소] 메이저호텔 [카테고리] 숙박
서울특별시,쌍림사,서울 관악구 남부순환로184길 270,관광지,55,202502,126.932238162818000,37.483222143707500,11,11620,관악구,역사관광,[지역] 서울특별시 [장소] 쌍림사 [카테고리] 관광지
서울특별시,쿨모텔,서울 관악구 신림동1길 110,숙박,55,202502,126.928349589832000,37.486916137468000,11,11620,관악구,숙박,[지역] 서울특별시 [장소] 쿨모텔 [카테고리] 숙박
서울특별시,영일시장,서울 영등포구 문래로30길 270,관광지,55,202502,126.900768468268080,37.516218137260900,11,11560,영등포구,쇼핑,[지역] 서울특별시 [장소] 영일시장 [카테고리] 관광지
서울특별시,장교숙소5단지,서울 용산구 서빙고로 2210,관광지,55,202502,126.989362700000000,37.521408000000000,11,11170,용산구,문화관광,[지역] 서울특별시 [장소] 장교숙소5단지 [카테고리] 관광지
서울특별시,계남근린공원,서울 양천구,관광지,55,202502,126.855494841351970,37.510274105218244,11,11530,구로구,문화관광,[지역] 서울특별시 [장소] 계남근린공원 [카테고리] 관광지
서울특별시,SCC 선 아트홀,서울 서초구 동산로 440,관광지,55,202502,127.043879042661270,37.471096578157486,11,11650,서초구,문화관광,[지역] 서울특별시 [장소] SCC 선 아트홀 [카테고리] 관광지
서울특별시,서울시립미술관,서울 중구 덕수궁길 610,관광지,55,202502,126.973856744485180,37.564146153533090,11,11140,중구,문화관광,[지역] 서울특별시 [장소] 서울시립미술관 [카테고리] 관광지
서울특별시,뚝섬미술관,서울 성동구 아차산로 330,관광지,55,202502,127.048420000000000,37.547212500000000,11,11200,성동구,문화관광,[지역] 서울특별시 [장소] 뚝섬미술관 [카테고리] 관광지
서울특별시,동부시장,서울 동대문구 천호대로 2810,관광지,55,202502,127.052754230813000,37.567240951572300,11,11230,동대문구,쇼핑,[지역] 서울특별시 [장소] 동부시장 [카테고리] 관광지
서울특별시,필름372호텔,서울 노원구 상계로 260,숙박,55,202502,127.058005044619850,37.654912371575350,11,11350,노원구,숙박,[지역] 서울특별시 [장소] 필름372호텔 [카테고리] 숙박
서울특별시,호텔초콜릿,서울 강서구 강서로5가길 240,숙박,55,202502,126.846745450922000,37.529327404068000,11,11500,강서구,숙박,[지역] 서울특별시 [장소] 호텔초콜릿 [카테고리] 숙박
서울특별시,호텔림,서울 서대문구 연세로4길 160,숙박,56,202502,126.938014706984000,37.556963652597000,11,11410,서대문구,숙박,[지역] 서울특별시 [장소] 호텔림 [카테고리] 숙박
서울특별시,불광사,서울 송파구 백제고분로39길 350,관광지,56,202502,127.102994006085570,37.507224556682715,11,11710,송파구,역사관광,[지역] 서울특별시 [장소] 불광사 [카테고리] 관광지
서울특별시,Hello APM,서울 중구 장충단로 2530,관광지,56,202502,127.008202701367000,37.567462871166300,11,11140,중구,쇼핑,[지역] 서울특별시 [장소] Hello APM [카테고리] 관광지
서울특별시,루키즈더아트,서울 양천구 남부순환로 6090,관광지,56,202502,126.840962534929420,37.514538391195490,11,11470,양천구,문화관광,[지역] 서울특별시 [장소] 루키즈더아트 [카테고리] 관광지
서울특별시,청량사,서울 동대문구 제기로31길 103,관광지,56,202502,127.047629388438510,37.588571337633610,11,11230,동대문구,역사관광,[지역] 서울특별시 [장소] 청량사 [카테고리] 관광지
서울특별시,법만사,서울 중랑구 동일로140길 1000,관광지,56,202502,127.083556616586000,37.606181084755500,11,11260,중랑구,역사관광,[지역] 서울특별시 [장소] 법만사 [카테고리] 관광지
서울특별시,유니플렉스,서울 종로구 대학로12길 640,관광지,56,202502,127.003702974060000,37.581183478402900,11,11110,종로구,문화관광,[지역] 서울특별시 [장소] 유니플렉스 [카테고리] 관광지
서울특별시,이너스모텔,서울 강동구 올림픽로72길 190,숙박,56,202502,127.124999892786830,37.539670561920175,11,11740,강동구,숙박,[지역] 서울특별시 [장소] 이너스모텔 [카테고리] 숙박
서울특별시,구로제이에스호스텔,서울 구로구 남부순환로105길 320,숙박,56,202502,126.891019257142830,37.479499264665904,11,11530,구로구,숙박,[지역] 서울특별시 [장소] 구로제이에스호스텔 [카테고리] 숙박
서울특별시,KBS홀,서울 영등포구 여의공원로 130,관광지,56,202502,126.915739239594760,37.526328170586304,11,11560,영등포구,문화관광,[지역] 서울특별시 [장소] KBS홀 [카테고리] 관광지
서울특별시,망원동월드컵시장,서울 마포구 망원로7길 310,관광지,56,202502,126.905517634623000,37.558213308935100,11,11440,마포구,쇼핑,[지역] 서울특별시 [장소] 망원동월드컵시장 [카테고리] 관광지
서울특별시,서광장여관,서울 용산구 소월로 600,숙박,56,202502,126.977288954605000,37.554714154492600,11,11170,용산구,숙박,[지역] 서울특별시 [장소] 서광장여관 [카테고리] 숙박
서울특별시,라바호텔,서울 서초구 효령로53길 400,숙박,56,202502,127.013647443185000,37.486526822814040,11,11650,서초구,숙박,[지역] 서울특별시 [장소] 라바호텔 [카테고리] 숙박
서울특별시,마장축산물시장,서울 성동구 마장로35길 600,관광지,56,202502,127.041033036109000,37.570518277310600,11,11200,성동구,쇼핑,[지역] 서울특별시 [장소] 마장축산물시장 [카테고리] 관광지
서울특별시,티파니호텔,서울 강서구 송정로 613,숙박,56,202502,126.809776279837000,37.560184721260000,11,11500,강서구,숙박,[지역] 서울특별시 [장소] 티파니호텔 [카테고리] 숙박
서울특별시,신라모텔,서울 중랑구 겸재로 2230,숙박,56,202502,127.092333764706000,37.589627499026300,11,11260,중랑구,숙박,[지역] 서울특별시 [장소] 신라모텔 [카테고리] 숙박
서울특별시,2024케이펫페어 세텍,서울 강남구 남부순환로 31040,관광지,56,202502,127.071975722188090,37.495701101416570,11,11680,강남구,문화관광,[지역] 서울특별시 [장소] 2024케이펫페어 세텍 [카테고리] 관광지
서울특별시,한아름쇼핑센터,서울 광진구 능동로13길 390,관광지,56,202502,127.069864028995000,37.543493803967000,11,11215,광진구,쇼핑,[지역] 서울특별시 [장소] 한아름쇼핑센터 [카테고리] 관광지
서울특별시,학도암,서울 노원구 중계로14다길 890,관광지,56,202502,127.089777820587000,37.652009154281000,11,11350,노원구,역사관광,[지역] 서울특별시 [장소] 학도암 [카테고리] 관광지
서울특별시,모텔터치,서울 서대문구 연세로2다길 50,숙박,56,202502,126.938569392483770,37.556539253706745,11,11410,서대문구,숙박,[지역] 서울특별시 [장소] 모텔터치 [카테고리] 숙박
서울특별시,우인아트홀,서울 광진구 동일로 3600,관광지,57,202502,127.076029948267550,37.562797166280870,11,11215,광진구,문화관광,[지역] 서울특별시 [장소] 우인아트홀 [카테고리] 관광지
서울특별시,호텔써클,서울 마포구 양화로 150,숙박,57,202502,126.910735391758000,37.548893184646200,11,11440,마포구,숙박,[지역] 서울특별시 [장소] 호텔써클 [카테고리] 숙박
서울특별시,히트호텔,서울 강동구 구천면로24길 280,숙박,57,202502,127.125684727550320,37.539516386322134,11,11740,강동구,숙박,[지역] 서울특별시 [장소] 히트호텔 [카테고리] 숙박
서울특별시,유니언호텔,서울 영등포구 양평로 1360,숙박,57,202502,126.893177559025500,37.538593528426090,11,11560,영등포구,숙박,[지역] 서울특별시 [장소] 유니언호텔 [카테고리] 숙박
서울특별시,해태어린이공원,서울 관악구 서림3길 470,관광지,57,202502,126.940626396550000,37.472528986252800,11,11620,관악구,문화관광,[지역] 서울특별시 [장소] 해태어린이공원 [카테고리] 관광지
서울특별시,숭인시장,서울 강북구 도봉로 450,관광지,57,202502,127.029255903829000,37.613179935341100,11,11305,강북구,쇼핑,[지역] 서울특별시 [장소] 숭인시장 [카테고리] 관광지
서울특별시,천왕산가족캠핑장,서울 구로구 연동로12길 1490,숙박,57,202502,126.831053501861730,37.479487643207350,11,11530,구로구,숙박,[지역] 서울특별시 [장소] 천왕산가족캠핑장 [카테고리] 숙박
서울특별시,물푸레근린공원,서울 은평구,관광지,57,202502,126.916141800000000,37.629913300000000,11,11380,은평구,문화관광,[지역] 서울특별시 [장소] 물푸레근린공원 [카테고리] 관광지
서울특별시,관심사,서울 은평구 진흥로 27215,관광지,57,202502,126.939847360728000,37.609874208127800,11,11380,은평구,역사관광,[지역] 서울특별시 [장소] 관심사 [카테고리] 관광지
서울특별시,바운스트램폴린파크반포센터,서울 서초구 고무래로 260,관광지,57,202502,127.011249189022180,37.502330926306740,11,11650,서초구,문화관광,[지역] 서울특별시 [장소] 바운스트램폴린파크반포센터 [카테고리] 관광지
서울특별시,동묘,서울 종로구 난계로27길 840,관광지,57,202502,127.018229516391000,37.573184493816900,11,11110,종로구,역사관광,[지역] 서울특별시 [장소] 동묘 [카테고리] 관광지
서울특별시,용왕산근린공원,서울 양천구,관광지,57,202502,126.877325787119560,37.543390917703960,11,11470,양천구,문화관광,[지역] 서울특별시 [장소] 용왕산근린공원 [카테고리] 관광지
서울특별시,문익환통일의집,서울 강북구 인수봉로 25138,관광지,57,202502,127.010174022117000,37.641121026971000,11,11305,강북구,문화관광,[지역] 서울특별시 [장소] 문익환통일의집 [카테고리] 관광지
서울특별시,죽림정사,서울 성북구 종암로27길 1160,관광지,57,202502,127.028700529482000,37.599875915686400,11,11290,성북구,역사관광,[지역] 서울특별시 [장소] 죽림정사 [카테고리] 관광지
서울특별시,돌곶이시장,서울 성북구 한천로73길 260,관광지,57,202502,127.062030750859000,37.609708319559200,11,11290,성북구,쇼핑,[지역] 서울특별시 [장소] 돌곶이시장 [카테고리] 관광지
서울특별시,성삼어린이공원,서울 성동구,관광지,57,202502,127.060198250028000,37.542049466239500,11,11200,성동구,문화관광,[지역] 서울특별시 [장소] 성삼어린이공원 [카테고리] 관광지
서울특별시,누베르서울호텔이태원,서울 용산구 우사단로14길 110,숙박,57,202502,126.996321125043000,37.534266106332000,11,11170,용산구,숙박,[지역] 서울특별시 [장소] 누베르서울호텔이태원 [카테고리] 숙박
서울특별시,서울중앙시장,서울 중구 퇴계로85길 220,관광지,57,202502,127.019646111017000,37.567462942148900,11,11140,중구,쇼핑,[지역] 서울특별시 [장소] 서울중앙시장 [카테고리] 관광지
서울특별시,서울백제어린이박물관,서울 송파구 올림픽로 4240,관광지,57,202502,127.124258499711860,37.523905336383180,11,11710,송파구,문화관광,[지역] 서울특별시 [장소] 서울백제어린이박물관 [카테고리] 관광지
서울특별시,초안산도자기체험장,서울 노원구 덕릉로60타길 490,관광지,57,202502,127.045137773038160,37.635020629706900,11,11350,노원구,문화관광,[지역] 서울특별시 [장소] 초안산도자기체험장 [카테고리] 관광지
서울특별시,호텔유리앤,서울 강남구 삼성로96길 200,숙박,57,202502,127.057615474701490,37.508942165664220,11,11680,강남구,숙박,[지역] 서울특별시 [장소] 호텔유리앤 [카테고리] 숙박
서울특별시,세종대왕기념관,서울 동대문구 회기로 560,관광지,57,202502,127.043560385627000,37.590821500239400,11,11230,동대문구,문화관광,[지역] 서울특별시 [장소] 세종대왕기념관 [카테고리] 관광지
서울특별시,호텔드가자,서울 성동구 동일로 2170,숙박,57,202502,127.068887975596110,37.551344487671730,11,11200,성동구,숙박,[지역] 서울특별시 [장소] 호텔드가자 [카테고리] 숙박
서울특별시,성심사,서울 강서구 곰달래로35길 640,관광지,57,202502,126.853939200019000,37.533993574550400,11,11500,강서구,역사관광,[지역] 서울특별시 [장소] 성심사 [카테고리] 관광지
서울특별시,아트하우스모모,서울 서대문구 이화여대길 520,관광지,58,202502,126.947069400448000,37.561407638602300,11,11410,서대문구,문화관광,[지역] 서울특별시 [장소] 아트하우스모모 [카테고리] 관광지
서울특별시,제니아,서울 동대문구 고미술로 990,관광지,58,202502,127.057587156742000,37.564241328582000,11,11230,동대문구,레저스포츠,[지역] 서울특별시 [장소] 제니아 [카테고리] 관광지
서울특별시,모카호텔,서울 양천구 목동로 2290,숙박,58,202502,126.863644475005910,37.529063740135170,11,11470,양천구,숙박,[지역] 서울특별시 [장소] 모카호텔 [카테고리] 숙박
서울특별시,헬로방방마곡점,서울 강서구 마곡서로 1010,관광지,58,202502,126.823525008834000,37.562962260696400,11,11500,강서구,문화관광,[지역] 서울특별시 [장소] 헬로방방마곡점 [카테고리] 관광지
서울특별시,소마미술관,서울 송파구 위례성대로 510,관광지,58,202502,127.118221033444090,37.516913844867320,11,11710,송파구,문화관광,[지역] 서울특별시 [장소] 소마미술관 [카테고리] 관광지
서울특별시,창신동문구거리,서울 종로구,관광지,58,202502,127.014063243359000,37.571462444913000,11,11110,종로구,쇼핑,[지역] 서울특별시 [장소] 창신동문구거리 [카테고리] 관광지
서울특별시,상암콜로세움,서울 마포구 매봉산로 310,관광지,58,202502,126.889963317488000,37.575738963811000,11,11440,마포구,레저스포츠,[지역] 서울특별시 [장소] 상암콜로세움 [카테고리] 관광지
서울특별시,에코스페이스연의,서울 양천구 신정이펜1로 120,관광지,58,202502,126.834219704085800,37.511711195954520,11,11470,양천구,문화관광,[지역] 서울특별시 [장소] 에코스페이스연의 [카테고리] 관광지
서울특별시,눈스퀘어,서울 중구 명동길 140,관광지,58,202502,126.982843922871000,37.563435402294700,11,11140,중구,쇼핑,[지역] 서울특별시 [장소] 눈스퀘어 [카테고리] 관광지
서울특별시,문화역서울284,서울 중구 통일로 10,관광지,58,202502,126.971539463193890,37.555880650785080,11,11170,용산구,문화관광,[지역] 서울특별시 [장소] 문화역서울284 [카테고리] 관광지
서울특별시,아리아호텔,서울 강동구 천호대로 10417,숙박,58,202502,127.128180821218280,37.538059076444725,11,11740,강동구,숙박,[지역] 서울특별시 [장소] 아리아호텔 [카테고리] 숙박
서울특별시,아차산어울림정원,서울 광진구,관광지,58,202502,127.100777819390760,37.551881916443320,11,11215,광진구,문화관광,[지역] 서울특별시 [장소] 아차산어울림정원 [카테고리] 관광지
서울특별시,노원눈썰매장,서울 노원구 공릉로 2320,관광지,58,202502,127.077943871296380,37.629623205908615,11,11350,노원구,레저스포츠,[지역] 서울특별시 [장소] 노원눈썰매장 [카테고리] 관광지
서울특별시,원더볼즈플레이파크,서울 서초구 고무래로 220,관광지,58,202502,127.010703108968000,37.502498175360900,11,11650,서초구,문화관광,[지역] 서울특별시 [장소] 원더볼즈플레이파크 [카테고리] 관광지
서울특별시,엔트라호텔,서울 강남구 도산대로 5080,숙박,58,202502,127.048477263742000,37.524023699220000,11,11680,강남구,숙박,[지역] 서울특별시 [장소] 엔트라호텔 [카테고리] 숙박
서울특별시,여의도야외수영장,서울 영등포구,관광지,58,202502,126.920544291597080,37.533494037909726,11,11560,영등포구,문화관광,[지역] 서울특별시 [장소] 여의도야외수영장 [카테고리] 관광지
서울특별시,넘버25호텔사당역점,서울 관악구 승방2길 130,숙박,58,202502,126.980956068432920,37.474417903779006,11,11620,관악구,숙박,[지역] 서울특별시 [장소] 넘버25호텔사당역점 [카테고리] 숙박
서울특별시,로꼬풋살아레나신도림점,서울 구로구 신도림로11나길 80,관광지,58,202502,126.879576008739000,37.509052170321400,11,11530,구로구,레저스포츠,[지역] 서울특별시 [장소] 로꼬풋살아레나신도림점 [카테고리] 관광지
서울특별시,화곡중앙골목시장,서울 강서구 월정로30길 660,관광지,59,202502,126.839134975310000,37.534882270956200,11,11500,강서구,쇼핑,[지역] 서울특별시 [장소] 화곡중앙골목시장 [카테고리] 관광지
서울특별시,라비야호텔,서울 은평구 진흥로 1380,숙박,59,202502,126.925487568370000,37.607929900327900,11,11380,은평구,숙박,[지역] 서울특별시 [장소] 라비야호텔 [카테고리] 숙박
서울특별시,담서제,서울 은평구 연서로50길 150,숙박,59,202502,126.939247179235050,37.640488005576700,11,11380,은평구,숙박,[지역] 서울특별시 [장소] 담서제 [카테고리] 숙박
서울특별시,다불정사,서울 성북구 보국문로32길 1270,관광지,59,202502,127.002424903595240,37.622817541829230,11,11290,성북구,역사관광,[지역] 서울특별시 [장소] 다불정사 [카테고리] 관광지
서울특별시,딜라이트호텔,서울 송파구 오금로11길 219,숙박,59,202502,127.109319863699230,37.515391626875754,11,11710,송파구,숙박,[지역] 서울특별시 [장소] 딜라이트호텔 [카테고리] 숙박
서울특별시,디오트쇼핑몰,서울 중구 다산로 2930,관광지,59,202502,127.014979849710000,37.569157161680200,11,11140,중구,쇼핑,[지역] 서울특별시 [장소] 디오트쇼핑몰 [카테고리] 관광지
서울특별시,쥬니버스,서울 강북구 삼양로 4470,관광지,59,202502,127.015925389842440,37.643337936748580,11,11305,강북구,문화관광,[지역] 서울특별시 [장소] 쥬니버스 [카테고리] 관광지
서울특별시,마들근린공원,서울 노원구 덕릉로 4600,관광지,59,202502,127.058364076841000,37.643954333588900,11,11350,노원구,문화관광,[지역] 서울특별시 [장소] 마들근린공원 [카테고리] 관광지
서울특별시,현대모터스튜디오서울,서울 강남구 언주로 7380,관광지,59,202502,127.034395229720000,37.521273929652000,11,11680,강남구,문화관광,[지역] 서울특별시 [장소] 현대모터스튜디오서울 [카테고리] 관광지
서울특별시,호텔브릿지,서울 영등포구 영등포로 90,숙박,59,202502,126.882575596788000,37.523744933864000,11,11560,영등포구,숙박,[지역] 서울특별시 [장소] 호텔브릿지 [카테고리] 숙박
서울특별시,홍제배드민턴장,서울 서대문구,관광지,59,202502,126.949263319849000,37.595014874816400,11,11410,서대문구,레저스포츠,[지역] 서울특별시 [장소] 홍제배드민턴장 [카테고리] 관광지
서울특별시,누디트홍대,서울 마포구 월드컵북로5길 410,관광지,59,202502,126.916791194007500,37.556284433683196,11,11440,마포구,문화관광,[지역] 서울특별시 [장소] 누디트홍대 [카테고리] 관광지
서울특별시,노들섬라이브하우스,서울 용산구 양녕로 4450,관광지,59,202502,126.957818849489000,37.517940509230300,11,11170,용산구,문화관광,[지역] 서울특별시 [장소] 노들섬라이브하우스 [카테고리] 관광지
서울특별시,청계천,서울 종로구,관광지,59,202502,126.979260858101480,37.569129166002260,11,11110,종로구,문화관광,[지역] 서울특별시 [장소] 청계천 [카테고리] 관광지
서울특별시,모아모아모텔,서울 관악구 신림동1길 130,숙박,59,202502,126.928405141168000,37.486832814105000,11,11620,관악구,숙박,[지역] 서울특별시 [장소] 모아모아모텔 [카테고리] 숙박
서울특별시,미성동도깨비시장,서울 관악구 미성길 150,관광지,59,202502,126.916073041606000,37.474389732636900,11,11620,관악구,쇼핑,[지역] 서울특별시 [장소] 미성동도깨비시장 [카테고리] 관광지
서울특별시,평화의 소녀상,서울 구로구,관광지,59,202502,126.880464873581000,37.503163967684000,11,11530,구로구,역사관광,[지역] 서울특별시 [장소] 평화의 소녀상 [카테고리] 관광지
서울특별시,삼각어린이공원,서울 구로구,관광지,59,202502,126.892019401504000,37.501386465623000,11,11530,구로구,문화관광,[지역] 서울특별시 [장소] 삼각어린이공원 [카테고리] 관광지
서울특별시,서울윈드서핑장,서울 광진구,관광지,59,202502,127.079335557383000,37.527023544605800,11,11215,광진구,레저스포츠,[지역] 서울특별시 [장소] 서울윈드서핑장 [카테고리] 관광지
서울특별시,정향사,서울 강동구 올림픽로112길 630,관광지,59,202502,127.133774733972000,37.562353135435500,11,11740,강동구,역사관광,[지역] 서울특별시 [장소] 정향사 [카테고리] 관광지
서울특별시,호텔모우,서울 동대문구 이문로 810,숙박,59,202502,127.058670094622000,37.594432288002000,11,11230,동대문구,숙박,[지역] 서울특별시 [장소] 호텔모우 [카테고리] 숙박
서울특별시,K그랜드호스텔동대문,서울 성동구 왕십리로 3391,숙박,59,202502,127.032006148384000,37.562991313856000,11,11200,성동구,숙박,[지역] 서울특별시 [장소] K그랜드호스텔동대문 [카테고리] 숙박
서울특별시,무비랜드,서울 성동구 연무장길 55,관광지,59,202502,127.050282458786000,37.544160271588900,11,11200,성동구,문화관광,[지역] 서울특별시 [장소] 무비랜드 [카테고리] 관광지
서울특별시,위코스테이강남,서울 서초구 반포대로16길 300,숙박,59,202502,127.012571764919000,37.486078543993600,11,11650,서초구,숙박,[지역] 서울특별시 [장소] 위코스테이강남 [카테고리] 숙박
서울특별시,남성사계시장,서울 동작구 동작대로29길 90,관광지,6,202502,126.980539303812000,37.488444058221800,11,11590,동작구,쇼핑,[지역] 서울특별시 [장소] 남성사계시장 [카테고리] 관광지
서울특별시,디엣지아이스링크,서울 성동구 자동차시장1길 180,관광지,6,202502,127.059475905500000,37.561130588956600,11,11200,성동구,레저스포츠,[지역] 서울특별시 [장소] 디엣지아이스링크 [카테고리] 관광지
서울특별시,남산케이블카,서울 중구 소파로 830,관광지,6,202502,126.983982775074000,37.556630640821700,11,11140,중구,기타관광,[지역] 서울특별시 [장소] 남산케이블카 [카테고리] 관광지
서울특별시,현대백화점 유플렉스신촌점,서울 서대문구 연세로 130,관광지,6,202502,126.936625945595000,37.556769222118700,11,11410,서대문구,쇼핑,[지역] 서울특별시 [장소] 현대백화점 유플렉스신촌점 [카테고리] 관광지
서울특별시,롯데시네마강동,서울 강동구 천호옛길 850,관광지,6,202502,127.125331307126230,37.536661607466044,11,11740,강동구,문화관광,[지역] 서울특별시 [장소] 롯데시네마강동 [카테고리] 관광지
서울특별시,화랑대철도공원,서울 노원구,관광지,6,202502,127.092055671694000,37.623929084819000,11,11350,노원구,문화관광,[지역] 서울특별시 [장소] 화랑대철도공원 [카테고리] 관광지
서울특별시,CGV방학,서울 도봉구 도봉로 6840,관광지,6,202502,127.043754075835000,37.665368429680000,11,11320,도봉구,문화관광,[지역] 서울특별시 [장소] CGV방학 [카테고리] 관광지
서울특별시,헌릉과인릉,서울 서초구 헌인릉길 340,관광지,6,202502,127.081780389460090,37.464975172839830,11,11650,서초구,역사관광,[지역] 서울특별시 [장소] 헌릉과인릉 [카테고리] 관광지
서울특별시,대한민국예술인센터,서울 양천구 목동서로 2250,관광지,6,202502,126.870771076682000,37.527105584546400,11,11470,양천구,문화관광,[지역] 서울특별시 [장소] 대한민국예술인센터 [카테고리] 관광지
서울특별시,비스타워커힐서울,서울 광진구 워커힐로 1770,숙박,6,202502,127.111332396207020,37.554409468217386,11,11215,광진구,숙박,[지역] 서울특별시 [장소] 비스타워커힐서울 [카테고리] 숙박
서울특별시,신세계백화점타임스퀘어점,서울 영등포구 영중로 90,관광지,6,202502,126.905603256468000,37.517194726291800,11,11560,영등포구,쇼핑,[지역] 서울특별시 [장소] 신세계백화점타임스퀘어점 [카테고리] 관광지
서울특별시,그랜드인터컨티넨탈호텔서울파르나스,서울 강남구 테헤란로 5210,숙박,6,202502,127.060809627622000,37.509247705763000,11,11680,강남구,숙박,[지역] 서울특별시 [장소] 그랜드인터컨티넨탈호텔서울파르나스 [카테고리] 숙박
서울특별시,NC백화점강서점,서울 강서구 강서로56길 170,관광지,6,202502,126.840551274220000,37.559962710957400,11,11500,강서구,쇼핑,[지역] 서울특별시 [장소] NC백화점강서점 [카테고리] 관광지
서울특별시,도선사,서울 강북구 도선사길 2780,관광지,6,202502,126.989757743219290,37.655260622829430,11,11305,강북구,역사관광,[지역] 서울특별시 [장소] 도선사 [카테고리] 관광지
서울특별시,고척근린공원,서울 구로구,관광지,6,202502,126.852245178394000,37.505746831324100,11,11530,구로구,문화관광,[지역] 서울특별시 [장소] 고척근린공원 [카테고리] 관광지
서울특별시,국립현대미술관서울관,서울 종로구 삼청로 300,관광지,6,202502,126.980280089502060,37.578649936467870,11,11110,종로구,문화관광,[지역] 서울특별시 [장소] 국립현대미술관서울관 [카테고리] 관광지
서울특별시,북한산성,서울 은평구,관광지,6,202502,126.957646100000000,37.651907700000000,11,11380,은평구,역사관광,[지역] 서울특별시 [장소] 북한산성 [카테고리] 관광지
서울특별시,별빛남문시장,서울 금천구 시흥대로144길 170,관광지,6,202502,126.900741103555800,37.473361980407380,11,11545,금천구,쇼핑,[지역] 서울특별시 [장소] 별빛남문시장 [카테고리] 관광지
서울특별시,올림픽공원,서울 송파구 올림픽로 4240,관광지,6,202502,127.122803923810000,37.519857977850700,11,11710,송파구,문화관광,[지역] 서울특별시 [장소] 올림픽공원 [카테고리] 관광지
서울특별시,롯데시네마중랑,서울 중랑구 동일로 9510,관광지,6,202502,127.076001655719000,37.615124447136000,11,11260,중랑구,문화관광,[지역] 서울특별시 [장소] 롯데시네마중랑 [카테고리] 관광지
서울특별시,AK플라자홍대,서울 마포구 양화로 1880,관광지,6,202502,126.926371610189000,37.557823324587800,11,11440,마포구,쇼핑,[지역] 서울특별시 [장소] AK플라자홍대 [카테고리] 관광지
서울특별시,서울드래곤시티,서울 용산구 청파로20길 950,숙박,6,202502,126.961929453194000,37.531966690513100,11,11170,용산구,숙박,[지역] 서울특별시 [장소] 서울드래곤시티 [카테고리] 숙박
서울특별시,서울풍물시장,서울 동대문구 천호대로4길 210,관광지,6,202502,127.025395539391310,37.572740145283920,11,11230,동대문구,쇼핑,[지역] 서울특별시 [장소] 서울풍물시장 [카테고리] 관광지
서울특별시,CGV성신여대입구,서울 성북구 동소문로 1060,관광지,6,202502,127.017062764837480,37.592598907401380,11,11290,성북구,문화관광,[지역] 서울특별시 [장소] CGV성신여대입구 [카테고리] 관광지
서울특별시,우림시장,서울 관악구 난곡로26길 40,관광지,6,202502,126.920378247013000,37.470334671925100,11,11620,관악구,쇼핑,[지역] 서울특별시 [장소] 우림시장 [카테고리] 관광지
서울특별시,호텔딘,서울 성북구 종암로24길 140,숙박,60,202502,127.034727754389000,37.600653641043000,11,11290,성북구,숙박,[지역] 서울특별시 [장소] 호텔딘 [카테고리] 숙박
서울특별시,연의목공방,서울 양천구 신월로 860,관광지,60,202502,126.833743267850820,37.515067129864820,11,11470,양천구,체험관광,[지역] 서울특별시 [장소] 연의목공방 [카테고리] 관광지
서울특별시,펀노리터서울광진점,서울 광진구 천호대로129길 290,관광지,60,202502,127.091124356857450,37.553145973953730,11,11215,광진구,문화관광,[지역] 서울특별시 [장소] 펀노리터서울광진점 [카테고리] 관광지
서울특별시,동대문역사문화공원,서울 중구 을지로 2810,관광지,60,202502,127.010008097465540,37.567074038443010,11,11140,중구,문화관광,[지역] 서울특별시 [장소] 동대문역사문화공원 [카테고리] 관광지
서울특별시,온플릭클라이밍,서울 강동구 올림픽로 6640,관광지,60,202502,127.124664661084000,37.540661141045000,11,11740,강동구,레저스포츠,[지역] 서울특별시 [장소] 온플릭클라이밍 [카테고리] 관광지
서울특별시,한미장,서울 강북구 삼양로181길 1680,숙박,60,202502,127.007646180035000,37.670839792492500,11,11305,강북구,숙박,[지역] 서울특별시 [장소] 한미장 [카테고리] 숙박
서울특별시,꿈의숲탁구장,서울 강북구 오현로32길 43,관광지,60,202502,127.039893679488000,37.628456011717100,11,11305,강북구,레저스포츠,[지역] 서울특별시 [장소] 꿈의숲탁구장 [카테고리] 관광지
서울특별시,브이모텔,서울 노원구 노해로75길 148,숙박,60,202502,127.057821645562680,37.654339139122530,11,11350,노원구,숙박,[지역] 서울특별시 [장소] 브이모텔 [카테고리] 숙박
서울특별시,남경호텔,서울 마포구 양화로1길 70,숙박,60,202502,126.910518526918220,37.549005020952420,11,11440,마포구,숙박,[지역] 서울특별시 [장소] 남경호텔 [카테고리] 숙박
서울특별시,프로비스타호텔,서울 서초구 서초대로 3380,숙박,60,202502,127.018619134509070,37.494887992592375,11,11650,서초구,숙박,[지역] 서울특별시 [장소] 프로비스타호텔 [카테고리] 숙박
서울특별시,WO모텔용산역점,서울 용산구 한강대로7길 90,숙박,60,202502,126.962318382263000,37.524189814336000,11,11170,용산구,숙박,[지역] 서울특별시 [장소] WO모텔용산역점 [카테고리] 숙박
서울특별시,파르나스몰,서울 강남구 테헤란로 5210,관광지,60,202502,127.061031830860000,37.509136608871400,11,11680,강남구,쇼핑,[지역] 서울특별시 [장소] 파르나스몰 [카테고리] 관광지
서울특별시,LG디스커버리랩서울,서울 강서구 마곡중앙로 1360,관광지,60,202502,126.829397636785420,37.565345364246040,11,11500,강서구,문화관광,[지역] 서울특별시 [장소] LG디스커버리랩서울 [카테고리] 관광지
서울특별시,고고랜드홈플러스영등포점,서울 영등포구 당산로 420,관광지,60,202502,126.895898001814150,37.518217211758795,11,11560,영등포구,레저스포츠,[지역] 서울특별시 [장소] 고고랜드홈플러스영등포점 [카테고리] 관광지
서울특별시,키즈카페체리시,서울 강북구 삼양로 1620,관광지,60,202502,127.021673204894000,37.618429280618700,11,11305,강북구,문화관광,[지역] 서울특별시 [장소] 키즈카페체리시 [카테고리] 관광지
서울특별시,상명아트센터,서울 종로구 홍지문2길 200,관광지,60,202502,126.956568135330000,37.603125092407700,11,11110,종로구,문화관광,[지역] 서울특별시 [장소] 상명아트센터 [카테고리] 관광지
서울특별시,제기시장,서울 동대문구 제기로 190,관광지,60,202502,127.035005648590000,37.586266418285600,11,11230,동대문구,쇼핑,[지역] 서울특별시 [장소] 제기시장 [카테고리] 관광지
서울특별시,롯데월드매직아일랜드,서울 송파구 올림픽로 2400,관광지,60,202502,127.099972760311000,37.508914654961500,11,11710,송파구,문화관광,[지역] 서울특별시 [장소] 롯데월드매직아일랜드 [카테고리] 관광지
서울특별시,황창배미술관,서울 서대문구 연희로 898,관광지,60,202502,126.930015338353000,37.566490279191400,11,11410,서대문구,문화관광,[지역] 서울특별시 [장소] 황창배미술관 [카테고리] 관광지
서울특별시,성촌공원,서울 용산구,관광지,61,202502,126.953541335589000,37.530633459807800,11,11170,용산구,문화관광,[지역] 서울특별시 [장소] 성촌공원 [카테고리] 관광지
서울특별시,염불사,서울 노원구 동일로250길 44142,관광지,61,202502,127.065890772989000,37.684227496146700,11,11350,노원구,역사관광,[지역] 서울특별시 [장소] 염불사 [카테고리] 관광지
서울특별시,봉천제일시장,서울 관악구 청룡2길 290,관광지,61,202502,126.944487074715680,37.481277998771090,11,11620,관악구,쇼핑,[지역] 서울특별시 [장소] 봉천제일시장 [카테고리] 관광지
서울특별시,선불교조계종결교선원,서울 강동구 상암로5길 70,관광지,61,202502,127.127053234009000,37.550771098638200,11,11740,강동구,역사관광,[지역] 서울특별시 [장소] 선불교조계종결교선원 [카테고리] 관광지
서울특별시,데굴데굴키즈파티룸,서울 성동구 용답29길 190,관광지,61,202502,127.054135077915020,37.564267402304296,11,11200,성동구,문화관광,[지역] 서울특별시 [장소] 데굴데굴키즈파티룸 [카테고리] 관광지
서울특별시,윤형빈소극장홍대점,서울 마포구 와우산로21길 290,관광지,61,202502,126.922377278488000,37.552214106117900,11,11440,마포구,문화관광,[지역] 서울특별시 [장소] 윤형빈소극장홍대점 [카테고리] 관광지
서울특별시,쉐르빌모텔,서울 관악구 남부순환로220길 490,숙박,61,202502,126.951764216382000,37.479056077826000,11,11620,관악구,숙박,[지역] 서울특별시 [장소] 쉐르빌모텔 [카테고리] 숙박
서울특별시,연세대세브란스병원은명대강당,서울 서대문구 연세로 501,관광지,61,202502,126.941042157902000,37.562435260460300,11,11410,서대문구,문화관광,[지역] 서울특별시 [장소] 연세대세브란스병원은명대강당 [카테고리] 관광지
서울특별시,한전아트센터공연장,서울 서초구 효령로72길 600,관광지,61,202502,127.028590544417000,37.485805770304400,11,11650,서초구,문화관광,[지역] 서울특별시 [장소] 한전아트센터공연장 [카테고리] 관광지
서울특별시,파티오세븐,서울 강남구 논현로 7360,숙박,61,202502,127.029312389572000,37.517802077223000,11,11680,강남구,숙박,[지역] 서울특별시 [장소] 파티오세븐 [카테고리] 숙박
서울특별시,서울옥션하우스,서울 종로구 평창30길 240,관광지,61,202502,126.975094151580000,37.611818645244500,11,11110,종로구,문화관광,[지역] 서울특별시 [장소] 서울옥션하우스 [카테고리] 관광지
서울특별시,갤럭시호텔,서울 영등포구 영등포로46길 131,숙박,61,202502,126.907878919116000,37.518023527394000,11,11560,영등포구,숙박,[지역] 서울특별시 [장소] 갤럭시호텔 [카테고리] 숙박
서울특별시,소호모텔,서울 구로구 디지털로32다길 200,숙박,61,202502,126.899685559713800,37.482110962764440,11,11530,구로구,숙박,[지역] 서울특별시 [장소] 소호모텔 [카테고리] 숙박
서울특별시,알로프트호텔서울명동,서울 중구 남대문로 560,숙박,61,202502,126.981844024395980,37.562296638945690,11,11140,중구,숙박,[지역] 서울특별시 [장소] 알로프트호텔서울명동 [카테고리] 숙박
서울특별시,길벗호텔,서울 동대문구 장한로26가길 390,숙박,61,202502,127.071363633017000,37.569935200617000,11,11230,동대문구,숙박,[지역] 서울특별시 [장소] 길벗호텔 [카테고리] 숙박
서울특별시,용암사,서울 광진구 용마산로28길 620,관광지,61,202502,127.090084189871000,37.567213410254500,11,11215,광진구,역사관광,[지역] 서울특별시 [장소] 용암사 [카테고리] 관광지
서울특별시,롯데월드쇼핑몰,서울 송파구 올림픽로 2400,관광지,61,202502,127.096917458277000,37.511192150504600,11,11710,송파구,쇼핑,[지역] 서울특별시 [장소] 롯데월드쇼핑몰 [카테고리] 관광지
서울특별시,강서별빛우주과학관,서울 강서구 금낭화로 1780,관광지,61,202502,126.814418782899570,37.580995858014390,11,11500,강서구,문화관광,[지역] 서울특별시 [장소] 강서별빛우주과학관 [카테고리] 관광지
서울특별시,대한불교진각종,서울 성북구 화랑로13길 170,관광지,61,202502,127.041227126512370,37.604708767970180,11,11290,성북구,역사관광,[지역] 서울특별시 [장소] 대한불교진각종 [카테고리] 관광지
서울특별시,KIA360,서울 강남구 압구정로 4170,관광지,62,202502,127.042825358718180,37.527567655131520,11,11680,강남구,문화관광,[지역] 서울특별시 [장소] KIA360 [카테고리] 관광지
서울특별시,파레스모텔,서울 성동구 왕십리로20길 150,숙박,62,202502,127.035259400000000,37.563223200000000,11,11200,성동구,숙박,[지역] 서울특별시 [장소] 파레스모텔 [카테고리] 숙박
서울특별시,몬스터롤러스케이트장,서울 강서구 공항대로41길 340,관광지,62,202502,126.845717479708000,37.559296152759100,11,11500,강서구,레저스포츠,[지역] 서울특별시 [장소] 몬스터롤러스케이트장 [카테고리] 관광지
서울특별시,극동방송아트홀,서울 마포구 와우산로 560,관광지,62,202502,126.923404990137000,37.549436655913600,11,11440,마포구,문화관광,[지역] 서울특별시 [장소] 극동방송아트홀 [카테고리] 관광지
서울특별시,헬로방방남가좌충암점,서울 서대문구 명지대길 1030,관광지,62,202502,126.922876919932000,37.584599251157100,11,11410,서대문구,문화관광,[지역] 서울특별시 [장소] 헬로방방남가좌충암점 [카테고리] 관광지
서울특별시,어반바스켓볼,서울 동대문구 천호대로 3850,관광지,62,202502,127.061946839098770,37.562299081062380,11,11230,동대문구,레저스포츠,[지역] 서울특별시 [장소] 어반바스켓볼 [카테고리] 관광지
서울특별시,금호프라자,서울 노원구 상계로5길 320,관광지,62,202502,127.062724663179480,37.657063954574170,11,11350,노원구,쇼핑,[지역] 서울특별시 [장소] 금호프라자 [카테고리] 관광지
서울특별시,데쟈트호텔,서울 영등포구 영중로4길 96,숙박,62,202502,126.907525016422370,37.517822515315245,11,11560,영등포구,숙박,[지역] 서울특별시 [장소] 데쟈트호텔 [카테고리] 숙박
서울특별시,봄 호텔,서울 서초구 사평대로57길 120,숙박,62,202502,127.023451746223030,37.505006000341170,11,11650,서초구,숙박,[지역] 서울특별시 [장소] 봄 호텔 [카테고리] 숙박
서울특별시,마로니에공원,서울 종로구 대학로 1040,관광지,62,202502,127.002841947353090,37.580516883510100,11,11110,종로구,문화관광,[지역] 서울특별시 [장소] 마로니에공원 [카테고리] 관광지
서울특별시,광진문화예술회관나루아트센터,서울 광진구 능동로 760,관광지,62,202502,127.070641795487620,37.537494502324215,11,11215,광진구,문화관광,[지역] 서울특별시 [장소] 광진문화예술회관나루아트센터 [카테고리] 관광지
서울특별시,송파나루공원동호,서울 송파구 송파나루길 1660,관광지,62,202502,127.105166711346000,37.511386624026700,11,11710,송파구,문화관광,[지역] 서울특별시 [장소] 송파나루공원동호 [카테고리] 관광지
서울특별시,써미트호텔,서울 중구 장충단로 1980,숙박,62,202502,127.006813610874640,37.562285195344685,11,11140,중구,숙박,[지역] 서울특별시 [장소] 써미트호텔 [카테고리] 숙박
서울특별시,미아리고개예술극장,서울 성북구 동소문로 1770,관광지,62,202502,127.021423430204000,37.597820552626600,11,11290,성북구,문화관광,[지역] 서울특별시 [장소] 미아리고개예술극장 [카테고리] 관광지
서울특별시,호텔H,서울 강동구 구천면로24길 190,숙박,62,202502,127.126055422054100,37.539769043587040,11,11740,강동구,숙박,[지역] 서울특별시 [장소] 호텔H [카테고리] 숙박
서울특별시,로망스모텔,서울 용산구 한강대로84길 1112,숙박,62,202502,126.973317194695000,37.544104245931200,11,11170,용산구,숙박,[지역] 서울특별시 [장소] 로망스모텔 [카테고리] 숙박
서울특별시,뉴키즈밀가루키즈카페,서울 구로구 경인로 3870,관광지,62,202502,126.863133165370000,37.497081232586300,11,11530,구로구,문화관광,[지역] 서울특별시 [장소] 뉴키즈밀가루키즈카페 [카테고리] 관광지
서울특별시,잠실야구장,서울 송파구 올림픽로 250,관광지,63,202502,127.071808605772190,37.512136329273574,11,11710,송파구,문화관광,[지역] 서울특별시 [장소] 잠실야구장 [카테고리] 관광지
서울특별시,하이커그라운드,서울 중구 청계천로 400,관광지,63,202502,126.981616054524410,37.568532136418310,11,11140,중구,문화관광,[지역] 서울특별시 [장소] 하이커그라운드 [카테고리] 관광지
서울특별시,강서습지생태공원,서울 강서구,관광지,63,202502,126.819080741956920,37.586487288554025,11,11500,강서구,문화관광,[지역] 서울특별시 [장소] 강서습지생태공원 [카테고리] 관광지
서울특별시,선잠단지,서울 성북구,관광지,63,202502,126.999481012452000,37.593570907984600,11,11290,성북구,역사관광,[지역] 서울특별시 [장소] 선잠단지 [카테고리] 관광지
서울특별시,지니풋살파크용두동점,서울 동대문구 왕산로 680,관광지,63,202502,127.030922770734000,37.577489630311000,11,11230,동대문구,레저스포츠,[지역] 서울특별시 [장소] 지니풋살파크용두동점 [카테고리] 관광지
서울특별시,로컬스티치크리에이터타운서교,서울 마포구 월드컵북로5길 410,숙박,63,202502,126.916813364656000,37.556264027622900,11,11440,마포구,숙박,[지역] 서울특별시 [장소] 로컬스티치크리에이터타운서교 [카테고리] 숙박
서울특별시,신풍시장,서울 영등포구 신길로 1640,관광지,63,202502,126.911184283372000,37.506830397329500,11,11560,영등포구,쇼핑,[지역] 서울특별시 [장소] 신풍시장 [카테고리] 관광지
서울특별시,램파트모텔,서울 관악구 승방2길 30,숙박,63,202502,126.981053614784460,37.474028046351480,11,11620,관악구,숙박,[지역] 서울특별시 [장소] 램파트모텔 [카테고리] 숙박
서울특별시,NINETH호텔,서울 서초구 반포대로14길 510,숙박,63,202502,127.013637502607930,37.486322632291320,11,11650,서초구,숙박,[지역] 서울특별시 [장소] NINETH호텔 [카테고리] 숙박
서울특별시,이태원앤틱가구거리,서울 용산구,관광지,63,202502,126.994509342328970,37.531440006541786,11,11170,용산구,쇼핑,[지역] 서울특별시 [장소] 이태원앤틱가구거리 [카테고리] 관광지
서울특별시,해오름공원,서울 광진구,관광지,63,202502,127.092056336479000,37.556825734727100,11,11215,광진구,문화관광,[지역] 서울특별시 [장소] 해오름공원 [카테고리] 관광지
서울특별시,호텔27,서울 성동구 자동차시장1길 270,숙박,63,202502,127.060681373300720,37.561383736380336,11,11200,성동구,숙박,[지역] 서울특별시 [장소] 호텔27 [카테고리] 숙박
서울특별시,이프모텔,서울 강동구 양재대로109길 110,숙박,63,202502,127.138645477787290,37.536141090935885,11,11740,강동구,숙박,[지역] 서울특별시 [장소] 이프모텔 [카테고리] 숙박
서울특별시,금강쇼핑센터,서울 강남구 압구정로 2010,관광지,63,202502,127.029812221776000,37.530356184717800,11,11680,강남구,쇼핑,[지역] 서울특별시 [장소] 금강쇼핑센터 [카테고리] 관광지
서울특별시,루이호텔,서울 서대문구 연세로2나길 60,숙박,63,202502,126.938268920764640,37.556390016535560,11,11410,서대문구,숙박,[지역] 서울특별시 [장소] 루이호텔 [카테고리] 숙박
서울특별시,서울과학기술대학교붕어방,서울 노원구 공릉로 2320,관광지,63,202502,127.077973518248310,37.633400122598424,11,11350,노원구,자연관광,[지역] 서울특별시 [장소] 서울과학기술대학교붕어방 [카테고리] 관광지
서울특별시,르레브,서울 강북구 덕릉로26길 160,숙박,63,202502,127.022256333839000,37.633816392292000,11,11305,강북구,숙박,[지역] 서울특별시 [장소] 르레브 [카테고리] 숙박
서울특별시,코코모호텔,서울 구로구 새말로 200,숙박,63,202502,126.883353512724340,37.501969678868626,11,11530,구로구,숙박,[지역] 서울특별시 [장소] 코코모호텔 [카테고리] 숙박
서울특별시,국제갤러리,서울 종로구 삼청로 540,관광지,63,202502,126.980481740908000,37.580779848092200,11,11110,종로구,문화관광,[지역] 서울특별시 [장소] 국제갤러리 [카테고리] 관광지
서울특별시,호텔페이토삼성,서울 강남구 테헤란로87길 90,숙박,64,202502,127.058719904676880,37.508452387899270,11,11680,강남구,숙박,[지역] 서울특별시 [장소] 호텔페이토삼성 [카테고리] 숙박
서울특별시,신림중앙시장,서울 관악구 조원로16길 270,관광지,64,202502,126.911392645631960,37.483094952394890,11,11620,관악구,쇼핑,[지역] 서울특별시 [장소] 신림중앙시장 [카테고리] 관광지
서울특별시,왜고개,서울 용산구 한강대로40길 460,관광지,64,202502,126.971956344688000,37.529883659713500,11,11170,용산구,역사관광,[지역] 서울특별시 [장소] 왜고개 [카테고리] 관광지
서울특별시,봉봉키즈장안점,서울 동대문구 답십리로69길 550,관광지,64,202502,127.073805100000000,37.574669800000000,11,11230,동대문구,문화관광,[지역] 서울특별시 [장소] 봉봉키즈장안점 [카테고리] 관광지
서울특별시,모텔스타킹,서울 광진구 동일로30길 150,숙박,64,202502,127.068169695868000,37.547743302132500,11,11215,광진구,숙박,[지역] 서울특별시 [장소] 모텔스타킹 [카테고리] 숙박
서울특별시,응봉축구장,서울 성동구,관광지,64,202502,127.037450209599750,37.551881521279400,11,11200,성동구,문화관광,[지역] 서울특별시 [장소] 응봉축구장 [카테고리] 관광지
서울특별시,서경대풋살파크,서울 성북구 서경로 1180,관광지,64,202502,127.012879407139400,37.613962629996024,11,11290,성북구,문화관광,[지역] 서울특별시 [장소] 서경대풋살파크 [카테고리] 관광지
서울특별시,구미학숙,서울 성북구 보문로32길 300,숙박,64,202502,127.017896049785000,37.589849230692200,11,11290,성북구,숙박,[지역] 서울특별시 [장소] 구미학숙 [카테고리] 숙박
서울특별시,잠원쇼핑센터,서울 서초구 신반포로23길 410,관광지,64,202502,127.001486542846180,37.509137541623474,11,11650,서초구,쇼핑,[지역] 서울특별시 [장소] 잠원쇼핑센터 [카테고리] 관광지
서울특별시,와우산체육공원,서울 마포구,관광지,64,202502,126.929015572835000,37.551603106359000,11,11440,마포구,문화관광,[지역] 서울특별시 [장소] 와우산체육공원 [카테고리] 관광지
서울특별시,조광시장,서울 영등포구,관광지,64,202502,126.901851648175000,37.521995253578200,11,11560,영등포구,쇼핑,[지역] 서울특별시 [장소] 조광시장 [카테고리] 관광지
서울특별시,이비스스타일앰배서더명동,서울 중구 삼일대로 3020,숙박,64,202502,126.989419362702050,37.561701269467676,11,11140,중구,숙박,[지역] 서울특별시 [장소] 이비스스타일앰배서더명동 [카테고리] 숙박
서울특별시,천마풋살파크,서울 송파구 성내천로29길 310,관광지,64,202502,127.153398967428130,37.502429732779870,11,11710,송파구,문화관광,[지역] 서울특별시 [장소] 천마풋살파크 [카테고리] 관광지
서울특별시,북한산자락길,서울 서대문구,관광지,64,202502,126.945208045853960,37.603791611855550,11,11410,서대문구,레저스포츠,[지역] 서울특별시 [장소] 북한산자락길 [카테고리] 관광지
서울특별시,항동철길,서울 구로구,관광지,64,202502,126.829580746522000,37.486248949091700,11,11530,구로구,기타관광,[지역] 서울특별시 [장소] 항동철길 [카테고리] 관광지
서울특별시,오류시장,서울 구로구 경인로19가길 141,관광지,64,202502,126.843523831293000,37.496664495526800,11,11530,구로구,쇼핑,[지역] 서울특별시 [장소] 오류시장 [카테고리] 관광지
서울특별시,하계어울림센터,서울 노원구 공릉로58가길 130,관광지,64,202502,127.072501764364000,37.636094220900000,11,11350,노원구,문화관광,[지역] 서울특별시 [장소] 하계어울림센터 [카테고리] 관광지
서울특별시,방화근린공원,서울 강서구 금낭화로 1760,관광지,64,202502,126.813192431627000,37.581737802728400,11,11500,강서구,문화관광,[지역] 서울특별시 [장소] 방화근린공원 [카테고리] 관광지
서울특별시,비너스모텔,서울 강동구 진황도로 1780,숙박,64,202502,127.142449003101320,37.530354709172784,11,11740,강동구,숙박,[지역] 서울특별시 [장소] 비너스모텔 [카테고리] 숙박
서울특별시,CGV대학로,서울 종로구 대명길 280,관광지,64,202502,126.999842189873000,37.583460968772300,11,11110,종로구,문화관광,[지역] 서울특별시 [장소] CGV대학로 [카테고리] 관광지
서울특별시,하이센스모텔,서울 강동구 천중로42길 650,숙박,65,202502,127.138774523210000,37.538078194902900,11,11740,강동구,숙박,[지역] 서울특별시 [장소] 하이센스모텔 [카테고리] 숙박
서울특별시,프로베이스볼아카데미,서울 강동구 천호대로 12380,관광지,65,202502,127.148440250694990,37.536137581929580,11,11740,강동구,레저스포츠,[지역] 서울특별시 [장소] 프로베이스볼아카데미 [카테고리] 관광지
서울특별시,트레블로지명동을지로호텔,서울 중구 수표로 610,숙박,65,202502,126.989398854191000,37.566657292363500,11,11140,중구,숙박,[지역] 서울특별시 [장소] 트레블로지명동을지로호텔 [카테고리] 숙박
서울특별시,구의야구공원,서울 광진구 광나루로 5710,관광지,65,202502,127.095667218642000,37.546965786067400,11,11215,광진구,문화관광,[지역] 서울특별시 [장소] 구의야구공원 [카테고리] 관광지
서울특별시,링크아트센터드림,서울 종로구 동숭길 1230,관광지,65,202502,127.003286324416000,37.583294342737500,11,11110,종로구,문화관광,[지역] 서울특별시 [장소] 링크아트센터드림 [카테고리] 관광지
서울특별시,HOTEL24,서울 송파구 오금로11길 5516,숙박,65,202502,127.113893377772000,37.515742707355800,11,11710,송파구,숙박,[지역] 서울특별시 [장소] HOTEL24 [카테고리] 숙박
서울특별시,ZIP호텔,서울 관악구 남부순환로224길 320,숙박,65,202502,126.952986323910000,37.479500478391400,11,11620,관악구,숙박,[지역] 서울특별시 [장소] ZIP호텔 [카테고리] 숙박
서울특별시,나노체육시설운영,서울 서대문구 증가로 1910,관광지,65,202502,126.916516454855000,37.577322276429700,11,11410,서대문구,레저스포츠,[지역] 서울특별시 [장소] 나노체육시설운영 [카테고리] 관광지
서울특별시,다람쥐어린이공원,서울 서대문구,관광지,65,202502,126.934403737086000,37.576100305384400,11,11410,서대문구,문화관광,[지역] 서울특별시 [장소] 다람쥐어린이공원 [카테고리] 관광지
서울특별시,뉴스뮤지엄연희점,서울 서대문구 연희로11가길 4810,관광지,65,202502,126.927515559665000,37.566990206014400,11,11410,서대문구,문화관광,[지역] 서울특별시 [장소] 뉴스뮤지엄연희점 [카테고리] 관광지
서울특별시,알레클라임강동점,서울 강동구 천호대로177길 390,관광지,65,202502,127.137850360938160,37.536386746790470,11,11740,강동구,레저스포츠,[지역] 서울특별시 [장소] 알레클라임강동점 [카테고리] 관광지
서울특별시,법성프라자,서울 노원구 중계로 2190,관광지,65,202502,127.075668001303000,37.650509239091000,11,11350,노원구,쇼핑,[지역] 서울특별시 [장소] 법성프라자 [카테고리] 관광지
서울특별시,더휴식아늑호텔홍대점,서울 마포구 동교로 1627,숙박,65,202502,126.920375028571020,37.555558882802570,11,11440,마포구,숙박,[지역] 서울특별시 [장소] 더휴식아늑호텔홍대점 [카테고리] 숙박
서울특별시,동부모텔,서울 동대문구 홍릉로 400,숙박,65,202502,127.044199284001000,37.583988961236100,11,11230,동대문구,숙박,[지역] 서울특별시 [장소] 동부모텔 [카테고리] 숙박
서울특별시,한남67호텔,서울 용산구 대사관로 670,숙박,65,202502,127.005647709027000,37.533439012032000,11,11170,용산구,숙박,[지역] 서울특별시 [장소] 한남67호텔 [카테고리] 숙박
서울특별시,고덕수변생태공원,서울 강동구,관광지,65,202502,127.155772668030000,37.570213476607300,11,11740,강동구,문화관광,[지역] 서울특별시 [장소] 고덕수변생태공원 [카테고리] 관광지
서울특별시,러브이즈모텔,서울 강동구 천중로40길 710,숙박,65,202502,127.137969042340000,37.537883767861000,11,11740,강동구,숙박,[지역] 서울특별시 [장소] 러브이즈모텔 [카테고리] 숙박
서울특별시,63스퀘어,서울 영등포구 63로 500,관광지,65,202502,126.939709358017000,37.519745745024300,11,11560,영등포구,문화관광,[지역] 서울특별시 [장소] 63스퀘어 [카테고리] 관광지
서울특별시,나이스타임관광호텔,서울 관악구 신림로64길 280,숙박,65,202502,126.931293786897000,37.484971935705700,11,11620,관악구,숙박,[지역] 서울특별시 [장소] 나이스타임관광호텔 [카테고리] 숙박
서울특별시,신사쇼핑센터,서울 서초구 나루터로 370,관광지,65,202502,127.014174891527000,37.515441145323100,11,11650,서초구,쇼핑,[지역] 서울특별시 [장소] 신사쇼핑센터 [카테고리] 관광지
서울특별시,레이블갤러리,서울 성동구 성수이로26길 310,관광지,65,202502,127.060948147327000,37.545604615468800,11,11200,성동구,문화관광,[지역] 서울특별시 [장소] 레이블갤러리 [카테고리] 관광지
서울특별시,스위트빌롯데어린이식품체험관,서울 강서구 마곡중앙로 2010,관광지,65,202502,126.827691216910170,37.571489076826670,11,11500,강서구,문화관광,[지역] 서울특별시 [장소] 스위트빌롯데어린이식품체험관 [카테고리] 관광지
서울특별시,알로프트호텔서울강남,서울 강남구 영동대로 7360,숙박,65,202502,127.055633325713590,37.523755926951665,11,11680,강남구,숙박,[지역] 서울특별시 [장소] 알로프트호텔서울강남 [카테고리] 숙박
서울특별시,태영한우,서울 성동구 청계천로12가길 510,관광지,65,202502,127.036339010637000,37.571073739406700,11,11200,성동구,쇼핑,[지역] 서울특별시 [장소] 태영한우 [카테고리] 관광지
서울특별시,전농로터리시장,서울 동대문구,관광지,66,202502,127.056725988940000,37.577906409568000,11,11230,동대문구,쇼핑,[지역] 서울특별시 [장소] 전농로터리시장 [카테고리] 관광지
서울특별시,뉴월드호텔,서울 용산구 한강대로84길 2113,숙박,66,202502,126.973511619671000,37.544298669089800,11,11170,용산구,숙박,[지역] 서울특별시 [장소] 뉴월드호텔 [카테고리] 숙박
서울특별시,호텔티제이,서울 강서구 남부순환로 1960,숙박,66,202502,126.819999925781080,37.547989262412540,11,11500,강서구,숙박,[지역] 서울특별시 [장소] 호텔티제이 [카테고리] 숙박
서울특별시,문모텔,서울 광진구 동일로 4400,숙박,66,202502,127.079723993568480,37.569407536135685,11,11215,광진구,숙박,[지역] 서울특별시 [장소] 문모텔 [카테고리] 숙박
서울특별시,롯데월드웰빙센터,서울 송파구 올림픽로 2400,관광지,66,202502,127.097000791190000,37.510470012242600,11,11710,송파구,문화관광,[지역] 서울특별시 [장소] 롯데월드웰빙센터 [카테고리] 관광지
서울특별시,서울옥션강남센터,서울 강남구 언주로 8640,관광지,66,202502,127.033915489138280,37.527416933111030,11,11680,강남구,문화관광,[지역] 서울특별시 [장소] 서울옥션강남센터 [카테고리] 관광지
서울특별시,에이치에비뉴영등포점,서울 영등포구 영중로10길 323,숙박,66,202502,126.908795500237000,37.518301278645000,11,11560,영등포구,숙박,[지역] 서울특별시 [장소] 에이치에비뉴영등포점 [카테고리] 숙박
서울특별시,라마다호텔앤스위트서울남대문,서울 중구 칠패로 270,숙박,66,202502,126.971844945732440,37.560546779633030,11,11140,중구,숙박,[지역] 서울특별시 [장소] 라마다호텔앤스위트서울남대문 [카테고리] 숙박
서울특별시,북한산생태숲,서울 성북구,관광지,66,202502,127.006730091097000,37.620623378106600,11,11290,성북구,문화관광,[지역] 서울특별시 [장소] 북한산생태숲 [카테고리] 관광지
서울특별시,한성아트홀,서울 종로구 창경궁로 2540,관광지,66,202502,126.999814412162000,37.583710939681700,11,11110,종로구,문화관광,[지역] 서울특별시 [장소] 한성아트홀 [카테고리] 관광지
서울특별시,쟈스민호텔,서울 서초구 효령로55길 590,숙박,66,202502,127.013890681248140,37.487412826369610,11,11650,서초구,숙박,[지역] 서울특별시 [장소] 쟈스민호텔 [카테고리] 숙박
서울특별시,레이저아레나홍대점,서울 마포구 와우산로 1110,관광지,66,202502,126.925765848789350,37.553463982296640,11,11440,마포구,레저스포츠,[지역] 서울특별시 [장소] 레이저아레나홍대점 [카테고리] 관광지
서울특별시,피노파밀리아,서울 노원구 중계로 13117,관광지,66,202502,127.079945437009530,37.645982012208090,11,11350,노원구,문화관광,[지역] 서울특별시 [장소] 피노파밀리아 [카테고리] 관광지
서울특별시,CL모텔,서울 강서구 강서로5나길 1360,숙박,67,202502,126.840601652391510,37.528426545112710,11,11500,강서구,숙박,[지역] 서울특별시 [장소] CL모텔 [카테고리] 숙박
서울특별시,노원불빛정원,서울 노원구 화랑로 6080,관광지,67,202502,127.093095437433360,37.624456336151354,11,11350,노원구,문화관광,[지역] 서울특별시 [장소] 노원불빛정원 [카테고리] 관광지
서울특별시,한강공원,서울 성동구,관광지,67,202502,127.018951989367000,37.540882678205600,11,11200,성동구,문화관광,[지역] 서울특별시 [장소] 한강공원 [카테고리] 관광지
서울특별시,서울앤호텔동대문,서울 종로구 종로66가길 210,숙박,67,202502,127.020840390036180,37.573323382856096,11,11110,종로구,숙박,[지역] 서울특별시 [장소] 서울앤호텔동대문 [카테고리] 숙박
서울특별시,컬리넌호텔건대1호점,서울 광진구 동일로 2120,숙박,67,202502,127.069030701561000,37.550548538745100,11,11215,광진구,숙박,[지역] 서울특별시 [장소] 컬리넌호텔건대1호점 [카테고리] 숙박
서울특별시,이촌종합시장,서울 용산구 이촌로77길 190,관광지,67,202502,126.975011716455000,37.520357002184800,11,11170,용산구,쇼핑,[지역] 서울특별시 [장소] 이촌종합시장 [카테고리] 관광지
서울특별시,라움아트센터,서울 강남구 언주로 5640,관광지,67,202502,127.039811533191440,37.508358789249700,11,11680,강남구,문화관광,[지역] 서울특별시 [장소] 라움아트센터 [카테고리] 관광지
서울특별시,탄천축구장,서울 송파구 삼학사로2길 490,관광지,67,202502,127.099306271845000,37.496916037041500,11,11710,송파구,문화관광,[지역] 서울특별시 [장소] 탄천축구장 [카테고리] 관광지
서울특별시,국립국악박물관,서울 서초구 남부순환로 23640,관광지,67,202502,127.009536791514000,37.477389958391700,11,11650,서초구,문화관광,[지역] 서울특별시 [장소] 국립국악박물관 [카테고리] 관광지
서울특별시,호텔리더스,서울 영등포구 영중로10길 450,숙박,67,202502,126.910298528182980,37.518425629286185,11,11560,영등포구,숙박,[지역] 서울특별시 [장소] 호텔리더스 [카테고리] 숙박
서울특별시,동방종합시장,서울 관악구 신림로23길 160,관광지,67,202502,126.934460306972000,37.470445856010800,11,11620,관악구,쇼핑,[지역] 서울특별시 [장소] 동방종합시장 [카테고리] 관광지
서울특별시,테이블에이동물원,서울 마포구 와우산로 1460,관광지,67,202502,126.929490889158500,37.554040831744330,11,11440,마포구,문화관광,[지역] 서울특별시 [장소] 테이블에이동물원 [카테고리] 관광지
서울특별시,이네오스 그레나디어 서울,서울 성동구 성수이로 720,관광지,67,202502,127.056281944652000,37.541299528546000,11,11200,성동구,문화관광,[지역] 서울특별시 [장소] 이네오스 그레나디어 서울 [카테고리] 관광지
서울특별시,M모텔,서울 동대문구 하정로 480,숙박,67,202502,127.026887762162970,37.575303077555360,11,11230,동대문구,숙박,[지역] 서울특별시 [장소] M모텔 [카테고리] 숙박
서울특별시,나이스실내낚시터,서울 성북구 정릉로34길 50,관광지,67,202502,127.017673723843530,37.602458881523050,11,11290,성북구,레저스포츠,[지역] 서울특별시 [장소] 나이스실내낚시터 [카테고리] 관광지
서울특별시,호텔스카이파크명동2호점,서울 중구 명동9길 220,숙박,67,202502,126.985038154252000,37.564935242369900,11,11140,중구,숙박,[지역] 서울특별시 [장소] 호텔스카이파크명동2호점 [카테고리] 숙박
서울특별시,서울형키즈카페벌집어린이공원점,서울 성북구 월곡로7길 567,관광지,67,202502,127.036943851981220,37.599655340511774,11,11290,성북구,문화관광,[지역] 서울특별시 [장소] 서울형키즈카페벌집어린이공원점 [카테고리] 관광지
서울특별시,SFC몰,서울 중구 세종대로 1360,관광지,68,202502,126.978288730572130,37.568434795875190,11,11140,중구,쇼핑,[지역] 서울특별시 [장소] SFC몰 [카테고리] 관광지
서울특별시,동대문종합시장A동,서울 종로구 종로 2660,관광지,68,202502,127.008202675013000,37.570157003998600,11,11110,종로구,쇼핑,[지역] 서울특별시 [장소] 동대문종합시장A동 [카테고리] 관광지
서울특별시,장안온천,서울 동대문구 장안벚꽃로 1070,관광지,68,202502,127.074335576159850,37.570990652700680,11,11230,동대문구,체험관광,[지역] 서울특별시 [장소] 장안온천 [카테고리] 관광지
서울특별시,호텔컬리넌건대2호점,서울 광진구 동일로 2140,숙박,68,202502,127.069191887478500,37.550809676088136,11,11215,광진구,숙박,[지역] 서울특별시 [장소] 호텔컬리넌건대2호점 [카테고리] 숙박
서울특별시,호텔카푸치노,서울 강남구 봉은사로 1550,숙박,68,202502,127.031502596717000,37.506891836569300,11,11680,강남구,숙박,[지역] 서울특별시 [장소] 호텔카푸치노 [카테고리] 숙박
서울특별시,패션과문화의거리,서울 관악구,관광지,68,202502,126.927349677792000,37.487166102475100,11,11620,관악구,쇼핑,[지역] 서울특별시 [장소] 패션과문화의거리 [카테고리] 관광지
서울특별시,호텔리버,서울 노원구 노해로75길 1421,숙박,68,202502,127.058601518900330,37.654744140085654,11,11350,노원구,숙박,[지역] 서울특별시 [장소] 호텔리버 [카테고리] 숙박
서울특별시,호텔에스,서울 강서구 곰달래로 1080,숙박,68,202502,126.844684973848700,37.530247898302090,11,11500,강서구,숙박,[지역] 서울특별시 [장소] 호텔에스 [카테고리] 숙박
서울특별시,동자아트홀,서울 용산구 한강대로 3720,관광지,68,202502,126.972928268085000,37.551603376267800,11,11170,용산구,문화관광,[지역] 서울특별시 [장소] 동자아트홀 [카테고리] 관광지
서울특별시,서울숲클라이밍영등포점,서울 영등포구 문래로 1640,관광지,68,202502,126.900070002351810,37.517791945434155,11,11560,영등포구,레저스포츠,[지역] 서울특별시 [장소] 서울숲클라이밍영등포점 [카테고리] 관광지
서울특별시,서초문화예술정보학교,서울 서초구 남부순환로347길 690,관광지,68,202502,127.029340608208880,37.487424862187510,11,11650,서초구,체험관광,[지역] 서울특별시 [장소] 서초문화예술정보학교 [카테고리] 관광지
서울특별시,롤링홀,서울 마포구 어울마당로 350,관광지,68,202502,126.920127518194000,37.548464526071700,11,11440,마포구,문화관광,[지역] 서울특별시 [장소] 롤링홀 [카테고리] 관광지
서울특별시,포레스타1호텔,서울 송파구 백제고분로7길 236,숙박,68,202502,127.081641062431000,37.510969858652000,11,11710,송파구,숙박,[지역] 서울특별시 [장소] 포레스타1호텔 [카테고리] 숙박
서울특별시,렉시호텔,서울 서대문구 연세로2가길 140,숙박,68,202502,126.937709182292000,37.556630355942700,11,11410,서대문구,숙박,[지역] 서울특별시 [장소] 렉시호텔 [카테고리] 숙박
서울특별시,선농단역사문화관,서울 동대문구 무학로44길 380,관광지,69,202502,127.031892849172100,37.581191982209360,11,11230,동대문구,문화관광,[지역] 서울특별시 [장소] 선농단역사문화관 [카테고리] 관광지
서울특별시,Q MOTEL,서울 동대문구 회기로31길 90,숙박,69,202502,127.058864560399000,37.590488300991000,11,11230,동대문구,숙박,[지역] 서울특별시 [장소] Q MOTEL [카테고리] 숙박
서울특별시,홍익문화공원,서울 마포구,관광지,69,202502,126.923321636975000,37.552269661031500,11,11440,마포구,문화관광,[지역] 서울특별시 [장소] 홍익문화공원 [카테고리] 관광지
서울특별시,한국제과학교,서울 영등포구 여의대방로61길 420,관광지,69,202502,126.921905448470370,37.515968295106596,11,11560,영등포구,체험관광,[지역] 서울특별시 [장소] 한국제과학교 [카테고리] 관광지
서울특별시,브라운도트호텔강서구청점,서울 강서구 화곡로44가길 390,숙박,69,202502,126.848290156444760,37.549581227416070,11,11500,강서구,숙박,[지역] 서울특별시 [장소] 브라운도트호텔강서구청점 [카테고리] 숙박
서울특별시,G3호텔,서울 중구 충무로 70,숙박,69,202502,126.992902592836290,37.561822176134214,11,11140,중구,숙박,[지역] 서울특별시 [장소] G3호텔 [카테고리] 숙박
서울특별시,모차르트홀,서울 서초구 명달로 1040,관광지,69,202502,127.004537155533380,37.486416662384650,11,11650,서초구,문화관광,[지역] 서울특별시 [장소] 모차르트홀 [카테고리] 관광지
서울특별시,라이크라이크,서울 관악구 남부순환로 19870,관광지,69,202502,126.969734848576000,37.475584366830100,11,11620,관악구,문화관광,[지역] 서울특별시 [장소] 라이크라이크 [카테고리] 관광지
서울특별시,대한사,서울 관악구 보라매로6길 4513,관광지,69,202502,126.928738377916000,37.493748683413900,11,11620,관악구,역사관광,[지역] 서울특별시 [장소] 대한사 [카테고리] 관광지
서울특별시,북한산국립공원정릉탐방지원센터,서울 성북구 보국문로 2150,관광지,69,202502,126.997459850460640,37.618169779767800,11,11290,성북구,기타관광,[지역] 서울특별시 [장소] 북한산국립공원정릉탐방지원센터 [카테고리] 관광지
서울특별시,관악산,서울 관악구 관악산나들길 20,관광지,69,202502,126.961235930129160,37.442976970824276,11,11620,관악구,자연관광,[지역] 서울특별시 [장소] 관악산 [카테고리] 관광지
서울특별시,헤르만아트홀,서울 성동구 상원6나길 240,관광지,69,202502,127.050059082311580,37.547912706678970,11,11200,성동구,문화관광,[지역] 서울특별시 [장소] 헤르만아트홀 [카테고리] 관광지
서울특별시,그랜드하얏트그랜드볼룸,서울 용산구 소월로 3220,관광지,69,202502,126.997037319143000,37.539299392341700,11,11170,용산구,문화관광,[지역] 서울특별시 [장소] 그랜드하얏트그랜드볼룸 [카테고리] 관광지
서울특별시,노원모텔,서울 노원구 노해로75길 147,숙박,69,202502,127.057725140803000,37.654536438001000,11,11350,노원구,숙박,[지역] 서울특별시 [장소] 노원모텔 [카테고리] 숙박
서울특별시,어린이회관수영장,서울 광진구 광나루로 4410,관광지,69,202502,127.080230142770970,37.545837272177224,11,11215,광진구,문화관광,[지역] 서울특별시 [장소] 어린이회관수영장 [카테고리] 관광지
서울특별시,신촌루씨르,서울 서대문구 연세로2가길 80,숙박,69,202502,126.937665173311980,37.556364222432760,11,11410,서대문구,숙박,[지역] 서울특별시 [장소] 신촌루씨르 [카테고리] 숙박
서울특별시,동대문문구완구종합시장,서울 종로구 종로54길 190,관광지,69,202502,127.014063243359000,37.571462444913000,11,11110,종로구,쇼핑,[지역] 서울특별시 [장소] 동대문문구완구종합시장 [카테고리] 관광지
서울특별시,라비앙호텔,서울 송파구 올림픽로12길 415,숙박,69,202502,127.082224341989000,37.511080960560900,11,11710,송파구,숙박,[지역] 서울특별시 [장소] 라비앙호텔 [카테고리] 숙박
서울특별시,타라호텔,서울 강남구 선릉로100길 560,숙박,69,202502,127.051876876967870,37.506673789534744,11,11680,강남구,숙박,[지역] 서울특별시 [장소] 타라호텔 [카테고리] 숙박
서울특별시,조선팰리스서울강남,서울 강남구 테헤란로 2310,숙박,7,202502,127.041352000000000,37.502862900000000,11,11680,강남구,숙박,[지역] 서울특별시 [장소] 조선팰리스서울강남 [카테고리] 숙박
서울특별시,월드킹구로점,서울 구로구 경인로 3937,관광지,7,202502,126.863077611394000,37.497442301612400,11,11530,구로구,문화관광,[지역] 서울특별시 [장소] 월드킹구로점 [카테고리] 관광지
서울특별시,강서농산물도매시장,서울 강서구 강서도매시장로 70,관광지,7,202502,126.820858675455000,37.553324471027600,11,11500,강서구,쇼핑,[지역] 서울특별시 [장소] 강서농산물도매시장 [카테고리] 관광지
서울특별시,뚝도청춘시장,서울 성동구 성수이로 3215,관광지,7,202502,127.053754423641120,37.538410957852880,11,11200,성동구,쇼핑,[지역] 서울특별시 [장소] 뚝도청춘시장 [카테고리] 관광지
서울특별시,예술의전당오페라하우스,서울 서초구 남부순환로 24060,관광지,7,202502,127.014008592607520,37.479167558357965,11,11650,서초구,문화관광,[지역] 서울특별시 [장소] 예술의전당오페라하우스 [카테고리] 관광지
서울특별시,메가박스목동,서울 양천구 목동동로 3090,관광지,7,202502,126.876048358517700,37.529049836176990,11,11470,양천구,문화관광,[지역] 서울특별시 [장소] 메가박스목동 [카테고리] 관광지
서울특별시,강동아트센터,서울 강동구 동남로 8700,관광지,7,202502,127.157633799396000,37.551299008002900,11,11740,강동구,문화관광,[지역] 서울특별시 [장소] 강동아트센터 [카테고리] 관광지
서울특별시,청량리수산시장,서울 동대문구 고산자로34길 481,관광지,7,202502,127.041421818045000,37.577822990448800,11,11230,동대문구,쇼핑,[지역] 서울특별시 [장소] 청량리수산시장 [카테고리] 관광지
서울특별시,호텔베이204,서울 도봉구 도봉로 7100,숙박,7,202502,127.043642950818000,37.667784815873300,11,11320,도봉구,숙박,[지역] 서울특별시 [장소] 호텔베이204 [카테고리] 숙박
서울특별시,시그니엘서울,서울 송파구 올림픽로 3000,숙박,7,202502,127.102583599537370,37.512580914329874,11,11710,송파구,숙박,[지역] 서울특별시 [장소] 시그니엘서울 [카테고리] 숙박
서울특별시,서울생활사박물관,서울 노원구 동일로174길 270,관광지,7,202502,127.076973742923600,37.619873903714534,11,11350,노원구,문화관광,[지역] 서울특별시 [장소] 서울생활사박물관 [카테고리] 관광지
서울특별시,메가박스이수,서울 동작구 동작대로 890,관광지,7,202502,126.981629599735750,37.484578513390346,11,11590,동작구,문화관광,[지역] 서울특별시 [장소] 메가박스이수 [카테고리] 관광지
서울특별시,롯데시네마건대입구,서울 광진구 아차산로 2720,관광지,7,202502,127.073252659479440,37.538633275862250,11,11215,광진구,문화관광,[지역] 서울특별시 [장소] 롯데시네마건대입구 [카테고리] 관광지
서울특별시,화계사,서울 강북구 화계사길 1170,관광지,7,202502,127.007187200000000,37.632662700000000,11,11305,강북구,역사관광,[지역] 서울특별시 [장소] 화계사 [카테고리] 관광지
서울특별시,두산타워,서울 중구 장충단로 2750,관광지,7,202502,127.008702642027800,37.568907151661520,11,11140,중구,쇼핑,[지역] 서울특별시 [장소] 두산타워 [카테고리] 관광지
서울특별시,콘래드서울호텔,서울 영등포구 국제금융로 100,숙박,7,202502,126.926655494522000,37.525500586391200,11,11560,영등포구,숙박,[지역] 서울특별시 [장소] 콘래드서울호텔 [카테고리] 숙박
서울특별시,동대문종합시장,서울 종로구 종로 2660,관광지,7,202502,127.007804037508210,37.570433110296830,11,11110,종로구,쇼핑,[지역] 서울특별시 [장소] 동대문종합시장 [카테고리] 관광지
서울특별시,CGV신촌아트레온,서울 서대문구 신촌로 1290,관광지,7,202502,126.940292282518750,37.556574822670810,11,11410,서대문구,문화관광,[지역] 서울특별시 [장소] CGV신촌아트레온 [카테고리] 관광지
서울특별시,마포농수산물시장,서울 마포구 월드컵로 2350,관광지,7,202502,126.898518200137130,37.565240230926880,11,11440,마포구,쇼핑,[지역] 서울특별시 [장소] 마포농수산물시장 [카테고리] 관광지
서울특별시,면목시장,서울 중랑구 면목로37길 50,관광지,7,202502,127.085778908720000,37.578823151898200,11,11260,중랑구,쇼핑,[지역] 서울특별시 [장소] 면목시장 [카테고리] 관광지
서울특별시,은평역사한옥박물관,서울 은평구 연서로50길 80,관광지,7,202502,126.938120331150690,37.640482126404250,11,11380,은평구,문화관광,[지역] 서울특별시 [장소] 은평역사한옥박물관 [카테고리] 관광지
서울특별시,개운사,서울 성북구 개운사길 730,관광지,7,202502,127.028311772980000,37.589988168297000,11,11290,성북구,역사관광,[지역] 서울특별시 [장소] 개운사 [카테고리] 관광지
서울특별시,전쟁기념관,서울 용산구 이태원로 290,관광지,7,202502,126.977094700018000,37.536993980313000,11,11170,용산구,문화관광,[지역] 서울특별시 [장소] 전쟁기념관 [카테고리] 관광지
서울특별시,마리오아울렛2관,서울 금천구 디지털로9길 230,관광지,7,202502,126.886464564782000,37.478722385286000,11,11545,금천구,쇼핑,[지역] 서울특별시 [장소] 마리오아울렛2관 [카테고리] 관광지
서울특별시,현대시장,서울 관악구 양녕로 490,관광지,7,202502,126.946570168491190,37.486610728526750,11,11620,관악구,쇼핑,[지역] 서울특별시 [장소] 현대시장 [카테고리] 관광지
서울특별시,웨스트브릿지라이브홀,서울 마포구 와우산로25길 60,관광지,70,202502,126.926155849063380,37.553692682763796,11,11440,마포구,문화관광,[지역] 서울특별시 [장소] 웨스트브릿지라이브홀 [카테고리] 관광지
서울특별시,안국선원,서울 종로구 북촌로 700,관광지,70,202502,126.985399056806000,37.582960937168500,11,11110,종로구,역사관광,[지역] 서울특별시 [장소] 안국선원 [카테고리] 관광지
서울특별시,에이플러스호텔,서울 노원구 노해로75길 2021,숙박,70,202502,127.058433204434380,37.654980157397375,11,11350,노원구,숙박,[지역] 서울특별시 [장소] 에이플러스호텔 [카테고리] 숙박
서울특별시,응봉산,서울 성동구 독서당로60길 00,관광지,70,202502,127.029839822352000,37.548215231258000,11,11200,성동구,자연관광,[지역] 서울특별시 [장소] 응봉산 [카테고리] 관광지
서울특별시,서울형키즈카페영등포구대림점,서울 영등포구 시흥대로 6250,관광지,70,202502,126.905343446059130,37.488181048632780,11,11560,영등포구,문화관광,[지역] 서울특별시 [장소] 서울형키즈카페영등포구대림점 [카테고리] 관광지
서울특별시,나인트리호텔동대문,서울 중구 을지로 2240,숙박,70,202502,127.002841307584790,37.566615646029690,11,11140,중구,숙박,[지역] 서울특별시 [장소] 나인트리호텔동대문 [카테고리] 숙박
서울특별시,호텔디아망,서울 강서구 남부순환로 1900,숙박,70,202502,126.819437619424010,37.548420358538024,11,11500,강서구,숙박,[지역] 서울특별시 [장소] 호텔디아망 [카테고리] 숙박
서울특별시,롯데뮤지엄,서울 송파구 올림픽로 3000,관광지,70,202502,127.102611374533000,37.512608689072000,11,11710,송파구,문화관광,[지역] 서울특별시 [장소] 롯데뮤지엄 [카테고리] 관광지
서울특별시,용마루고개,서울 용산구,관광지,70,202502,126.958513013583000,37.540410137568000,11,11170,용산구,자연관광,[지역] 서울특별시 [장소] 용마루고개 [카테고리] 관광지
서울특별시,신화호텔,서울 성북구 오패산로 40,숙박,70,202502,127.038338515076000,37.603070050655000,11,11290,성북구,숙박,[지역] 서울특별시 [장소] 신화호텔 [카테고리] 숙박
서울특별시,대성사,서울 성북구 정릉로8가길 1260,관광지,70,202502,126.993247129810580,37.605384829841240,11,11290,성북구,역사관광,[지역] 서울특별시 [장소] 대성사 [카테고리] 관광지
서울특별시,키즈오토파크,서울 광진구 능동로 2160,관광지,70,202502,127.078502057400000,37.551604031413700,11,11215,광진구,문화관광,[지역] 서울특별시 [장소] 키즈오토파크 [카테고리] 관광지
서울특별시,라까사호텔서울,서울 강남구 도산대로1길 830,숙박,70,202502,127.019507677717000,37.522134849025900,11,11680,강남구,숙박,[지역] 서울특별시 [장소] 라까사호텔서울 [카테고리] 숙박
서울특별시,레미호텔,서울 강동구 진황도로 927,숙박,70,202502,127.136469199018000,37.535745116693000,11,11740,강동구,숙박,[지역] 서울특별시 [장소] 레미호텔 [카테고리] 숙박
서울특별시,북한산국립공원정릉탐방안내소,서울 성북구 보국문로 2150,관광지,70,202502,126.997425401331480,37.618206933269754,11,11290,성북구,기타관광,[지역] 서울특별시 [장소] 북한산국립공원정릉탐방안내소 [카테고리] 관광지
서울특별시,심산아트홀,서울 서초구 사평대로 550,관광지,70,202502,126.991732634181000,37.499054012001900,11,11650,서초구,문화관광,[지역] 서울특별시 [장소] 심산아트홀 [카테고리] 관광지
서울특별시,하이브랜드MALL,서울 서초구 매헌로 160,관광지,71,202502,127.036895567205000,37.463475067990100,11,11650,서초구,쇼핑,[지역] 서울특별시 [장소] 하이브랜드MALL [카테고리] 관광지
서울특별시,백구사,서울 강서구 강서로17나길 7812,관광지,71,202502,126.842856849667000,37.536048825197800,11,11500,강서구,역사관광,[지역] 서울특별시 [장소] 백구사 [카테고리] 관광지
서울특별시,일루와모텔,서울 강동구 양재대로109길 260,숙박,71,202502,127.138996738305000,37.536772791603500,11,11740,강동구,숙박,[지역] 서울특별시 [장소] 일루와모텔 [카테고리] 숙박
서울특별시,무신사테라스성수점,서울 성동구 아차산로 1040,관광지,71,202502,127.055382023534780,37.544492163401640,11,11200,성동구,문화관광,[지역] 서울특별시 [장소] 무신사테라스성수점 [카테고리] 관광지
서울특별시,응봉체육공원,서울 성동구,관광지,71,202502,127.037450209600000,37.551881521279400,11,11200,성동구,문화관광,[지역] 서울특별시 [장소] 응봉체육공원 [카테고리] 관광지
서울특별시,햇님어린이공원,서울 광진구 아차산로25길 270,관광지,71,202502,127.066919858262000,37.542716097732600,11,11215,광진구,문화관광,[지역] 서울특별시 [장소] 햇님어린이공원 [카테고리] 관광지
서울특별시,오라호텔,서울 강동구 양재대로109길 220,숙박,71,202502,127.138911661724420,37.536558875969420,11,11740,강동구,숙박,[지역] 서울특별시 [장소] 오라호텔 [카테고리] 숙박
서울특별시,서울마리나클럽앤요트,서울 영등포구 여의서로 1600,관광지,71,202502,126.911545092590150,37.534827162056460,11,11560,영등포구,레저스포츠,[지역] 서울특별시 [장소] 서울마리나클럽앤요트 [카테고리] 관광지
서울특별시,구름아래소극장,서울 마포구 와우산로29가길 150,관광지,71,202502,126.928543368348830,37.554186138006680,11,11440,마포구,문화관광,[지역] 서울특별시 [장소] 구름아래소극장 [카테고리] 관광지
서울특별시,민주인권기념관,서울 용산구 한강대로71길 370,관광지,71,202502,126.971650707846000,37.541104582551800,11,11170,용산구,문화관광,[지역] 서울특별시 [장소] 민주인권기념관 [카테고리] 관광지
서울특별시,경남모텔,서울 동대문구 장한로26가길 330,숙박,71,202502,127.071474732166850,37.570129623272756,11,11230,동대문구,숙박,[지역] 서울특별시 [장소] 경남모텔 [카테고리] 숙박
서울특별시,캘리클럽청담점,서울 강남구 선릉로 8320,관광지,71,202502,127.040415269492140,37.526243378523020,11,11680,강남구,문화관광,[지역] 서울특별시 [장소] 캘리클럽청담점 [카테고리] 관광지
서울특별시,크로스핏핏불,서울 동대문구 왕산로 1220,관광지,71,202502,127.036950000197000,37.577822962601600,11,11230,동대문구,레저스포츠,[지역] 서울특별시 [장소] 크로스핏핏불 [카테고리] 관광지
서울특별시,호텔유파이브,서울 중구 동호로 3690,숙박,71,202502,127.001925445909020,37.567416782608134,11,11140,중구,숙박,[지역] 서울특별시 [장소] 호텔유파이브 [카테고리] 숙박
서울특별시,바운스트램폴린파크월계이마트센터,서울 노원구 마들로3길 150,관광지,71,202502,127.062002809318000,37.626511930617000,11,11350,노원구,문화관광,[지역] 서울특별시 [장소] 바운스트램폴린파크월계이마트센터 [카테고리] 관광지
서울특별시,박물관은살아있다인사동점,서울 종로구 인사동길 120,관광지,71,202502,126.987260107509000,37.571906671930000,11,11110,종로구,문화관광,[지역] 서울특별시 [장소] 박물관은살아있다인사동점 [카테고리] 관광지
서울특별시,호텔자자,서울 송파구 오금로11길 470,숙박,71,202502,127.112405927385800,37.515777675750670,11,11710,송파구,숙박,[지역] 서울특별시 [장소] 호텔자자 [카테고리] 숙박
서울특별시,마포새빛문화숲,서울 마포구 토정로 560,관광지,72,202502,126.919505098875790,37.544032606684740,11,11440,마포구,문화관광,[지역] 서울특별시 [장소] 마포새빛문화숲 [카테고리] 관광지
서울특별시,호텔어반,서울 노원구 노해로75길 149,숙박,72,202502,127.057908859297410,37.654614682202535,11,11350,노원구,숙박,[지역] 서울특별시 [장소] 호텔어반 [카테고리] 숙박
서울특별시,용산공예관,서울 용산구 이태원로 2740,관광지,72,202502,127.002092420429000,37.539021677917300,11,11170,용산구,문화관광,[지역] 서울특별시 [장소] 용산공예관 [카테고리] 관광지
서울특별시,서울유스호스텔,서울 중구 퇴계로26가길 60,숙박,72,202502,126.991037674531530,37.558491580292745,11,11140,중구,숙박,[지역] 서울특별시 [장소] 서울유스호스텔 [카테고리] 숙박
서울특별시,4월호텔,서울 강남구 언주로89길 130,숙박,72,202502,127.041839192888000,37.501692905469100,11,11680,강남구,숙박,[지역] 서울특별시 [장소] 4월호텔 [카테고리] 숙박
서울특별시,국제청소년센터유스호스텔,서울 강서구 금낭화로 2340,숙박,72,202502,126.809553894465000,37.579404717468200,11,11500,강서구,숙박,[지역] 서울특별시 [장소] 국제청소년센터유스호스텔 [카테고리] 숙박
서울특별시,문래예술공장,서울 영등포구 경인로88길 54,관광지,72,202502,126.900193673367940,37.513288594862120,11,11560,영등포구,문화관광,[지역] 서울특별시 [장소] 문래예술공장 [카테고리] 관광지
서울특별시,서울놀이마당,서울 송파구 삼학사로 1360,관광지,72,202502,127.097945159636670,37.509525682807960,11,11710,송파구,문화관광,[지역] 서울특별시 [장소] 서울놀이마당 [카테고리] 관광지
서울특별시,정은꽃농원,서울 광진구 자양로 600,관광지,72,202502,127.085170073877400,37.533388125200460,11,11215,광진구,체험관광,[지역] 서울특별시 [장소] 정은꽃농원 [카테고리] 관광지
서울특별시,경희궁,서울 종로구 새문안로 550,관광지,72,202502,126.968872892843280,37.570767801208746,11,11110,종로구,역사관광,[지역] 서울특별시 [장소] 경희궁 [카테고리] 관광지
서울특별시,한강시민공원잠원지구수영장,서울 서초구 잠원로 221124,관광지,72,202502,127.009897460785060,37.519496205712805,11,11650,서초구,문화관광,[지역] 서울특별시 [장소] 한강시민공원잠원지구수영장 [카테고리] 관광지
서울특별시,국회단지어린이공원,서울 관악구,관광지,72,202502,126.943348202379000,37.490249177183700,11,11620,관악구,문화관광,[지역] 서울특별시 [장소] 국회단지어린이공원 [카테고리] 관광지
서울특별시,육군사관학교축구장,서울 노원구 화랑로 6820,관광지,73,202502,127.097240100000000,37.628013100000000,11,11350,노원구,문화관광,[지역] 서울특별시 [장소] 육군사관학교축구장 [카테고리] 관광지
서울특별시,메이플하우스,서울 동대문구 회기로 1211,숙박,73,202502,127.050220520788800,37.591624832021566,11,11230,동대문구,숙박,[지역] 서울특별시 [장소] 메이플하우스 [카테고리] 숙박
서울특별시,호텔크레센도서울,서울 강남구 봉은사로 4280,숙박,73,202502,127.046921977517000,37.510858544465000,11,11680,강남구,숙박,[지역] 서울특별시 [장소] 호텔크레센도서울 [카테고리] 숙박
서울특별시,천사어린이공원,서울 강동구,관광지,73,202502,127.128469839592000,37.544021887636800,11,11740,강동구,문화관광,[지역] 서울특별시 [장소] 천사어린이공원 [카테고리] 관광지
서울특별시,펜싱아지트,서울 성동구 고산자로8길 120,관광지,73,202502,127.035339233493000,37.557575294220600,11,11200,성동구,레저스포츠,[지역] 서울특별시 [장소] 펜싱아지트 [카테고리] 관광지
서울특별시,포스트극장,서울 마포구 와우산로 1480,관광지,73,202502,126.929626604237000,37.554130595517300,11,11440,마포구,문화관광,[지역] 서울특별시 [장소] 포스트극장 [카테고리] 관광지
서울특별시,보타사마애불,서울 성북구 개운사길 6046,관광지,73,202502,127.031117066612000,37.590821422701700,11,11290,성북구,역사관광,[지역] 서울특별시 [장소] 보타사마애불 [카테고리] 관광지
서울특별시,마천공원,서울 송파구 거마로27길 320,관광지,73,202502,127.145718702043000,37.501582455222700,11,11710,송파구,문화관광,[지역] 서울특별시 [장소] 마천공원 [카테고리] 관광지
서울특별시,아차산등산로입구,서울 광진구 긴고랑로 2140,관광지,73,202502,127.103794505025690,37.571660220046300,11,11215,광진구,자연관광,[지역] 서울특별시 [장소] 아차산등산로입구 [카테고리] 관광지
서울특별시,손기정체육공원,서울 중구 손기정로 1010,관광지,73,202502,126.965067826237900,37.555880610906950,11,11140,중구,문화관광,[지역] 서울특별시 [장소] 손기정체육공원 [카테고리] 관광지
서울특별시,용리단길,서울 용산구 한강대로 00,관광지,73,202502,126.971512300000000,37.531371700000000,11,11170,용산구,문화관광,[지역] 서울특별시 [장소] 용리단길 [카테고리] 관광지
서울특별시,난우공원,서울 관악구,관광지,73,202502,126.922822401110000,37.477583849038300,11,11620,관악구,문화관광,[지역] 서울특별시 [장소] 난우공원 [카테고리] 관광지
서울특별시,더호텔문,서울 영등포구 영중로8길 130,숙박,73,202502,126.907128981853000,37.518551239575700,11,11560,영등포구,숙박,[지역] 서울특별시 [장소] 더호텔문 [카테고리] 숙박
서울특별시,다이나믹메이즈인사동점,서울 종로구 인사동길 120,관광지,73,202502,126.987260107508940,37.571906671930030,11,11110,종로구,문화관광,[지역] 서울특별시 [장소] 다이나믹메이즈인사동점 [카테고리] 관광지
서울특별시,모태공원,서울 강서구,관광지,73,202502,126.849495200582000,37.529494068109800,11,11500,강서구,문화관광,[지역] 서울특별시 [장소] 모태공원 [카테고리] 관광지
서울특별시,흰물결아트센터,서울 서초구 반포대로 1500,관광지,73,202502,127.007314614200000,37.493443645281700,11,11650,서초구,문화관광,[지역] 서울특별시 [장소] 흰물결아트센터 [카테고리] 관광지
서울특별시,유호텔,서울 관악구 신림동1길 267,숙박,74,202502,126.928210720697000,37.486166223298000,11,11620,관악구,숙박,[지역] 서울특별시 [장소] 유호텔 [카테고리] 숙박
서울특별시,성내근린공원,서울 강동구 성내로3가길 710,관광지,74,202502,127.126636813202000,37.529745748221100,11,11740,강동구,문화관광,[지역] 서울특별시 [장소] 성내근린공원 [카테고리] 관광지
서울특별시,스페이스파운틴,서울 강동구 강동대로55길 100,관광지,74,202502,127.132894444153580,37.522772275601710,11,11740,강동구,문화관광,[지역] 서울특별시 [장소] 스페이스파운틴 [카테고리] 관광지
서울특별시,호텔드어반,서울 강서구 곰달래로24길 350,숙박,74,202502,126.847384284937000,37.529021887722000,11,11500,강서구,숙박,[지역] 서울특별시 [장소] 호텔드어반 [카테고리] 숙박
서울특별시,서울공예박물관,서울 종로구 율곡로3길 40,관광지,74,202502,126.983308448297180,37.576668764339130,11,11110,종로구,문화관광,[지역] 서울특별시 [장소] 서울공예박물관 [카테고리] 관광지
서울특별시,능인선원포이동법당,서울 강남구 양재대로 3400,관광지,74,202502,127.052591845651000,37.471695006739200,11,11680,강남구,역사관광,[지역] 서울특별시 [장소] 능인선원포이동법당 [카테고리] 관광지
서울특별시,씨엘호텔,서울 영등포구 영신로32길 80,숙박,74,202502,126.901863250538720,37.519093694484866,11,11560,영등포구,숙박,[지역] 서울특별시 [장소] 씨엘호텔 [카테고리] 숙박
서울특별시,명보아트홀,서울 중구 마른내로 470,관광지,74,202502,126.993231859856000,37.564713096503500,11,11140,중구,문화관광,[지역] 서울특별시 [장소] 명보아트홀 [카테고리] 관광지
서울특별시,모래내어린이공원,서울 관악구,관광지,74,202502,126.955624990724000,37.477806245880800,11,11620,관악구,문화관광,[지역] 서울특별시 [장소] 모래내어린이공원 [카테고리] 관광지
서울특별시,아트몰링장안점,서울 동대문구 답십리로 2880,관광지,74,202502,127.072419073157620,37.571962750527450,11,11230,동대문구,쇼핑,[지역] 서울특별시 [장소] 아트몰링장안점 [카테고리] 관광지
서울특별시,한국전력공사한마당,서울 노원구 노원로 1300,관광지,74,202502,127.084250719534700,37.634261173517395,11,11350,노원구,문화관광,[지역] 서울특별시 [장소] 한국전력공사한마당 [카테고리] 관광지
서울특별시,헬로우뮤지움,서울 성동구 성수일로12길 200,관광지,74,202502,127.053226597874400,37.548159827512244,11,11200,성동구,문화관광,[지역] 서울특별시 [장소] 헬로우뮤지움 [카테고리] 관광지
서울특별시,라시따델라모다,서울 서초구 매헌로 160,관광지,74,202502,127.036923342744740,37.463447293591976,11,11650,서초구,쇼핑,[지역] 서울특별시 [장소] 라시따델라모다 [카테고리] 관광지
서울특별시,보르조미호텔,서울 동대문구 천호대로83길 980,숙박,74,202502,127.067058504157200,37.566130058177270,11,11230,동대문구,숙박,[지역] 서울특별시 [장소] 보르조미호텔 [카테고리] 숙박
서울특별시,뉴스프링프로젝트,서울 용산구 이태원로45길 220,관광지,74,202502,126.998398334276000,37.536521944114800,11,11170,용산구,문화관광,[지역] 서울특별시 [장소] 뉴스프링프로젝트 [카테고리] 관광지
서울특별시,나무호텔,서울 광진구 아차산로76가길 120,숙박,74,202502,127.107193951873000,37.547271378505000,11,11215,광진구,숙박,[지역] 서울특별시 [장소] 나무호텔 [카테고리] 숙박
서울특별시,무신사개러지,서울 마포구 잔다리로 320,관광지,74,202502,126.919833042776760,37.551575082221890,11,11440,마포구,문화관광,[지역] 서울특별시 [장소] 무신사개러지 [카테고리] 관광지
서울특별시,롯데월드민속박물관,서울 송파구 올림픽로 2400,관광지,74,202502,127.096819989553470,37.510956104968685,11,11710,송파구,문화관광,[지역] 서울특별시 [장소] 롯데월드민속박물관 [카테고리] 관광지
서울특별시,가양레포츠센터축구장,서울 강서구 양천로61길 1010,관광지,75,202502,126.865437908511010,37.560212833157380,11,11500,강서구,문화관광,[지역] 서울특별시 [장소] 가양레포츠센터축구장 [카테고리] 관광지
서울특별시,화이트스톤갤러리,서울 용산구 소월로 700,관광지,75,202502,126.978212158300830,37.554192002123585,11,11170,용산구,문화관광,[지역] 서울특별시 [장소] 화이트스톤갤러리 [카테고리] 관광지
서울특별시,샤또호텔,서울 영등포구 선유로 1000,숙박,75,202502,126.890408230825000,37.522800646284600,11,11560,영등포구,숙박,[지역] 서울특별시 [장소] 샤또호텔 [카테고리] 숙박
서울특별시,에이피엠플레이스,서울 중구 을지로 2760,관광지,75,202502,127.008397149689000,37.565268681706500,11,11140,중구,쇼핑,[지역] 서울특별시 [장소] 에이피엠플레이스 [카테고리] 관광지
서울특별시,역삼아르누보호텔,서울 강남구 언주로 5060,숙박,75,202502,127.042855652141440,37.503403469304914,11,11680,강남구,숙박,[지역] 서울특별시 [장소] 역삼아르누보호텔 [카테고리] 숙박
서울특별시,방배체육공원,서울 서초구,관광지,75,202502,126.992455047524070,37.472584852870700,11,11650,서초구,문화관광,[지역] 서울특별시 [장소] 방배체육공원 [카테고리] 관광지
서울특별시,잠실어울림축구장,서울 송파구 탄천동로 2110,관광지,75,202502,127.077585947003000,37.503442925331040,11,11710,송파구,문화관광,[지역] 서울특별시 [장소] 잠실어울림축구장 [카테고리] 관광지
서울특별시,폼모텔,서울 광진구 아차산로 3890,숙박,75,202502,127.085982408114940,37.537332477942100,11,11215,광진구,숙박,[지역] 서울특별시 [장소] 폼모텔 [카테고리] 숙박
서울특별시,뚝섬전망문화콤플렉스,서울 광진구 강변북로 22020,관광지,75,202502,127.065031258192680,37.530689698370125,11,11215,광진구,문화관광,[지역] 서울특별시 [장소] 뚝섬전망문화콤플렉스 [카테고리] 관광지
서울특별시,흥인지문,서울 종로구 종로 2880,관광지,75,202502,127.009702530950000,37.571018024820200,11,11110,종로구,역사관광,[지역] 서울특별시 [장소] 흥인지문 [카테고리] 관광지
서울특별시,불암산목공예체험장,서울 노원구 한글비석로 1800,관광지,75,202502,127.076806854225000,37.643760027422400,11,11350,노원구,체험관광,[지역] 서울특별시 [장소] 불암산목공예체험장 [카테고리] 관광지
서울특별시,벽운사,서울 노원구 동일로192길 370,관광지,75,202502,127.074862756119000,37.626595334952100,11,11350,노원구,역사관광,[지역] 서울특별시 [장소] 벽운사 [카테고리] 관광지
서울특별시,성림사,서울 마포구 월드컵북로15안길 150,관광지,75,202502,126.911517045743000,37.562990570714800,11,11440,마포구,역사관광,[지역] 서울특별시 [장소] 성림사 [카테고리] 관광지
서울특별시,라비호텔,서울 송파구 오금로11길 217,숙박,76,202502,127.109372395555510,37.515259040245130,11,11710,송파구,숙박,[지역] 서울특별시 [장소] 라비호텔 [카테고리] 숙박
서울특별시,호텔감,서울 강동구 천호대로159길 2236,숙박,76,202502,127.128772428521240,37.538374521858530,11,11740,강동구,숙박,[지역] 서울특별시 [장소] 호텔감 [카테고리] 숙박
서울특별시,리베라호텔아노블리,서울 강남구 도산대로 4190,숙박,76,202502,127.041646756951140,37.523851713575140,11,11680,강남구,숙박,[지역] 서울특별시 [장소] 리베라호텔아노블리 [카테고리] 숙박
서울특별시,크라운파크호텔,서울 중구 남대문로7길 190,숙박,76,202502,126.980764867097490,37.563808767375380,11,11140,중구,숙박,[지역] 서울특별시 [장소] 크라운파크호텔 [카테고리] 숙박
서울특별시,이촌한강공원안내센터,서울 용산구,관광지,76,202502,126.970817675598000,37.517829490813600,11,11170,용산구,기타관광,[지역] 서울특별시 [장소] 이촌한강공원안내센터 [카테고리] 관광지
서울특별시,예술의전당IBK챔버홀,서울 서초구 남부순환로 24060,관광지,76,202502,127.012092096877720,37.479389743092780,11,11650,서초구,문화관광,[지역] 서울특별시 [장소] 예술의전당IBK챔버홀 [카테고리] 관광지
서울특별시,갤러리라메르,서울 종로구 인사동5길 260,관광지,76,202502,126.984926978153370,37.572628796191665,11,11110,종로구,문화관광,[지역] 서울특별시 [장소] 갤러리라메르 [카테고리] 관광지
서울특별시,바이올린모텔,서울 관악구 남부순환로220길 310,숙박,76,202502,126.951764209429000,37.479778216595800,11,11620,관악구,숙박,[지역] 서울특별시 [장소] 바이올린모텔 [카테고리] 숙박
서울특별시,공덕시장족발골목,서울 마포구 만리재로 190,관광지,76,202502,126.953289625676580,37.544719539804930,11,11440,마포구,쇼핑,[지역] 서울특별시 [장소] 공덕시장족발골목 [카테고리] 관광지
서울특별시,좋은동작야구훈련소,서울 관악구 양녕로 620,관광지,76,202502,126.946845696007470,37.487558802613066,11,11620,관악구,레저스포츠,[지역] 서울특별시 [장소] 좋은동작야구훈련소 [카테고리] 관광지
서울특별시,SL모텔,서울 영등포구 당산로33길 30,숙박,76,202502,126.896354986895800,37.527067373680765,11,11560,영등포구,숙박,[지역] 서울특별시 [장소] SL모텔 [카테고리] 숙박
서울특별시,이지호텔,서울 동대문구 장한로26가길 370,숙박,76,202502,127.071474016697830,37.570048334147390,11,11230,동대문구,숙박,[지역] 서울특별시 [장소] 이지호텔 [카테고리] 숙박
서울특별시,경남관광호텔,서울 동대문구 장한로 1100,숙박,76,202502,127.071113652876000,37.570212944714100,11,11230,동대문구,숙박,[지역] 서울특별시 [장소] 경남관광호텔 [카테고리] 숙박
서울특별시,에이트랙,서울 강서구 마곡중앙6로 210,관광지,76,202502,126.829597959878300,37.560791563790670,11,11500,강서구,레저스포츠,[지역] 서울특별시 [장소] 에이트랙 [카테고리] 관광지
서울특별시,신평화패션타운,서울 중구 청계천로 2980,관광지,77,202502,127.010785781544390,37.569462655883450,11,11140,중구,쇼핑,[지역] 서울특별시 [장소] 신평화패션타운 [카테고리] 관광지
서울특별시,우리끼리 키즈카페 블럭마을용산원효점,서울 용산구 원효로 510,관광지,77,202502,126.950102729007880,37.533819172561980,11,11170,용산구,문화관광,[지역] 서울특별시 [장소] 우리끼리 키즈카페 블럭마을용산원효점 [카테고리] 관광지
서울특별시,MBC공개홀,서울 마포구 성암로 2550,관광지,77,202502,126.892129289645480,37.580600972579360,11,11440,마포구,문화관광,[지역] 서울특별시 [장소] MBC공개홀 [카테고리] 관광지
서울특별시,톰지호텔,서울 송파구 오금로11길 2112,숙박,77,202502,127.109555162570000,37.515580611326000,11,11710,송파구,숙박,[지역] 서울특별시 [장소] 톰지호텔 [카테고리] 숙박
서울특별시,호텔컬리넌역삼,서울 강남구 언주로87길 110,숙박,77,202502,127.042116949100320,37.501331837803060,11,11680,강남구,숙박,[지역] 서울특별시 [장소] 호텔컬리넌역삼 [카테고리] 숙박
서울특별시,상계근린공원,서울 노원구,관광지,77,202502,127.050392317144000,37.670062372279600,11,11350,노원구,문화관광,[지역] 서울특별시 [장소] 상계근린공원 [카테고리] 관광지
서울특별시,캐슬론모텔,서울 영등포구 대림로 840,숙박,77,202502,126.904990562133000,37.489804550145000,11,11560,영등포구,숙박,[지역] 서울특별시 [장소] 캐슬론모텔 [카테고리] 숙박
서울특별시,앨리스넥스트도어호텔,서울 강서구 강서로7길 1240,숙박,77,202502,126.840734467321570,37.529015365057790,11,11500,강서구,숙박,[지역] 서울특별시 [장소] 앨리스넥스트도어호텔 [카테고리] 숙박
서울특별시,국립민속박물관어린이박물관,서울 종로구 삼청로 370,관광지,77,202502,126.978982982479000,37.581738816654700,11,11110,종로구,문화관광,[지역] 서울특별시 [장소] 국립민속박물관어린이박물관 [카테고리] 관광지
서울특별시,오서독스스턴트팀,서울 광진구 천호대로 6420,관광지,77,202502,127.088190174407880,37.553324272538035,11,11215,광진구,레저스포츠,[지역] 서울특별시 [장소] 오서독스스턴트팀 [카테고리] 관광지
서울특별시,양재천근린공원,서울 서초구,관광지,77,202502,127.041756112155330,37.476556920246246,11,11650,서초구,문화관광,[지역] 서울특별시 [장소] 양재천근린공원 [카테고리] 관광지
서울특별시,길동모텔,서울 강동구 천호대로177길 470,숙박,77,202502,127.137856315075800,37.536701020687715,11,11740,강동구,숙박,[지역] 서울특별시 [장소] 길동모텔 [카테고리] 숙박
서울특별시,어린이대공원잔디축구장,서울 광진구 능동로 2160,관광지,77,202502,127.084332822637120,37.547825537011390,11,11215,광진구,문화관광,[지역] 서울특별시 [장소] 어린이대공원잔디축구장 [카테고리] 관광지
서울특별시,라트리호텔,서울 서초구 나루터로 770,숙박,78,202502,127.018230076320000,37.515885563474800,11,11650,서초구,숙박,[지역] 서울특별시 [장소] 라트리호텔 [카테고리] 숙박
서울특별시,신사공원,서울 강남구,관광지,78,202502,127.021451901747000,37.526717664637400,11,11680,강남구,문화관광,[지역] 서울특별시 [장소] 신사공원 [카테고리] 관광지
서울특별시,풍납전통시장,서울 송파구 바람드리길 500,관광지,78,202502,127.121474776665250,37.536668604132490,11,11710,송파구,쇼핑,[지역] 서울특별시 [장소] 풍납전통시장 [카테고리] 관광지
서울특별시,전곡마을마당공원,서울 동대문구,관광지,78,202502,127.054531714719660,37.580767176113504,11,11230,동대문구,문화관광,[지역] 서울특별시 [장소] 전곡마을마당공원 [카테고리] 관광지
서울특별시,힐링모텔,서울 관악구 조원로8길 230,숙박,78,202502,126.906073868324000,37.482416521842800,11,11620,관악구,숙박,[지역] 서울특별시 [장소] 힐링모텔 [카테고리] 숙박
서울특별시,거북선나루터,서울 용산구,관광지,78,202502,126.969012291835000,37.516940693577800,11,11170,용산구,기타관광,[지역] 서울특별시 [장소] 거북선나루터 [카테고리] 관광지
서울특별시,UK주니어축구클럽,서울 동대문구 답십리로72길 180,관광지,78,202502,127.074052543936890,37.571336976269290,11,11230,동대문구,레저스포츠,[지역] 서울특별시 [장소] UK주니어축구클럽 [카테고리] 관광지
서울특별시,인왕산,서울 종로구,관광지,78,202502,126.957790424190000,37.584932760711000,11,11110,종로구,자연관광,[지역] 서울특별시 [장소] 인왕산 [카테고리] 관광지
서울특별시,KBS견학홀,서울 영등포구 여의공원로 130,관광지,78,202502,126.916739165223000,37.524661702741400,11,11560,영등포구,문화관광,[지역] 서울특별시 [장소] KBS견학홀 [카테고리] 관광지
서울특별시,G2호텔명동,서울 중구 수표로 240,숙박,78,202502,126.990441694959320,37.563349975808110,11,11140,중구,숙박,[지역] 서울특별시 [장소] G2호텔명동 [카테고리] 숙박
서울특별시,호텔야자천호역점,서울 강동구 올림픽로70길 565,숙박,78,202502,127.126818736770360,37.538829968036510,11,11740,강동구,숙박,[지역] 서울특별시 [장소] 호텔야자천호역점 [카테고리] 숙박
서울특별시,건덕,서울 동대문구 서울시립대로16길 160,관광지,78,202502,127.051809749022000,37.579711725646000,11,11230,동대문구,레저스포츠,[지역] 서울특별시 [장소] 건덕 [카테고리] 관광지
서울특별시,파파스토리키즈카페노원점,서울 노원구 노원로 4560,관광지,78,202502,127.066752072833000,37.657425049183200,11,11350,노원구,문화관광,[지역] 서울특별시 [장소] 파파스토리키즈카페노원점 [카테고리] 관광지
서울특별시,컴앤스테이강서점,서울 강서구 화곡로68길 1160,숙박,78,202502,126.859938438669000,37.556824302917000,11,11500,강서구,숙박,[지역] 서울특별시 [장소] 컴앤스테이강서점 [카테고리] 숙박
서울특별시,느티나무어린이공원,서울 마포구,관광지,78,202502,126.918794197360000,37.559657667528900,11,11440,마포구,문화관광,[지역] 서울특별시 [장소] 느티나무어린이공원 [카테고리] 관광지
서울특별시,타데우스로팍서울,서울 용산구 독서당로 1221,관광지,79,202502,127.012765936057460,37.536834353583490,11,11170,용산구,문화관광,[지역] 서울특별시 [장소] 타데우스로팍서울 [카테고리] 관광지
서울특별시,브라운도트호텔역삼점,서울 강남구 테헤란로37길 135,숙박,79,202502,127.040276785041160,37.502842608520470,11,11680,강남구,숙박,[지역] 서울특별시 [장소] 브라운도트호텔역삼점 [카테고리] 숙박
서울특별시,진성나루,서울 영등포구 여의동로 2800,관광지,79,202502,126.938987150410000,37.524995133624600,11,11560,영등포구,기타관광,[지역] 서울특별시 [장소] 진성나루 [카테고리] 관광지
서울특별시,송리단길,서울 송파구,관광지,79,202502,127.108333114768000,37.509081354622400,11,11710,송파구,문화관광,[지역] 서울특별시 [장소] 송리단길 [카테고리] 관광지
서울특별시,에스호텔,서울 마포구 서강로 1280,숙박,79,202502,126.935098336372000,37.553630686904500,11,11440,마포구,숙박,[지역] 서울특별시 [장소] 에스호텔 [카테고리] 숙박
서울특별시,수안사,서울 서초구 효령로68길 300,관광지,79,202502,127.023063261268000,37.486277903823900,11,11650,서초구,역사관광,[지역] 서울특별시 [장소] 수안사 [카테고리] 관광지
서울특별시,소테츠호텔즈더스프라지르서울동대문,서울 중구 장충단로 2260,숙박,79,202502,127.007786099537000,37.564685412046000,11,11140,중구,숙박,[지역] 서울특별시 [장소] 소테츠호텔즈더스프라지르서울동대문 [카테고리] 숙박
서울특별시,삼원갤러리,서울 광진구 천호대로 5490,관광지,79,202502,127.079381915141710,37.557629086727940,11,11215,광진구,문화관광,[지역] 서울특별시 [장소] 삼원갤러리 [카테고리] 관광지
서울특별시,동대문종합시장D동,서울 종로구 종로 2660,관광지,79,202502,127.007397187409000,37.570656941179100,11,11110,종로구,쇼핑,[지역] 서울특별시 [장소] 동대문종합시장D동 [카테고리] 관광지
서울특별시,정혜선원,서울 노원구 노원로15길 60,관광지,79,202502,127.072029529446000,37.641676905167300,11,11350,노원구,역사관광,[지역] 서울특별시 [장소] 정혜선원 [카테고리] 관광지
서울특별시,어댑핏스튜디오재활운동센터서울점,서울 강서구 마곡중앙8로5길 530,관광지,79,202502,126.837801466772000,37.565850901757000,11,11500,강서구,레저스포츠,[지역] 서울특별시 [장소] 어댑핏스튜디오재활운동센터서울점 [카테고리] 관광지
서울특별시,허브천문공원,서울 강동구,관광지,79,202502,127.154439781835000,37.537383929317200,11,11740,강동구,문화관광,[지역] 서울특별시 [장소] 허브천문공원 [카테고리] 관광지
서울특별시,송암사,서울 노원구 덕릉로145길 1010,관광지,79,202502,127.088666507213000,37.682366744041300,11,11350,노원구,역사관광,[지역] 서울특별시 [장소] 송암사 [카테고리] 관광지
서울특별시,스타시티,서울 광진구 아차산로 2720,관광지,8,202502,127.072530501693000,37.538716595059400,11,11215,광진구,쇼핑,[지역] 서울특별시 [장소] 스타시티 [카테고리] 관광지
서울특별시,롯데시네마신대방,서울 동작구 시흥대로 6060,관광지,8,202502,126.905201900000000,37.486317700000000,11,11590,동작구,문화관광,[지역] 서울특별시 [장소] 롯데시네마신대방 [카테고리] 관광지
서울특별시,노보텔앰배서더호텔서울용산,서울 용산구 청파로20길 950,숙박,8,202502,126.962651610935000,37.531883371254000,11,11170,용산구,숙박,[지역] 서울특별시 [장소] 노보텔앰배서더호텔서울용산 [카테고리] 숙박
서울특별시,서울경동약령시장,서울 동대문구 약령중앙로 100,관광지,8,202502,127.037755247089590,37.581446665574190,11,11230,동대문구,쇼핑,[지역] 서울특별시 [장소] 서울경동약령시장 [카테고리] 관광지
서울특별시,동방고개,서울 성북구,관광지,8,202502,127.037921782895000,37.613541058727300,11,11290,성북구,자연관광,[지역] 서울특별시 [장소] 동방고개 [카테고리] 관광지
서울특별시,현대시티몰가든파이브점,서울 송파구 충민로 660,관광지,8,202502,127.124438784453000,37.477919678784600,11,11710,송파구,쇼핑,[지역] 서울특별시 [장소] 현대시티몰가든파이브점 [카테고리] 관광지
서울특별시,CGV수유,서울 강북구 도봉로 3990,관광지,8,202502,127.029894446702000,37.642398779887000,11,11305,강북구,문화관광,[지역] 서울특별시 [장소] CGV수유 [카테고리] 관광지
서울특별시,롯데시티호텔마포,서울 마포구 마포대로 1090,숙박,8,202502,126.950453113265610,37.544791121479650,11,11440,마포구,숙박,[지역] 서울특별시 [장소] 롯데시티호텔마포 [카테고리] 숙박
서울특별시,서울온천,서울 노원구 노원로 2470,관광지,8,202502,127.073418314455000,37.639482723389700,11,11350,노원구,체험관광,[지역] 서울특별시 [장소] 서울온천 [카테고리] 관광지
서울특별시,더리버사이드호텔,서울 서초구 강남대로107길 60,숙박,8,202502,127.018100823379000,37.518555653383600,11,11650,서초구,숙박,[지역] 서울특별시 [장소] 더리버사이드호텔 [카테고리] 숙박
서울특별시,북악스카이웨이,서울 종로구,관광지,8,202502,126.975733092081000,37.600625500122000,11,11110,종로구,기타관광,[지역] 서울특별시 [장소] 북악스카이웨이 [카테고리] 관광지
서울특별시,국립항공박물관,서울 강서구 하늘길 1770,관광지,8,202502,126.808564487109320,37.556696313968175,11,11500,강서구,문화관광,[지역] 서울특별시 [장소] 국립항공박물관 [카테고리] 관광지
서울특별시,고척스카이돔,서울 구로구 경인로 4300,관광지,8,202502,126.867132792883000,37.498220014028600,11,11530,구로구,문화관광,[지역] 서울특별시 [장소] 고척스카이돔 [카테고리] 관광지
서울특별시,메가박스더부티크 목동현대백화점,서울 양천구 목동동로 2570,관광지,8,202502,126.874455523932510,37.526960113012890,11,11470,양천구,문화관광,[지역] 서울특별시 [장소] 메가박스더부티크 목동현대백화점 [카테고리] 관광지
서울특별시,천호로데오거리,서울 강동구,관광지,8,202502,127.127442203902000,37.539050233556800,11,11740,강동구,쇼핑,[지역] 서울특별시 [장소] 천호로데오거리 [카테고리] 관광지
서울특별시,호텔99프레스티지,서울 도봉구 마들로11길 290,숙박,8,202502,127.051614589953000,37.653814261051000,11,11320,도봉구,숙박,[지역] 서울특별시 [장소] 호텔99프레스티지 [카테고리] 숙박
서울특별시,비트플렉스,서울 성동구 왕십리광장로 170,관광지,8,202502,127.038283370081390,37.561824821119570,11,11200,성동구,쇼핑,[지역] 서울특별시 [장소] 비트플렉스 [카테고리] 관광지
서울특별시,롯데시네마신림,서울 관악구 신림로 3300,관광지,8,202502,126.930218731961250,37.483788980885120,11,11620,관악구,문화관광,[지역] 서울특별시 [장소] 롯데시네마신림 [카테고리] 관광지
서울특별시,메가박스상봉,서울 중랑구 망우로30길 30,관광지,8,202502,127.074696435155300,37.593210307397940,11,11260,중랑구,문화관광,[지역] 서울특별시 [장소] 메가박스상봉 [카테고리] 관광지
서울특별시,홍제천폭포마당,서울 서대문구,관광지,8,202502,126.937486740269000,37.581377491503900,11,11410,서대문구,자연관광,[지역] 서울특별시 [장소] 홍제천폭포마당 [카테고리] 관광지
서울특별시,응암시장,서울 은평구 응암로 2520,관광지,8,202502,126.918599435315830,37.594292547551910,11,11380,은평구,쇼핑,[지역] 서울특별시 [장소] 응암시장 [카테고리] 관광지
서울특별시,오크우드프리미어코엑스센터,서울 강남구 테헤란로87길 460,숙박,8,202502,127.058115409691000,37.510969712243700,11,11680,강남구,숙박,[지역] 서울특별시 [장소] 오크우드프리미어코엑스센터 [카테고리] 숙박
서울특별시,글래드여의도,서울 영등포구 의사당대로 160,숙박,8,202502,126.917294643804000,37.527439162721000,11,11560,영등포구,숙박,[지역] 서울특별시 [장소] 글래드여의도 [카테고리] 숙박
서울특별시,웨스틴조선호텔,서울 중구 소공로 1060,숙박,8,202502,126.980038611281000,37.564435269315500,11,11140,중구,숙박,[지역] 서울특별시 [장소] 웨스틴조선호텔 [카테고리] 숙박
서울특별시,엠디호텔독산,서울 금천구 시흥대로 3150,숙박,8,202502,126.897153273485000,37.461344740308600,11,11545,금천구,숙박,[지역] 서울특별시 [장소] 엠디호텔독산 [카테고리] 숙박
서울특별시,브라운스위트신촌센트럴,서울 마포구 서강로 1370,숙박,80,202502,126.935611277430330,37.554663060738210,11,11440,마포구,숙박,[지역] 서울특별시 [장소] 브라운스위트신촌센트럴 [카테고리] 숙박
서울특별시,종로귀금속거리,서울 종로구,관광지,80,202502,126.993009591568010,37.571490089021290,11,11110,종로구,쇼핑,[지역] 서울특별시 [장소] 종로귀금속거리 [카테고리] 관광지
서울특별시,더샵갤러리20,서울 강남구 자곡로 2100,관광지,80,202502,127.105804529458110,37.475038015663330,11,11680,강남구,문화관광,[지역] 서울특별시 [장소] 더샵갤러리20 [카테고리] 관광지
서울특별시,이랜드크루즈양화선착장,서울 영등포구 노들로 1110,관광지,80,202502,126.893435521361000,37.545020316942900,11,11560,영등포구,기타관광,[지역] 서울특별시 [장소] 이랜드크루즈양화선착장 [카테고리] 관광지
서울특별시,해담채스테이호텔,서울 강서구 곰달래로 701,숙박,80,202502,126.840607110714300,37.530021731037550,11,11500,강서구,숙박,[지역] 서울특별시 [장소] 해담채스테이호텔 [카테고리] 숙박
서울특별시,광나루한강공원모두의놀이터,서울 강동구,관광지,80,202502,127.120900623842660,37.547509919429146,11,11740,강동구,문화관광,[지역] 서울특별시 [장소] 광나루한강공원모두의놀이터 [카테고리] 관광지
서울특별시,석촌고분공원,서울 송파구 가락로7길 210,관광지,80,202502,127.102222626825000,37.501832153967100,11,11710,송파구,문화관광,[지역] 서울특별시 [장소] 석촌고분공원 [카테고리] 관광지
서울특별시,ENA스위트호텔,서울 중구 세종대로11길 360,숙박,80,202502,126.973899921131360,37.562326752219460,11,11140,중구,숙박,[지역] 서울특별시 [장소] ENA스위트호텔 [카테고리] 숙박
서울특별시,월호텔아차산점,서울 광진구 천호대로138길 40,숙박,80,202502,127.093000776745000,37.548604468839000,11,11215,광진구,숙박,[지역] 서울특별시 [장소] 월호텔아차산점 [카테고리] 숙박
서울특별시,성지모텔,서울 용산구 회나무로 451,숙박,80,202502,126.991699518784000,37.540015657663500,11,11170,용산구,숙박,[지역] 서울특별시 [장소] 성지모텔 [카테고리] 숙박
서울특별시,르컬렉티브서초아틀리에,서울 서초구 반포대로16길 300,숙박,80,202502,127.012502762900000,37.486145387666300,11,11650,서초구,숙박,[지역] 서울특별시 [장소] 르컬렉티브서초아틀리에 [카테고리] 숙박
서울특별시,호텔데님,서울 강남구 논현로 660,숙박,81,202502,127.046698259043350,37.476194039612786,11,11680,강남구,숙박,[지역] 서울특별시 [장소] 호텔데님 [카테고리] 숙박
서울특별시,인사아트프라자갤러리,서울 종로구 인사동길 341,관광지,81,202502,126.985639256568450,37.573820822329710,11,11110,종로구,문화관광,[지역] 서울특별시 [장소] 인사아트프라자갤러리 [카테고리] 관광지
서울특별시,삼익패션타운,서울 중구 남대문시장8길 70,관광지,81,202502,126.978983193111030,37.560130205193900,11,11140,중구,쇼핑,[지역] 서울특별시 [장소] 삼익패션타운 [카테고리] 관광지
서울특별시,당인리문화창작발전소건축중2025년개관예정,서울 마포구 토정로 560,관광지,81,202502,126.919660559247920,37.544026039950340,11,11440,마포구,문화관광,[지역] 서울특별시 [장소] 당인리문화창작발전소건축중2025년개관예정 [카테고리] 관광지
서울특별시,롯데시네마수락산,서울 노원구 동일로 16600,관광지,81,202502,127.055668218528920,37.676591744629990,11,11350,노원구,문화관광,[지역] 서울특별시 [장소] 롯데시네마수락산 [카테고리] 관광지
서울특별시,호텔야자강서구청점,서울 강서구 화곡로 2488,숙박,81,202502,126.846413346283440,37.547211183265560,11,11500,강서구,숙박,[지역] 서울특별시 [장소] 호텔야자강서구청점 [카테고리] 숙박
서울특별시,셀립여의,서울 영등포구 영등포로 3890,숙박,81,202502,126.921603949691700,37.513853726483260,11,11560,영등포구,숙박,[지역] 서울특별시 [장소] 셀립여의 [카테고리] 숙박
서울특별시,용산역사박물관,서울 용산구 한강대로14길 3529,관광지,81,202502,126.965857142114830,37.525658123238740,11,11170,용산구,문화관광,[지역] 서울특별시 [장소] 용산역사박물관 [카테고리] 관광지
서울특별시,한국불교대학관음사서울도량,서울 동대문구 한천로 2310,관광지,81,202502,127.068137295777000,37.581490281212800,11,11230,동대문구,역사관광,[지역] 서울특별시 [장소] 한국불교대학관음사서울도량 [카테고리] 관광지
서울특별시,폴라리스아이스링크,서울 서초구 사임당로 640,관광지,81,202502,127.016924902521000,37.488777577094000,11,11650,서초구,레저스포츠,[지역] 서울특별시 [장소] 폴라리스아이스링크 [카테고리] 관광지
서울특별시,티아라모텔,서울 광진구 동일로30길 170,숙박,81,202502,127.068309147690000,37.547716742833686,11,11215,광진구,숙박,[지역] 서울특별시 [장소] 티아라모텔 [카테고리] 숙박
서울특별시,별나라모텔,서울 강동구 양재대로 13430,숙박,81,202502,127.135163855190410,37.526273980724110,11,11740,강동구,숙박,[지역] 서울특별시 [장소] 별나라모텔 [카테고리] 숙박
서울특별시,탄천유수지,서울 송파구 삼학사로2길 490,관광지,81,202502,127.099929946857510,37.496618547849210,11,11710,송파구,문화관광,[지역] 서울특별시 [장소] 탄천유수지 [카테고리] 관광지
서울특별시,국화어린이공원,서울 노원구,관광지,82,202502,127.076195864627000,37.637094128383100,11,11350,노원구,문화관광,[지역] 서울특별시 [장소] 국화어린이공원 [카테고리] 관광지
서울특별시,뉴몬드호텔,서울 노원구 노해로75길 203,숙박,82,202502,127.057475161225000,37.654758632933000,11,11350,노원구,숙박,[지역] 서울특별시 [장소] 뉴몬드호텔 [카테고리] 숙박
서울특별시,신우어린이공원,서울 영등포구 가마산로47길 130,관광지,82,202502,126.899129851165000,37.503330728525900,11,11560,영등포구,문화관광,[지역] 서울특별시 [장소] 신우어린이공원 [카테고리] 관광지
서울특별시,코코몽키즈랜드송파점,서울 송파구 충민로 660,관광지,82,202502,127.125887401404980,37.477001836651354,11,11710,송파구,문화관광,[지역] 서울특별시 [장소] 코코몽키즈랜드송파점 [카테고리] 관광지
서울특별시,마포농수산물시장상인번영회,서울 마포구 월드컵로 2350,관광지,82,202502,126.898490425676000,37.565156907064700,11,11440,마포구,쇼핑,[지역] 서울특별시 [장소] 마포농수산물시장상인번영회 [카테고리] 관광지
서울특별시,대하모텔,서울 광진구 아차산로 5830,숙박,82,202502,127.104527541227630,37.545743760594350,11,11215,광진구,숙박,[지역] 서울특별시 [장소] 대하모텔 [카테고리] 숙박
서울특별시,강남세곡체육공원,서울 강남구 헌릉로 6790,관광지,82,202502,127.113750475979030,37.467112902994430,11,11680,강남구,문화관광,[지역] 서울특별시 [장소] 강남세곡체육공원 [카테고리] 관광지
서울특별시,몽키즈클라이밍답십리점,서울 동대문구 사가정로 800,관광지,82,202502,127.054920623431000,37.575184490879000,11,11230,동대문구,레저스포츠,[지역] 서울특별시 [장소] 몽키즈클라이밍답십리점 [카테고리] 관광지
서울특별시,화정박물관,서울 종로구 평창8길 30,관광지,82,202502,126.965900609177960,37.604652751036570,11,11110,종로구,문화관광,[지역] 서울특별시 [장소] 화정박물관 [카테고리] 관광지
서울특별시,자양골목시장,서울 광진구 자양로15길 960,관광지,82,202502,127.078363346780000,37.534772642891400,11,11215,광진구,쇼핑,[지역] 서울특별시 [장소] 자양골목시장 [카테고리] 관광지
서울특별시,누죤,서울 중구 을지로45길 620,관광지,82,202502,127.013063378098000,37.566935184561400,11,11140,중구,쇼핑,[지역] 서울특별시 [장소] 누죤 [카테고리] 관광지
서울특별시,서울형키즈카페상일2동점,서울 강동구 상일로12길 950,관광지,82,202502,127.172326862310000,37.556742916081000,11,11740,강동구,문화관광,[지역] 서울특별시 [장소] 서울형키즈카페상일2동점 [카테고리] 관광지
서울특별시,샾호텔,서울 용산구 원효로56길 213,숙박,82,202502,126.963127340592790,37.534912087274380,11,11170,용산구,숙박,[지역] 서울특별시 [장소] 샾호텔 [카테고리] 숙박
서울특별시,아이파크몰,서울 용산구 한강대로21나길 170,관광지,82,202502,126.964707000051000,37.529883615122100,11,11170,용산구,쇼핑,[지역] 서울특별시 [장소] 아이파크몰 [카테고리] 관광지
서울특별시,르컬렉티브서울서초,서울 서초구 효령로53길 500,숙박,82,202502,127.013580891368180,37.486930815957080,11,11650,서초구,숙박,[지역] 서울특별시 [장소] 르컬렉티브서울서초 [카테고리] 숙박
서울특별시,JHL FC,서울 강서구 허준로 1210,관광지,82,202502,126.852727485514830,37.566061527154960,11,11500,강서구,레저스포츠,[지역] 서울특별시 [장소] JHL FC [카테고리] 관광지
서울특별시,국제호텔직업전문학교,서울 동대문구 천호대로 30,관광지,83,202502,127.024340053402000,37.575378722426100,11,11230,동대문구,체험관광,[지역] 서울특별시 [장소] 국제호텔직업전문학교 [카테고리] 관광지
서울특별시,점프런,서울 강동구 구천면로 3040,관광지,83,202502,127.134608146131000,37.546827157556200,11,11740,강동구,문화관광,[지역] 서울특별시 [장소] 점프런 [카테고리] 관광지
서울특별시,넘버25호텔방이점,서울 송파구 오금로11길 2113,숙박,83,202502,127.109249635155820,37.515525060277625,11,11710,송파구,숙박,[지역] 서울특별시 [장소] 넘버25호텔방이점 [카테고리] 숙박
서울특별시,렉스관광호텔,서울 강남구 강남대로 5880,숙박,83,202502,127.020545887977280,37.514373241290260,11,11680,강남구,숙박,[지역] 서울특별시 [장소] 렉스관광호텔 [카테고리] 숙박
서울특별시,프레리키즈카페명일점,서울 강동구 양재대로 165711,관광지,83,202502,127.143357290356000,37.553409785133000,11,11740,강동구,문화관광,[지역] 서울특별시 [장소] 프레리키즈카페명일점 [카테고리] 관광지
서울특별시,르몽호텔,서울 종로구 종로16길 280,숙박,83,202502,126.988482249012000,37.568851477339000,11,11110,종로구,숙박,[지역] 서울특별시 [장소] 르몽호텔 [카테고리] 숙박
서울특별시,러쉬호텔,서울 강서구 강서로5나길 103,숙박,83,202502,126.847439837323000,37.528827466104000,11,11500,강서구,숙박,[지역] 서울특별시 [장소] 러쉬호텔 [카테고리] 숙박
서울특별시,라다호텔,서울 영등포구 여의대방로67길 180,숙박,83,202502,126.930293536985860,37.520328953285950,11,11560,영등포구,숙박,[지역] 서울특별시 [장소] 라다호텔 [카테고리] 숙박
서울특별시,뉴서울호텔,서울 중구 세종대로22길 160,숙박,83,202502,126.978177633840000,37.567990402150000,11,11140,중구,숙박,[지역] 서울특별시 [장소] 뉴서울호텔 [카테고리] 숙박
서울특별시,공덕시장,서울 마포구,관광지,83,202502,126.953291222081000,37.544687388586800,11,11440,마포구,쇼핑,[지역] 서울특별시 [장소] 공덕시장 [카테고리] 관광지
서울특별시,코스모스홀,서울 서초구 반포대로 270,관광지,83,202502,127.011633203290270,37.482905451517990,11,11650,서초구,문화관광,[지역] 서울특별시 [장소] 코스모스홀 [카테고리] 관광지
서울특별시,뚝섬선착장,서울 광진구 강변북로 21600,관광지,84,202502,127.061781552642000,37.530606354433500,11,11215,광진구,기타관광,[지역] 서울특별시 [장소] 뚝섬선착장 [카테고리] 관광지
서울특별시,모모호텔,서울 노원구 노해로75길 1413,숙박,84,202502,127.058086218405000,37.654619763954200,11,11350,노원구,숙박,[지역] 서울특별시 [장소] 모모호텔 [카테고리] 숙박
서울특별시,호텔이큐브,서울 용산구 한강대로71길 240,숙박,84,202502,126.972173707074320,37.540342933266100,11,11170,용산구,숙박,[지역] 서울특별시 [장소] 호텔이큐브 [카테고리] 숙박
서울특별시,또와또실내낚시카페,서울 광진구 동일로 1660,관광지,84,202502,127.066975367558000,37.546910057679500,11,11215,광진구,레저스포츠,[지역] 서울특별시 [장소] 또와또실내낚시카페 [카테고리] 관광지
서울특별시,포레스타2호텔,서울 송파구 백제고분로7길 235,숙박,84,202502,127.081404021137640,37.510950588776650,11,11710,송파구,숙박,[지역] 서울특별시 [장소] 포레스타2호텔 [카테고리] 숙박
서울특별시,스타일호텔,서울 서초구 방배중앙로 1710,숙박,84,202502,126.985927649416000,37.494276750615400,11,11650,서초구,숙박,[지역] 서울특별시 [장소] 스타일호텔 [카테고리] 숙박
서울특별시,거기모텔,서울 강서구 강서로5가길 300,숙박,84,202502,126.846273272741000,37.529188528385000,11,11500,강서구,숙박,[지역] 서울특별시 [장소] 거기모텔 [카테고리] 숙박
서울특별시,경의선숲길공원,서울 마포구,관광지,84,202502,126.925182514248970,37.559046666246830,11,11440,마포구,문화관광,[지역] 서울특별시 [장소] 경의선숲길공원 [카테고리] 관광지
서울특별시,피넛호텔,서울 광진구 자양로 630,숙박,84,202502,127.084532500000000,37.533422400000000,11,11215,광진구,숙박,[지역] 서울특별시 [장소] 피넛호텔 [카테고리] 숙박
서울특별시,GROUND220,서울 영등포구 선유로 1730,관광지,84,202502,126.892210985123000,37.529316336781100,11,11560,영등포구,문화관광,[지역] 서울특별시 [장소] GROUND220 [카테고리] 관광지
서울특별시,한양도성박물관,서울 종로구 율곡로 2830,관광지,84,202502,127.008535951842000,37.572851138887700,11,11110,종로구,문화관광,[지역] 서울특별시 [장소] 한양도성박물관 [카테고리] 관광지
서울특별시,나인트리호텔명동,서울 중구 명동10길 510,숙박,84,202502,126.986012014096670,37.561591588421890,11,11140,중구,숙박,[지역] 서울특별시 [장소] 나인트리호텔명동 [카테고리] 숙박
서울특별시,중곡동가구거리,서울 광진구,관광지,84,202502,127.080362950769740,37.556631239611890,11,11215,광진구,쇼핑,[지역] 서울특별시 [장소] 중곡동가구거리 [카테고리] 관광지
서울특별시,안테룸서울,서울 강남구 도산대로 1530,숙박,84,202502,127.025229414872000,37.518857485500500,11,11680,강남구,숙박,[지역] 서울특별시 [장소] 안테룸서울 [카테고리] 숙박
서울특별시,국립기상박물관,서울 종로구 송월길 520,관광지,85,202502,126.966281807454150,37.571421203551395,11,11110,종로구,문화관광,[지역] 서울특별시 [장소] 국립기상박물관 [카테고리] 관광지
서울특별시,새남터순교지,서울 용산구 이촌로 808,관광지,85,202502,126.956818872163000,37.524939693851900,11,11170,용산구,역사관광,[지역] 서울특별시 [장소] 새남터순교지 [카테고리] 관광지
서울특별시,점프업,서울 마포구 성산로 1280,관광지,85,202502,126.908176550175480,37.563912530120305,11,11440,마포구,문화관광,[지역] 서울특별시 [장소] 점프업 [카테고리] 관광지
서울특별시,법원전시관,서울 서초구 서초대로 2190,관광지,85,202502,127.005342581454400,37.492277101259525,11,11650,서초구,문화관광,[지역] 서울특별시 [장소] 법원전시관 [카테고리] 관광지
서울특별시,송도아트홀,서울 강서구 화곡로68길 1020,관광지,85,202502,126.859271830195000,37.557046495378000,11,11500,강서구,문화관광,[지역] 서울특별시 [장소] 송도아트홀 [카테고리] 관광지
서울특별시,수락산자연휴양림건축중2024년하반기 완공예정,서울 노원구 덕릉로143길 430,관광지,85,202502,127.089739056877530,37.681439530431930,11,11350,노원구,자연관광,[지역] 서울특별시 [장소] 수락산자연휴양림건축중2024년하반기 완공예정 [카테고리] 관광지
서울특별시,오금공원,서울 송파구 오금로 3630,관광지,85,202502,127.131469970348000,37.503415487404000,11,11710,송파구,문화관광,[지역] 서울특별시 [장소] 오금공원 [카테고리] 관광지
서울특별시,화폐박물관,서울 중구 남대문로 390,관광지,85,202502,126.980538589065000,37.562074434363100,11,11140,중구,문화관광,[지역] 서울특별시 [장소] 화폐박물관 [카테고리] 관광지
서울특별시,아르마다,경기 하남시 서하남로41번길 691,관광지,85,202502,127.148888500000000,37.519684900000000,11,11740,강동구,체험관광,[지역] 서울특별시 [장소] 아르마다 [카테고리] 관광지
서울특별시,아이스웍스역삼점,서울 강남구 역삼로 3100,관광지,85,202502,127.048377887368420,37.499337743114495,11,11680,강남구,레저스포츠,[지역] 서울특별시 [장소] 아이스웍스역삼점 [카테고리] 관광지
서울특별시,여의쇼핑센터,서울 영등포구 국제금융로7길 150,관광지,85,202502,126.931987800662000,37.523189743969700,11,11560,영등포구,쇼핑,[지역] 서울특별시 [장소] 여의쇼핑센터 [카테고리] 관광지
서울특별시,에이치호텔서초점,서울 서초구 효령로55길 510,숙박,86,202502,127.013980740208000,37.487111084818200,11,11650,서초구,숙박,[지역] 서울특별시 [장소] 에이치호텔서초점 [카테고리] 숙박
서울특별시,목예원,서울 노원구 화랑로 6060,관광지,86,202502,127.093479022918070,37.625011172627275,11,11350,노원구,체험관광,[지역] 서울특별시 [장소] 목예원 [카테고리] 관광지
서울특별시,디에이치갤러리,서울 강남구 강남대로 6320,관광지,86,202502,127.019479940366000,37.518246409434600,11,11680,강남구,문화관광,[지역] 서울특별시 [장소] 디에이치갤러리 [카테고리] 관광지
서울특별시,크로스핏남산,서울 용산구 한강대로72길 1118,관광지,86,202502,126.974011603069000,37.541354568187000,11,11170,용산구,레저스포츠,[지역] 서울특별시 [장소] 크로스핏남산 [카테고리] 관광지
서울특별시,고려사,서울 노원구 덕릉로129길 1420,관광지,86,202502,127.079195198170000,37.676783997373500,11,11350,노원구,역사관광,[지역] 서울특별시 [장소] 고려사 [카테고리] 관광지
서울특별시,코코넛박스,서울 마포구 홍익로3길 200,관광지,86,202502,126.921710659509000,37.553519506585300,11,11440,마포구,문화관광,[지역] 서울특별시 [장소] 코코넛박스 [카테고리] 관광지
서울특별시,NU모텔종합운동장점,서울 송파구 올림픽로10길 80,숙박,86,202502,127.080891129894000,37.510997628546400,11,11710,송파구,숙박,[지역] 서울특별시 [장소] NU모텔종합운동장점 [카테고리] 숙박
서울특별시,황학동주방거리,서울 중구,관광지,86,202502,127.021034030563210,37.568529756648530,11,11140,중구,쇼핑,[지역] 서울특별시 [장소] 황학동주방거리 [카테고리] 관광지
서울특별시,원지어린이공원,서울 영등포구 도림로47길 280,관광지,86,202502,126.899574305476000,37.498109112703600,11,11560,영등포구,문화관광,[지역] 서울특별시 [장소] 원지어린이공원 [카테고리] 관광지
서울특별시,센트럴관광호텔,서울 종로구 청계천로 1370,숙박,86,202502,126.992898516269000,37.568851504654000,11,11110,종로구,숙박,[지역] 서울특별시 [장소] 센트럴관광호텔 [카테고리] 숙박
서울특별시,대원시장,서울 강서구 화곡로21길 780,관광지,86,202502,126.836496233728000,37.544464479710900,11,11500,강서구,쇼핑,[지역] 서울특별시 [장소] 대원시장 [카테고리] 관광지
서울특별시,갤러리현대,서울 종로구 삼청로 140,관광지,87,202502,126.979899609588000,37.577294891994200,11,11110,종로구,문화관광,[지역] 서울특별시 [장소] 갤러리현대 [카테고리] 관광지
서울특별시,더클라임마곡점,서울 강서구 마곡동로 620,관광지,87,202502,126.833857430300000,37.560518161664200,11,11500,강서구,레저스포츠,[지역] 서울특별시 [장소] 더클라임마곡점 [카테고리] 관광지
서울특별시,청계산원터골입구코스,서울 서초구,관광지,87,202502,127.055168378444360,37.443727900263710,11,11650,서초구,자연관광,[지역] 서울특별시 [장소] 청계산원터골입구코스 [카테고리] 관광지
서울특별시,GS홈쇼핑제2사옥,서울 영등포구 선유로 820,관광지,87,202502,126.890380470479000,37.521245270436000,11,11560,영등포구,쇼핑,[지역] 서울특별시 [장소] GS홈쇼핑제2사옥 [카테고리] 관광지
서울특별시,마이아트뮤지엄,서울 강남구 테헤란로 5180,관광지,87,202502,127.060615216785000,37.507609005029900,11,11680,강남구,문화관광,[지역] 서울특별시 [장소] 마이아트뮤지엄 [카테고리] 관광지
서울특별시,일신홀,서울 용산구 한남대로 980,관광지,87,202502,127.005508796141000,37.537188577656200,11,11170,용산구,문화관광,[지역] 서울특별시 [장소] 일신홀 [카테고리] 관광지
서울특별시,서교스퀘어,서울 마포구 양화로 720,관광지,87,202502,126.916710844617510,37.550890301930610,11,11440,마포구,문화관광,[지역] 서울특별시 [장소] 서교스퀘어 [카테고리] 관광지
서울특별시,남산골한옥마을,서울 중구 퇴계로34길 280,관광지,87,202502,126.994481800490000,37.559213740288900,11,11140,중구,역사관광,[지역] 서울특별시 [장소] 남산골한옥마을 [카테고리] 관광지
서울특별시,코너호텔,서울 송파구 송파대로 3850,숙박,87,202502,127.109755024729800,37.501651930258630,11,11710,송파구,숙박,[지역] 서울특별시 [장소] 코너호텔 [카테고리] 숙박
서울특별시,캠퍼스디,서울 영등포구 양평로21길 200,관광지,88,202502,126.892435693503000,37.536521293952700,11,11560,영등포구,문화관광,[지역] 서울특별시 [장소] 캠퍼스디 [카테고리] 관광지
서울특별시,호텔라세느,서울 마포구 서강로18길 160,숙박,88,202502,126.935670614509600,37.553215270860050,11,11440,마포구,숙박,[지역] 서울특별시 [장소] 호텔라세느 [카테고리] 숙박
서울특별시,CGV압구정신관,서울 강남구 압구정로30길 450,관광지,88,202502,127.029423426642230,37.524356875808550,11,11680,강남구,문화관광,[지역] 서울특별시 [장소] CGV압구정신관 [카테고리] 관광지
서울특별시,SCC홀서초,서울 서초구 남부순환로325길 90,관광지,88,202502,127.014508522107200,37.481778370903235,11,11650,서초구,문화관광,[지역] 서울특별시 [장소] SCC홀서초 [카테고리] 관광지
서울특별시,호텔소설스미스,서울 강서구 까치산로15길 250,숙박,88,202502,126.846828605852000,37.547214224159200,11,11500,강서구,숙박,[지역] 서울특별시 [장소] 호텔소설스미스 [카테고리] 숙박
서울특별시,세피아호텔,서울 노원구 노해로75길 2017,숙박,88,202502,127.058257685633070,37.654949550832356,11,11350,노원구,숙박,[지역] 서울특별시 [장소] 세피아호텔 [카테고리] 숙박
서울특별시,본다빈치뮤지엄,서울 광진구 광나루로 4410,관광지,88,202502,127.078196574877000,37.546993451407900,11,11215,광진구,문화관광,[지역] 서울특별시 [장소] 본다빈치뮤지엄 [카테고리] 관광지
서울특별시,쌍용프라자,서울 송파구 동남로 1890,관광지,88,202502,127.129831315759000,37.494666487775000,11,11710,송파구,쇼핑,[지역] 서울특별시 [장소] 쌍용프라자 [카테고리] 관광지
서울특별시,링크아트센터,서울 종로구 대학로14길 290,관광지,88,202502,127.002286401809770,37.584627515639660,11,11110,종로구,문화관광,[지역] 서울특별시 [장소] 링크아트센터 [카테고리] 관광지
서울특별시,이촌한강공원족구장,서울 용산구,관광지,88,202502,126.952485889166000,37.529216950455600,11,11170,용산구,레저스포츠,[지역] 서울특별시 [장소] 이촌한강공원족구장 [카테고리] 관광지
서울특별시,그랜드워커힐더글라스하우스,서울 광진구 워커힐로 1770,숙박,88,202502,127.109249235720260,37.555964830899890,11,11215,광진구,숙박,[지역] 서울특별시 [장소] 그랜드워커힐더글라스하우스 [카테고리] 숙박
서울특별시,트레블로지명동시티홀호텔,서울 중구 세종대로16길 220,숙박,88,202502,126.978093066461230,37.563064693696155,11,11140,중구,숙박,[지역] 서울특별시 [장소] 트레블로지명동시티홀호텔 [카테고리] 숙박
서울특별시,리틀비틀키즈카페자양점,서울 광진구 능동로4길 170,관광지,88,202502,127.068780892928000,37.533383854766000,11,11215,광진구,문화관광,[지역] 서울특별시 [장소] 리틀비틀키즈카페자양점 [카테고리] 관광지
서울특별시,강서구민회관우장홀,서울 강서구 우장산로 660,관광지,89,202502,126.843801042811000,37.553407933598700,11,11500,강서구,문화관광,[지역] 서울특별시 [장소] 강서구민회관우장홀 [카테고리] 관광지
서울특별시,천마공원축구장,서울 송파구,관광지,89,202502,127.160245182206000,37.500193818037700,11,11710,송파구,문화관광,[지역] 서울특별시 [장소] 천마공원축구장 [카테고리] 관광지
서울특별시,석불사,서울 마포구 마포대로4다길 236,관광지,89,202502,126.944597650086000,37.535771699620800,11,11440,마포구,역사관광,[지역] 서울특별시 [장소] 석불사 [카테고리] 관광지
서울특별시,예스24스테이지,서울 종로구 대학로12길 210,관광지,89,202502,127.003175229063000,37.582711076190300,11,11110,종로구,문화관광,[지역] 서울특별시 [장소] 예스24스테이지 [카테고리] 관광지
서울특별시,소설호텔,서울 서초구 반포대로14길 530,숙박,89,202502,127.013786320339000,37.486388944838000,11,11650,서초구,숙박,[지역] 서울특별시 [장소] 소설호텔 [카테고리] 숙박
서울특별시,한강시민공원축구장,서울 영등포구,관광지,89,202502,126.917239027450000,37.534271705538700,11,11560,영등포구,문화관광,[지역] 서울특별시 [장소] 한강시민공원축구장 [카테고리] 관광지
서울특별시,스테이호텔강남,서울 강남구 논현로87길 154,숙박,89,202502,127.035450903284000,37.499415351300700,11,11680,강남구,숙박,[지역] 서울특별시 [장소] 스테이호텔강남 [카테고리] 숙박
서울특별시,석계역문화공원,서울 노원구 화랑로43가길 270,관광지,89,202502,127.063947189217000,37.615263244407000,11,11350,노원구,문화관광,[지역] 서울특별시 [장소] 석계역문화공원 [카테고리] 관광지
서울특별시,청평화시장,서울 중구 청계천로 3340,관광지,89,202502,127.014952071180890,37.569490456291980,11,11140,중구,쇼핑,[지역] 서울특별시 [장소] 청평화시장 [카테고리] 관광지
서울특별시,신계역사공원,서울 용산구 청파로 13925,관광지,89,202502,126.966275173921080,37.535259581396120,11,11170,용산구,문화관광,[지역] 서울특별시 [장소] 신계역사공원 [카테고리] 관광지
서울특별시,초안산근린공원,서울 도봉구,관광지,9,202502,127.040504541429000,37.648064857010600,11,11320,도봉구,문화관광,[지역] 서울특별시 [장소] 초안산근린공원 [카테고리] 관광지
서울특별시,광운대학교아이스링크,서울 노원구 광운로 210,관광지,9,202502,127.057221400000000,37.620265500000000,11,11350,노원구,레저스포츠,[지역] 서울특별시 [장소] 광운대학교아이스링크 [카테고리] 관광지
서울특별시,동작주차공원,서울 동작구 현충로 2130,관광지,9,202502,126.978166854582700,37.503320413064870,11,11590,동작구,문화관광,[지역] 서울특별시 [장소] 동작주차공원 [카테고리] 관광지
서울특별시,우리유황온천,서울 광진구 자양로5길 330,관광지,9,202502,127.084155705122330,37.530907461688330,11,11215,광진구,체험관광,[지역] 서울특별시 [장소] 우리유황온천 [카테고리] 관광지
서울특별시,소월아트홀,서울 성동구 왕십리로 2810,관광지,9,202502,127.036061372723820,37.559380645499765,11,11200,성동구,문화관광,[지역] 서울특별시 [장소] 소월아트홀 [카테고리] 관광지
서울특별시,신영시장,서울 양천구 월정로 1615,관광지,9,202502,126.835829737599450,37.532910256872400,11,11470,양천구,쇼핑,[지역] 서울특별시 [장소] 신영시장 [카테고리] 관광지
서울특별시,장안동근린공원,서울 동대문구,관광지,9,202502,127.071308008775000,37.577406558478700,11,11230,동대문구,문화관광,[지역] 서울특별시 [장소] 장안동근린공원 [카테고리] 관광지
서울특별시,중랑동부시장,서울 중랑구 중랑천로10길 570,관광지,9,202502,127.077112885780000,37.592960351445200,11,11260,중랑구,쇼핑,[지역] 서울특별시 [장소] 중랑동부시장 [카테고리] 관광지
서울특별시,소피텔 앰배서더 서울 호텔 앤 서비스드 레지던스,서울 송파구 잠실로 2090,숙박,9,202502,127.106388798571000,37.513886342840000,11,11710,송파구,숙박,[지역] 서울특별시 [장소] 소피텔 앰배서더 서울 호텔 앤 서비스드 레지던스 [카테고리] 숙박
서울특별시,롯데시네마서울대입구,서울 관악구 남부순환로 18200,관광지,9,202502,126.952180826684240,37.481000300137490,11,11620,관악구,문화관광,[지역] 서울특별시 [장소] 롯데시네마서울대입구 [카테고리] 관광지
서울특별시,천호공원,서울 강동구 올림픽로 7020,관광지,9,202502,127.126331141162960,37.544299619876080,11,11740,강동구,문화관광,[지역] 서울특별시 [장소] 천호공원 [카테고리] 관광지
서울특별시,반포한강공원,서울 서초구 신반포로11길 400,관광지,9,202502,126.994426733306000,37.509552815144500,11,11650,서초구,문화관광,[지역] 서울특별시 [장소] 반포한강공원 [카테고리] 관광지
서울특별시,88호텔,서울 금천구 시흥대로123길 660,숙박,9,202502,126.895297162214000,37.472195415511000,11,11545,금천구,숙박,[지역] 서울특별시 [장소] 88호텔 [카테고리] 숙박
서울특별시,연서시장,서울 은평구 통일로 8500,관광지,9,202502,126.921904448471740,37.619345223508550,11,11380,은평구,쇼핑,[지역] 서울특별시 [장소] 연서시장 [카테고리] 관광지
서울특별시,포포인츠바이쉐라톤서울구로,서울 구로구 디지털로32길 720,숙박,9,202502,126.898935617394660,37.483166391765540,11,11530,구로구,숙박,[지역] 서울특별시 [장소] 포포인츠바이쉐라톤서울구로 [카테고리] 숙박
서울특별시,솔밭공원,서울 강북구 삼양로 5610,관광지,9,202502,127.011701546053080,37.652841901791350,11,11305,강북구,문화관광,[지역] 서울특별시 [장소] 솔밭공원 [카테고리] 관광지
서울특별시,몬드리안서울이태원,서울 용산구 장문로 230,숙박,9,202502,126.993118779765000,37.528568273498100,11,11170,용산구,숙박,[지역] 서울특별시 [장소] 몬드리안서울이태원 [카테고리] 숙박
서울특별시,페어몬트앰배서더서울,서울 영등포구 여의대로 1080,숙박,9,202502,126.929126928393000,37.525245044355000,11,11560,영등포구,숙박,[지역] 서울특별시 [장소] 페어몬트앰배서더서울 [카테고리] 숙박
서울특별시,현대시티아울렛동대문점,서울 중구 장충단로13길 200,관광지,9,202502,127.007679741981000,37.568813388182300,11,11140,중구,쇼핑,[지역] 서울특별시 [장소] 현대시티아울렛동대문점 [카테고리] 관광지
서울특별시,신라스테이마포,서울 마포구 마포대로 830,숙박,9,202502,126.949708230515000,37.542854245246000,11,11440,마포구,숙박,[지역] 서울특별시 [장소] 신라스테이마포 [카테고리] 숙박
서울특별시,흥천사,서울 성북구 흥천사길 290,관광지,9,202502,127.009257859727000,37.598264870022400,11,11290,성북구,역사관광,[지역] 서울특별시 [장소] 흥천사 [카테고리] 관광지
서울특별시,조계사,서울 종로구 우정국로 550,관광지,9,202502,126.981816135952340,37.573906406944750,11,11110,종로구,역사관광,[지역] 서울특별시 [장소] 조계사 [카테고리] 관광지
서울특별시,LG아트센터서울,서울 강서구 마곡중앙로 1360,관광지,9,202502,126.829246692190000,37.565156485835000,11,11500,강서구,문화관광,[지역] 서울특별시 [장소] LG아트센터서울 [카테고리] 관광지
서울특별시,갤러리아백화점명품관WEST,서울 강남구 압구정로 3430,관광지,9,202502,127.040089089313000,37.528467577907100,11,11680,강남구,쇼핑,[지역] 서울특별시 [장소] 갤러리아백화점명품관WEST [카테고리] 관광지
서울특별시,영천시장,서울 서대문구 통일로 1891,관광지,9,202502,126.961706878975720,37.570295589424680,11,11410,서대문구,쇼핑,[지역] 서울특별시 [장소] 영천시장 [카테고리] 관광지
서울특별시,선릉,서울 강남구 선릉로100길 10,관광지,90,202502,127.045894315656000,37.508497699808700,11,11680,강남구,역사관광,[지역] 서울특별시 [장소] 선릉 [카테고리] 관광지
서울특별시,엠지호텔,서울 종로구 청계천로 633,숙박,90,202502,126.984771245564270,37.568933712283010,11,11110,종로구,숙박,[지역] 서울특별시 [장소] 엠지호텔 [카테고리] 숙박
서울특별시,베이튼호텔,서울 중구 동호로 3460,숙박,90,202502,127.002688391815980,37.565188691763964,11,11140,중구,숙박,[지역] 서울특별시 [장소] 베이튼호텔 [카테고리] 숙박
서울특별시,인과선원,서울 노원구 초안산로2길 971,관광지,90,202502,127.057419825192000,37.633122248026700,11,11350,노원구,역사관광,[지역] 서울특별시 [장소] 인과선원 [카테고리] 관광지
서울특별시,명화라이브홀,서울 영등포구 버드나루로 300,관광지,90,202502,126.912393015002980,37.521538377628300,11,11560,영등포구,문화관광,[지역] 서울특별시 [장소] 명화라이브홀 [카테고리] 관광지
서울특별시,구띠갤러리,서울 서초구 서초대로38길 150,관광지,90,202502,127.007036888212000,37.490693961315500,11,11650,서초구,문화관광,[지역] 서울특별시 [장소] 구띠갤러리 [카테고리] 관광지
서울특별시,머니호텔,서울 송파구 올림픽로34길 90,숙박,90,202502,127.110955788737610,37.515861304929730,11,11710,송파구,숙박,[지역] 서울특별시 [장소] 머니호텔 [카테고리] 숙박
서울특별시,새누리어린이공원,서울 마포구,관광지,90,202502,126.898184798100000,37.575489042984300,11,11440,마포구,문화관광,[지역] 서울특별시 [장소] 새누리어린이공원 [카테고리] 관광지
서울특별시,더리버마리나,서울 서초구,관광지,90,202502,126.984844293115000,37.506747524821200,11,11170,용산구,레저스포츠,[지역] 서울특별시 [장소] 더리버마리나 [카테고리] 관광지
서울특별시,이재규스포츠재활센터,서울 강서구 마곡서로 1010,관광지,90,202502,126.823636110949000,37.562851163115200,11,11500,강서구,레저스포츠,[지역] 서울특별시 [장소] 이재규스포츠재활센터 [카테고리] 관광지
서울특별시,드림호텔,서울 강서구 공항대로46길 660,숙박,91,202502,126.851387252898920,37.553160194628320,11,11500,강서구,숙박,[지역] 서울특별시 [장소] 드림호텔 [카테고리] 숙박
서울특별시,홍대놀이터,서울 마포구,관광지,91,202502,126.923099434583000,37.552297434235500,11,11440,마포구,문화관광,[지역] 서울특별시 [장소] 홍대놀이터 [카테고리] 관광지
서울특별시,호랑이동상,서울 종로구,관광지,91,202502,126.961993124802290,37.580292487706190,11,11110,종로구,역사관광,[지역] 서울특별시 [장소] 호랑이동상 [카테고리] 관광지
서울특별시,DDP패션몰,서울 중구 마장로 220,관광지,91,202502,127.012153000974650,37.567284053239334,11,11140,중구,쇼핑,[지역] 서울특별시 [장소] DDP패션몰 [카테고리] 관광지
서울특별시,리치웰호텔,서울 강남구 테헤란로37길 1310,숙박,91,202502,127.039825437607300,37.502966050120660,11,11680,강남구,숙박,[지역] 서울특별시 [장소] 리치웰호텔 [카테고리] 숙박
서울특별시,락베이스볼,서울 노원구 중계로16길 300,관광지,91,202502,127.082070358994660,37.651030553611065,11,11350,노원구,레저스포츠,[지역] 서울특별시 [장소] 락베이스볼 [카테고리] 관광지
서울특별시,공릉탁구클럽,서울 노원구 동일로 11060,관광지,91,202502,127.071807455770000,37.628733957190900,11,11350,노원구,레저스포츠,[지역] 서울특별시 [장소] 공릉탁구클럽 [카테고리] 관광지
서울특별시,노원염광운동장,서울 노원구 월계로45가길 90,관광지,91,202502,127.049837281154280,37.629222129074210,11,11350,노원구,문화관광,[지역] 서울특별시 [장소] 노원염광운동장 [카테고리] 관광지
서울특별시,메모아,서울 영등포구 문래로 770,관광지,91,202502,126.890574910127000,37.519912092463000,11,11560,영등포구,체험관광,[지역] 서울특별시 [장소] 메모아 [카테고리] 관광지
서울특별시,평안모텔,서울 용산구 원효로41길 474,숙박,91,202502,126.959936003993390,37.535549597930710,11,11170,용산구,숙박,[지역] 서울특별시 [장소] 평안모텔 [카테고리] 숙박
서울특별시,신반포상가,서울 서초구 신반포로15길 290,관광지,91,202502,126.994704526432000,37.505386631734200,11,11650,서초구,쇼핑,[지역] 서울특별시 [장소] 신반포상가 [카테고리] 관광지
서울특별시,화양시장,서울 광진구,관광지,91,202502,127.069197421750000,37.543577123510400,11,11215,광진구,쇼핑,[지역] 서울특별시 [장소] 화양시장 [카테고리] 관광지
서울특별시,성내유수지축구장,서울 송파구,관광지,91,202502,127.120081878822090,37.526801602874650,11,11710,송파구,문화관광,[지역] 서울특별시 [장소] 성내유수지축구장 [카테고리] 관광지
서울특별시,갤러리바톤,서울 용산구 독서당로 1160,관광지,92,202502,127.012202642834000,37.536438705768400,11,11170,용산구,문화관광,[지역] 서울특별시 [장소] 갤러리바톤 [카테고리] 관광지
서울특별시,호텔코코,서울 영등포구 영신로38길 220,숙박,92,202502,126.903506990093040,37.520634521352420,11,11560,영등포구,숙박,[지역] 서울특별시 [장소] 호텔코코 [카테고리] 숙박
서울특별시,구암공원,서울 강서구,관광지,92,202502,126.852977412082280,37.567712470054960,11,11500,강서구,문화관광,[지역] 서울특별시 [장소] 구암공원 [카테고리] 관광지
서울특별시,현대백화점면세점무역센터점,서울 강남구 테헤란로 5170,관광지,92,202502,127.059726397033000,37.508747756803400,11,11680,강남구,쇼핑,[지역] 서울특별시 [장소] 현대백화점면세점무역센터점 [카테고리] 관광지
서울특별시,솔라리아니시테츠호텔서울명동,서울 중구 명동8길 270,숙박,92,202502,126.985142392184400,37.562501535499905,11,11140,중구,숙박,[지역] 서울특별시 [장소] 솔라리아니시테츠호텔서울명동 [카테고리] 숙박
서울특별시,아르코예술극장,서울 종로구 대학로8길 70,관광지,92,202502,127.002980817157020,37.581183473925314,11,11110,종로구,문화관광,[지역] 서울특별시 [장소] 아르코예술극장 [카테고리] 관광지
서울특별시,호텔어반,서울 송파구 오금로11길 2318,숙박,92,202502,127.109888462515000,37.515913908234000,11,11710,송파구,숙박,[지역] 서울특별시 [장소] 호텔어반 [카테고리] 숙박
서울특별시,예술의전당리사이틀홀,서울 서초구 남부순환로 24060,관광지,92,202502,127.011703245265580,37.479167544145680,11,11650,서초구,문화관광,[지역] 서울특별시 [장소] 예술의전당리사이틀홀 [카테고리] 관광지
서울특별시,프리즘홀,서울 마포구 양화로12길 60,관광지,92,202502,126.917516612412000,37.551658585062400,11,11440,마포구,문화관광,[지역] 서울특별시 [장소] 프리즘홀 [카테고리] 관광지
서울특별시,영등포 파크골프장,서울 영등포구,관광지,93,202502,126.887741628554000,37.541215166846000,11,11560,영등포구,레저스포츠,[지역] 서울특별시 [장소] 영등포 파크골프장 [카테고리] 관광지
서울특별시,홍원사,서울 강서구 양천로49길 5612,관광지,93,202502,126.840634483053000,37.572183519374800,11,11500,강서구,역사관광,[지역] 서울특별시 [장소] 홍원사 [카테고리] 관광지
서울특별시,Y호텔,서울 마포구 서강로20길 240,숙박,93,202502,126.936320450475000,37.553380723317000,11,11440,마포구,숙박,[지역] 서울특별시 [장소] Y호텔 [카테고리] 숙박
서울특별시,트레블로지명동남산호텔공사중2024년04월15일오픈예정,서울 중구 수표로 160,숙박,93,202502,126.990625241145000,37.562557597819100,11,11140,중구,숙박,[지역] 서울특별시 [장소] 트레블로지명동남산호텔공사중2024년04월15일오픈예정 [카테고리] 숙박
서울특별시,이음갤러리,서울 용산구 이태원로 2170,관광지,93,202502,126.997867564977640,37.535234472717875,11,11170,용산구,문화관광,[지역] 서울특별시 [장소] 이음갤러리 [카테고리] 관광지
서울특별시,아이스윙,서울 서초구 서초중앙로8길 120,관광지,93,202502,127.016231986796410,37.486545047556090,11,11650,서초구,레저스포츠,[지역] 서울특별시 [장소] 아이스윙 [카테고리] 관광지
서울특별시,헬로방방송파방이점,서울 송파구 오금로 2350,관광지,93,202502,127.119943199639000,37.506831687189100,11,11710,송파구,문화관광,[지역] 서울특별시 [장소] 헬로방방송파방이점 [카테고리] 관광지
서울특별시,일지아트홀,서울 강남구 선릉로 8060,관광지,93,202502,127.039644729583000,37.523912546113700,11,11680,강남구,문화관광,[지역] 서울특별시 [장소] 일지아트홀 [카테고리] 관광지
서울특별시,동대문관광호텔,서울 종로구 종로 2860,숙박,93,202502,127.010341363426060,37.570879155955645,11,11110,종로구,숙박,[지역] 서울특별시 [장소] 동대문관광호텔 [카테고리] 숙박
서울특별시,용산공원,서울 용산구 서빙고로 2210,관광지,94,202502,126.982851004793700,37.528255146829720,11,11170,용산구,문화관광,[지역] 서울특별시 [장소] 용산공원 [카테고리] 관광지
서울특별시,호텔인피니,서울 송파구 백제고분로 2680,숙박,94,202502,127.096086160159000,37.502166716768100,11,11710,송파구,숙박,[지역] 서울특별시 [장소] 호텔인피니 [카테고리] 숙박
서울특별시,안중근의사동상,서울 용산구,관광지,94,202502,126.981045883204670,37.553699007463390,11,11170,용산구,기타관광,[지역] 서울특별시 [장소] 안중근의사동상 [카테고리] 관광지
서울특별시,영등포청소년문화의집,서울 영등포구 영등포로64길 150,관광지,94,202502,126.917017025056000,37.513524103420700,11,11560,영등포구,레저스포츠,[지역] 서울특별시 [장소] 영등포청소년문화의집 [카테고리] 관광지
서울특별시,광림아트센터BBCH홀,서울 강남구 논현로163길 330,관광지,94,202502,127.025618219017660,37.523940233725220,11,11680,강남구,문화관광,[지역] 서울특별시 [장소] 광림아트센터BBCH홀 [카테고리] 관광지
서울특별시,운현궁,서울 종로구 삼일대로 4640,관광지,94,202502,126.987065639985570,37.576072855453270,11,11110,종로구,역사관광,[지역] 서울특별시 [장소] 운현궁 [카테고리] 관광지
서울특별시,전기박물관,서울 서초구 효령로72길 600,관광지,94,202502,127.028534993068000,37.485889093667200,11,11650,서초구,문화관광,[지역] 서울특별시 [장소] 전기박물관 [카테고리] 관광지
서울특별시,뜸부기공원,서울 강서구,관광지,94,202502,126.856911190291000,37.530132928045700,11,11500,강서구,문화관광,[지역] 서울특별시 [장소] 뜸부기공원 [카테고리] 관광지
서울특별시,카누호텔,서울 노원구 동일로243길 170,숙박,94,202502,127.054086345437000,37.678283665751600,11,11350,노원구,숙박,[지역] 서울특별시 [장소] 카누호텔 [카테고리] 숙박
서울특별시,더숲,서울 노원구 노해로 4800,관광지,94,202502,127.061419254743000,37.654147617307300,11,11350,노원구,문화관광,[지역] 서울특별시 [장소] 더숲 [카테고리] 관광지
서울특별시,제일라아트홀,서울 마포구 월드컵북로 3230,관광지,94,202502,126.895546151749000,37.575100182960200,11,11440,마포구,문화관광,[지역] 서울특별시 [장소] 제일라아트홀 [카테고리] 관광지
서울특별시,조선일보미술관,서울 중구 세종대로21길 330,관광지,94,202502,126.975230183708450,37.567944398536824,11,11140,중구,문화관광,[지역] 서울특별시 [장소] 조선일보미술관 [카테고리] 관광지
서울특별시,여의도물빛무대,서울 영등포구,관광지,95,202502,126.928099176027600,37.532244228671360,11,11560,영등포구,문화관광,[지역] 서울특별시 [장소] 여의도물빛무대 [카테고리] 관광지
서울특별시,오아시스아트홀,서울 강서구 양천로73길 800,관광지,95,202502,126.874003702340020,37.553670722073090,11,11500,강서구,문화관광,[지역] 서울특별시 [장소] 오아시스아트홀 [카테고리] 관광지
서울특별시,난지한강공원수변생태학습센터,서울 마포구 마포나루길 830,관광지,95,202502,126.869016148903600,37.572482455194645,11,11440,마포구,기타관광,[지역] 서울특별시 [장소] 난지한강공원수변생태학습센터 [카테고리] 관광지
서울특별시,오월호텔,서울 강남구 언주로85길 270,숙박,95,202502,127.041061496205000,37.500581917919000,11,11680,강남구,숙박,[지역] 서울특별시 [장소] 오월호텔 [카테고리] 숙박
서울특별시,청권사,서울 서초구 효령로 1350,관광지,95,202502,126.999037695119000,37.482000472132200,11,11650,서초구,역사관광,[지역] 서울특별시 [장소] 청권사 [카테고리] 관광지
서울특별시,노블스테이호텔,서울 송파구 올림픽로12길 48,숙박,95,202502,127.082453360176370,37.511290865145554,11,11710,송파구,숙박,[지역] 서울특별시 [장소] 노블스테이호텔 [카테고리] 숙박
서울특별시,인왕산국사당,서울 종로구 통일로18가길 200,관광지,95,202502,126.959489256611280,37.578869912047750,11,11110,종로구,역사관광,[지역] 서울특별시 [장소] 인왕산국사당 [카테고리] 관광지
서울특별시,안중근의사기념관,서울 중구 소월로 910,관광지,95,202502,126.980381098608630,37.553484082343715,11,11140,중구,문화관광,[지역] 서울특별시 [장소] 안중근의사기념관 [카테고리] 관광지
서울특별시,현대백화점면세점동대문점,서울 중구 장충단로 2750,관광지,96,202502,127.008730418381000,37.568796053572600,11,11140,중구,쇼핑,[지역] 서울특별시 [장소] 현대백화점면세점동대문점 [카테고리] 관광지
서울특별시,TCC아트센터,서울 영등포구 국회대로 5390,관광지,96,202502,126.894852211518000,37.529244372561400,11,11560,영등포구,문화관광,[지역] 서울특별시 [장소] TCC아트센터 [카테고리] 관광지
서울특별시,노리디지털키즈카페중계점,서울 노원구 동일로204가길 120,관광지,96,202502,127.068696515641000,37.639871537629900,11,11350,노원구,문화관광,[지역] 서울특별시 [장소] 노리디지털키즈카페중계점 [카테고리] 관광지
서울특별시,중계근린공원,서울 노원구,관광지,96,202502,127.065780112882000,37.639871519327800,11,11350,노원구,문화관광,[지역] 서울특별시 [장소] 중계근린공원 [카테고리] 관광지
서울특별시,아마레,서울 강남구 논현로 3280,숙박,96,202502,127.040218422724140,37.494670448279890,11,11680,강남구,숙박,[지역] 서울특별시 [장소] 아마레 [카테고리] 숙박
서울특별시,아이스맥스,서울 노원구 월계로 3720,관광지,96,202502,127.060564413796950,37.630603640521855,11,11350,노원구,레저스포츠,[지역] 서울특별시 [장소] 아이스맥스 [카테고리] 관광지
서울특별시,청파어린이공원,서울 용산구,관광지,96,202502,126.968317555292000,37.553519792872000,11,11170,용산구,문화관광,[지역] 서울특별시 [장소] 청파어린이공원 [카테고리] 관광지
서울특별시,인사센트럴뮤지엄,서울 종로구 인사동길 490,관광지,96,202502,126.983537147326270,37.574511919227790,11,11110,종로구,문화관광,[지역] 서울특별시 [장소] 인사센트럴뮤지엄 [카테고리] 관광지
서울특별시,박여숙화랑,서울 용산구 소월로38길 3034,관광지,96,202502,126.990287882528000,37.544104350601500,11,11170,용산구,문화관광,[지역] 서울특별시 [장소] 박여숙화랑 [카테고리] 관광지
서울특별시,더클라임연남점,서울 마포구 양화로 1860,관광지,96,202502,126.925876909039000,37.557685716832000,11,11440,마포구,레저스포츠,[지역] 서울특별시 [장소] 더클라임연남점 [카테고리] 관광지
서울특별시,대한민국학술원,서울 서초구 반포대로37길 590,관광지,96,202502,127.002453921172000,37.495610031626800,11,11650,서초구,문화관광,[지역] 서울특별시 [장소] 대한민국학술원 [카테고리] 관광지
서울특별시,거여공원,서울 송파구,관광지,96,202502,127.141719109247300,37.496916302434960,11,11710,송파구,문화관광,[지역] 서울특별시 [장소] 거여공원 [카테고리] 관광지
서울특별시,스타호텔,서울 강서구 우장산로 1280,숙박,96,202502,126.850078256531000,37.552991353209300,11,11500,강서구,숙박,[지역] 서울특별시 [장소] 스타호텔 [카테고리] 숙박
서울특별시,와룡공원,서울 종로구,관광지,97,202502,126.990620731724360,37.590626749256400,11,11110,종로구,문화관광,[지역] 서울특별시 [장소] 와룡공원 [카테고리] 관광지
서울특별시,관현사,서울 서초구 청계산로 33238,관광지,97,202502,127.059366029847000,37.435839509384700,11,11650,서초구,역사관광,[지역] 서울특별시 [장소] 관현사 [카테고리] 관광지
서울특별시,능인심인당,서울 영등포구 영신로8길 60,관광지,97,202502,126.909656584743000,37.512968567190900,11,11560,영등포구,역사관광,[지역] 서울특별시 [장소] 능인심인당 [카테고리] 관광지
서울특별시,서소문성지역사박물관,서울 중구 칠패로 50,관광지,97,202502,126.968845216489000,37.560602310268000,11,11140,중구,문화관광,[지역] 서울특별시 [장소] 서소문성지역사박물관 [카테고리] 관광지
서울특별시,잠실유수지공원,서울 송파구,관광지,97,202502,127.078502533612720,37.503165185352046,11,11710,송파구,문화관광,[지역] 서울특별시 [장소] 잠실유수지공원 [카테고리] 관광지
서울특별시,식물관PH,서울 강남구 광평로34길 240,관광지,97,202502,127.094329292532850,37.482622114457240,11,11680,강남구,문화관광,[지역] 서울특별시 [장소] 식물관PH [카테고리] 관광지
서울특별시,미타사,서울 강서구 개화동로13길 5633,관광지,97,202502,126.803193346824880,37.580710083462705,11,11500,강서구,역사관광,[지역] 서울특별시 [장소] 미타사 [카테고리] 관광지
서울특별시,CJ아지트광흥창,서울 마포구 창전로 140,관광지,97,202502,126.930340463748620,37.544237461680580,11,11440,마포구,문화관광,[지역] 서울특별시 [장소] CJ아지트광흥창 [카테고리] 관광지
서울특별시,도림유수지,서울 영등포구,관광지,98,202502,126.897546629013000,37.506663666865900,11,11560,영등포구,자연관광,[지역] 서울특별시 [장소] 도림유수지 [카테고리] 관광지
서울특별시,호텔스카이파크명동3호점,서울 중구 퇴계로 1390,숙박,98,202502,126.987285350668000,37.561314402526300,11,11140,중구,숙박,[지역] 서울특별시 [장소] 호텔스카이파크명동3호점 [카테고리] 숙박
서울특별시,학동공원,서울 강남구,관광지,98,202502,127.025451649261000,37.515552313347800,11,11680,강남구,문화관광,[지역] 서울특별시 [장소] 학동공원 [카테고리] 관광지
서울특별시,이랜드크루즈잠실선착장,서울 송파구 백제고분로 20,관광지,98,202502,127.081807636828540,37.518830062495320,11,11710,송파구,기타관광,[지역] 서울특별시 [장소] 이랜드크루즈잠실선착장 [카테고리] 관광지
서울특별시,더 에이스 테니스 아카데미,서울 강서구 마곡중앙4로 220,관광지,98,202502,126.829163430869000,37.558407266408000,11,11500,강서구,레저스포츠,[지역] 서울특별시 [장소] 더 에이스 테니스 아카데미 [카테고리] 관광지
서울특별시,아트하우스,서울 종로구 대학로10길 260,관광지,98,202502,127.003730744976000,37.581627871611100,11,11110,종로구,문화관광,[지역] 서울특별시 [장소] 아트하우스 [카테고리] 관광지
서울특별시,더리우,서울 서초구 반포대로20길 530,관광지,98,202502,127.012763779262290,37.488558636505150,11,11650,서초구,문화관광,[지역] 서울특별시 [장소] 더리우 [카테고리] 관광지
서울특별시,김세중미술관,서울 용산구 효창원로70길 350,관광지,98,202502,126.963873624360000,37.542021095352900,11,11170,용산구,문화관광,[지역] 서울특별시 [장소] 김세중미술관 [카테고리] 관광지
서울특별시,가온스테이지,서울 마포구 잔다리로 590,관광지,98,202502,126.917488823204000,37.553102862265000,11,11440,마포구,문화관광,[지역] 서울특별시 [장소] 가온스테이지 [카테고리] 관광지
서울특별시,아마레호텔,서울 종로구 수표로22길 70,숙박,99,202502,126.989759886025000,37.571434519786000,11,11110,종로구,숙박,[지역] 서울특별시 [장소] 아마레호텔 [카테고리] 숙박
서울특별시,송파구여성축구장,서울 송파구 올림픽로 4740,관광지,99,202502,127.118556944832110,37.524425743889964,11,11710,송파구,문화관광,[지역] 서울특별시 [장소] 송파구여성축구장 [카테고리] 관광지
서울특별시,평화시장,서울 중구 청계천로 2740,관광지,99,202502,127.007508300427570,37.569434860997850,11,11140,중구,쇼핑,[지역] 서울특별시 [장소] 평화시장 [카테고리] 관광지
서울특별시,흰물결아트센터예술극장,서울 서초구 반포대로 1440,관광지,99,202502,127.007470662295080,37.493081818791595,11,11650,서초구,문화관광,[지역] 서울특별시 [장소] 흰물결아트센터예술극장 [카테고리] 관광지
서울특별시,난지미술창작스튜디오,서울 마포구 하늘공원로 1081,관광지,99,202502,126.878881051284000,37.569073000892200,11,11440,마포구,문화관광,[지역] 서울특별시 [장소] 난지미술창작스튜디오 [카테고리] 관광지
서울특별시,신한아트홀,서울 강남구 역삼로 2510,관광지,99,202502,127.043366865208870,37.498359966736970,11,11680,강남구,문화관광,[지역] 서울특별시 [장소] 신한아트홀 [카테고리] 관광지
서울특별시,24게스트하우스서울역점,서울 용산구 후암로57길 410,숙박,99,202502,126.974094828722000,37.551658932590000,11,11170,용산구,숙박,[지역] 서울특별시 [장소] 24게스트하우스서울역점 [카테고리] 숙박
서울특별시,초안산체육공원풋살장,서울 노원구 마들로5가길 1130,관광지,99,202502,127.051336992797000,37.638121631313000,11,11350,노원구,레저스포츠,[지역] 서울특별시 [장소] 초안산체육공원풋살장 [카테고리] 관광지
서울특별시,KBS아트홀,서울 영등포구 여의공원로 130,관광지,99,202502,126.915905890657140,37.526383720735890,11,11560,영등포구,문화관광,[지역] 서울특별시 [장소] KBS아트홀 [카테고리] 관광지
서울특별시,VIP호텔,서울 영등포구 경인로114나길 60,숙박,99,202502,126.913461751939000,37.517579168394000,11,11560,영등포구,숙박,[지역] 서울특별시 [장소] VIP호텔 [카테고리] 숙박
서울특별시,쌈지어린이공원,서울 강서구,관광지,99,202502,126.815053475277000,37.571155705583900,11,11500,강서구,문화관광,[지역] 서울특별시 [장소] 쌈지어린이공원 [카테고리] 관광지
서울특별시,정암사,서울 노원구 덕릉로94길 1270,관광지,99,202502,127.084944825572000,37.661952417331300,11,11350,노원구,역사관광,[지역] 서울특별시 [장소] 정암사 [카테고리] 관광지
서울특별시,영천선원,서울 노원구 덕릉로129길 760,관광지,99,202502,127.081528328596000,37.675950775215200,11,11350,노원구,역사관광,[지역] 서울특별시 [장소] 영천선원 [카테고리] 관광지
